Date,Mean_Wind_Speed,Wind_Direction,Average_Humidity,Average_Temperature,Minimum_Temperature,MaximumTemperature,Structure_Length,Latitude,Longitude,BridgeAge,AverageDailyTraffic,TotalPrecipitation,Mean_TOW,Mean_PH,Mean_Cl-,Mean_Annual_Corrosion_Rate
1/1/2025,19.95064,213.6971,47.69358,15.09808,-19.32105,49.51721,1000,34.76984,-84.03099,25,3859,663.1113,80,9.27,80.66,358.39
1/2/2025,11.05233,213.6971,45.62146,8.552065,-12.46641,29.57054,1000,34.76984,-84.03099,25,3859,633.0217,41,3.97,3.59,40.49
1/3/2025,15.42951,73.1544,46.20515,15.44273,-18.06157,48.94703,1000,34.76984,-84.03099,25,4998,658.3365,26,0.7,81.62,100.15
1/4/2025,6.533381,253.121,33.85609,14.33683,-19.1182,47.79185,1000,34.76984,-84.03099,25,4998,466.5825,70,5.2,131.26,212.86
1/5/2025,5.802122,185.208,45.80666,12.60407,-18.93358,44.14172,1000,34.76984,-84.03099,25,1383,519.0128,86,6.12,52.82,344.12
1/6/2025,4.457085,11.12743,56.1324,11.48289,-19.25806,42.22385,1000,34.76984,-84.03099,25,1383,362.0637,15,3.65,113.34,102.41
1/7/2025,18.86799,30.40398,43.38799,14.285,-18.67546,47.24547,1000,34.76984,-84.03099,25,6970,614.9788,61,9.17,124.69,263.37
1/8/2025,8.127951,69.02924,44.18996,15.7779,-17.49305,49.04886,1000,34.76984,-84.03099,25,6970,146.2608,86,3.56,101.9,351.44
1/9/2025,15.37615,75.61855,60.85234,15.67176,-15.84683,47.19036,1000,34.76984,-84.03099,25,6970,366.6584,53,1.63,189.74,124.74
1/10/2025,6.767415,20.93119,40.64885,2.842241,-17.90324,23.58772,1000,34.76984,-84.03099,25,6120,425.1798,10,3.75,42.27,275.13
1/11/2025,5.215773,158.7087,53.87774,15.3757,-18.84118,49.59258,1000,34.76984,-84.03099,25,6120,605.459,64,4.62,89.47,271.05
1/12/2025,9.017881,90.65637,42.82553,11.8204,-13.02303,36.66382,1000,34.76984,-84.03099,25,2424,383.3947,71,3.29,53.93,162.28
1/13/2025,4.425223,86.97438,49.24336,14.32741,-19.75801,48.41284,1000,34.76984,-84.03099,25,2424,683.7919,1,6.33,26.16,170.05
1/14/2025,2.381291,184.7994,50.66506,16.90578,-14.99333,48.80489,1000,34.76984,-84.03099,25,3530,228.8219,70,3.83,29.7,486.85
1/15/2025,16.60163,94.60278,33.27788,15.55351,-16.02833,47.13535,1000,34.76984,-84.03099,25,3530,769.635,44,0.58,48.13,412.51
1/16/2025,17.77795,40.34489,50.53669,16.04413,-17.50009,49.58836,1000,34.76984,-84.03099,25,3530,344.1424,91,2.18,166.95,129.1
1/17/2025,6.739677,72.45647,70.89434,11.55195,-14.86604,37.96994,1000,34.76984,-84.03099,25,6323,793.9423,14,5.5,52.99,30.6
1/18/2025,9.162055,150.5986,62.55653,15.67721,-17.95338,49.30779,1000,34.76984,-84.03099,25,6323,663.6612,6,0.89,40.59,329.12
1/19/2025,1.163909,269.9388,44.81919,4.283713,-18.5615,27.12893,1000,34.76984,-84.03099,25,8234,715.5614,62,4.87,136.68,406.39
1/20/2025,2.553358,54.39297,60.35983,11.88094,-19.87857,43.64044,1000,34.76984,-84.03099,25,8234,397.9165,24,6.67,126.05,142.86
1/21/2025,17.52703,62.01061,64.24364,14.65477,-18.06231,47.37184,1000,34.76984,-84.03099,25,6381,368.8705,45,0.3,177.51,399.16
1/22/2025,0.4176903,119.6136,68.28017,9.895601,-18.90433,38.69553,1000,34.76984,-84.03099,25,6381,713.2383,22,1.76,184.29,215.2
1/23/2025,19.37222,206.5852,40.06761,10.9125,-13.36508,35.19009,1000,34.76984,-84.03099,25,3122,647.2164,27,0.38,40.31,417.67
1/24/2025,5.280348,291.4467,34.96231,14.53026,-18.335,47.39552,1000,34.76984,-84.03099,25,3122,564.8221,1,6.75,98.36,44.69
1/25/2025,1.233151,328.6652,51.50052,7.881965,-16.18601,31.94994,1000,34.76984,-84.03099,25,3122,204.2901,25,8.92,48.87,365.05
1/26/2025,19.33458,216.2063,57.92908,14.96112,-19.64242,49.56466,1000,34.76984,-84.03099,25,6488,897.9562,79,8.96,171.99,248.15
1/27/2025,10.55173,39.19441,57.25402,10.62786,-18.75762,40.01334,1000,34.76984,-84.03099,25,6488,443.1468,24,7.27,144.15,274.96
1/28/2025,6.185388,353.4541,25.39588,10.646,-19.42002,40.71202,1000,34.76984,-84.03099,25,8858,773.1315,21,7.4,146.82,225.5
1/29/2025,3.735414,185.5453,59.74101,15.78338,-16.72011,48.28687,1000,34.76984,-84.03099,25,8858,681.0735,85,0.8,6.55,475.41
1/30/2025,7.796136,235.4687,57.66005,10.92189,-15.60478,37.44856,1000,34.76984,-84.03099,25,8858,157.891,0,4.39,87.72,270.8
1/31/2025,8.259982,283.7961,52.77799,3.020364,-19.09617,25.1369,1000,34.76984,-84.03099,25,8858,700.2379,11,8.23,83,256.14
2/1/2025,3.508618,125.3445,40.91092,10.34851,-18.83655,39.53357,1000,34.76984,-84.03099,25,8858,468.99,88,0.5,108.97,302.96
2/2/2025,5.811237,120.6769,37.43708,15.62124,-18.26563,49.50811,1000,34.76984,-84.03099,25,3455,664.9738,56,7.85,45.91,383.98
2/3/2025,14.54297,12.84576,60.72816,13.87773,-19.83978,47.59523,1000,34.76984,-84.03099,25,3455,636.3865,43,7.39,80.03,227.28
2/4/2025,15.95229,117.3683,54.62992,15.72679,-17.60704,49.06061,1000,34.76984,-84.03099,25,4315,797.2743,17,6.04,128.21,417.69
2/5/2025,17.40484,179.9336,55.13917,8.960043,-19.68442,37.6045,1000,34.76984,-84.03099,25,4315,420.2444,44,9.26,190.9,139.68
2/6/2025,12.18948,91.0108,57.11372,15.30427,-17.91292,48.52146,1000,34.76984,-84.03099,25,6126,696.1356,22,8.11,47.63,418.59
2/7/2025,12.98635,257.5296,31.29055,14.49499,-17.96196,46.95194,1000,34.76984,-84.03099,25,6126,676.1202,67,8.18,48.5,111.34
2/8/2025,0.7890439,327.0266,78.29924,16.84563,-15.71641,49.40767,1000,34.76984,-84.03099,25,6126,315.28,81,8.48,163.9,111.93
2/9/2025,17.50532,283.2246,50.95085,14.4189,-19.66593,48.50373,1000,34.76984,-84.03099,25,9167,896.3483,29,4.84,35.29,337.42
2/10/2025,17.40249,178.1355,43.78397,14.88136,-18.78633,48.54905,1000,34.76984,-84.03099,25,9167,225.7281,40,1.88,72.75,494.52
2/11/2025,0.5035543,13.87809,68.95209,18.91818,-11.99135,49.82771,1000,34.76984,-84.03099,25,5489,437.3355,99,7.31,19.84,407.62
2/12/2025,11.255,322.5502,43.95057,3.783905,-17.31268,24.88049,1000,34.76984,-84.03099,25,5489,313.5405,82,8.72,136.99,188.88
2/13/2025,4.052081,127.7653,65.71636,12.13964,-18.22595,42.50524,1000,34.76984,-84.03099,25,3473,434.7752,38,4.71,46.97,454.87
2/14/2025,15.13876,197.0702,43.95991,14.00051,-19.7897,47.79072,1000,34.76984,-84.03099,25,3473,579.3479,47,9.41,134.6,176.96
2/15/2025,4.118333,89.94185,47.75245,10.52551,-18.1013,39.15232,1000,34.76984,-84.03099,25,3473,662.056,28,6.43,72.59,93.86
2/16/2025,18.13606,262.5016,41.70562,9.584179,-12.38693,31.55529,1000,34.76984,-84.03099,25,9891,865.0956,24,4.07,173.34,13.07
2/17/2025,0.6995487,328.8129,66.31258,15.45547,-18.93934,49.85028,1000,34.76984,-84.03099,25,9891,861.6725,91,8.23,0.24,40.88
2/18/2025,0.1824522,147.0318,56.17878,3.410873,-18.61484,25.43659,1000,34.76984,-84.03099,25,2784,395.8653,28,7.1,131.74,464.3
2/19/2025,1.456907,137.9529,51.30252,6.375842,-18.05904,30.81073,1000,34.76984,-84.03099,25,2784,425.7786,10,5.63,66.58,440.61
2/20/2025,15.91038,278.8821,47.56694,13.12044,-18.31435,44.55523,1000,34.76984,-84.03099,25,7278,631.0322,75,8.56,93.38,468.76
2/21/2025,11.6654,225.2864,34.59456,6.321735,-18.95628,31.59975,1000,34.76984,-84.03099,25,7278,762.6199,26,8.82,84.55,441.76
2/22/2025,17.01918,287.1546,16.853,15.40281,-18.66734,49.47297,1000,34.76984,-84.03099,25,7278,157.0732,100,4.82,135.82,443.79
2/23/2025,16.61606,281.6343,71.66016,10.96005,-16.53088,38.45098,1000,34.76984,-84.03099,25,3727,556.1677,95,8.84,186.28,472.27
2/24/2025,17.33418,197.2832,62.31784,10.07031,-16.1181,36.25873,1000,34.76984,-84.03099,25,3727,292.6968,63,9.9,98.08,376.33
2/25/2025,5.502209,213.2231,36.06746,16.94912,-14.74094,48.63917,1000,34.76984,-84.03099,25,2416,689.715,45,9.85,77.65,442.46
2/26/2025,19.66347,265.4667,46.16504,3.713907,-19.44537,26.87318,1000,34.76984,-84.03099,25,2416,510.7092,87,9.77,35.65,286.02
2/27/2025,0.7501101,96.13168,40.66653,10.58064,-18.6339,39.79517,1000,34.76984,-84.03099,25,3696,461.4156,4,6.98,110.73,217.21
2/28/2025,1.822371,49.41925,63.22636,17.26116,-12.41572,46.93805,1000,34.76984,-84.03099,25,3696,123.8921,45,7.19,176.97,90.58
3/1/2025,3.309891,113.8202,50.10549,14.01888,-16.32706,44.36481,1000,34.76984,-84.03099,25,3696,760.9043,57,5.61,55.04,459.42
3/2/2025,14.58002,265.5773,65.27964,10.16783,-19.84544,40.18111,1000,34.76984,-84.03099,25,2830,435.0634,18,5.12,145.49,349.84
3/3/2025,4.116383,143.1281,37.31738,15.42764,-17.6711,48.52638,1000,34.76984,-84.03099,25,2830,471.6906,60,1.44,153.75,464.76
3/4/2025,4.472868,249.9201,56.50206,15.17781,-16.72667,47.08229,1000,34.76984,-84.03099,25,3003,410.6465,21,9.24,107.74,299.85
3/5/2025,7.44131,124.9063,45.9228,6.370559,-18.16196,30.90307,1000,34.76984,-84.03099,25,3003,484.1843,92,8.18,11.71,242.43
3/6/2025,6.389007,159.8682,49.0439,13.3747,-18.02707,44.77646,1000,34.76984,-84.03099,25,9012,587.0005,20,2.63,193.02,359.32
3/7/2025,15.37035,236.9761,45.61302,11.50107,-15.3836,38.38574,1000,34.76984,-84.03099,25,9012,540.702,86,1.2,49.38,36.77
3/8/2025,10.18216,193.7635,30.2486,12.76747,-17.16855,42.70348,1000,34.76984,-84.03099,25,9012,564.3115,34,0.1,75.85,476.04
3/9/2025,4.529018,78.85123,29.55497,11.33596,-17.78813,40.46006,1000,34.76984,-84.03099,25,1794,448.3319,55,1.29,78.54,391.96
3/10/2025,8.048352,14.50122,42.8636,13.68896,-19.60731,46.98524,1000,34.76984,-84.03099,25,1794,596.7391,89,5.71,34.12,452.87
3/11/2025,8.394722,158.4455,43.43794,12.54055,-15.79869,40.87979,1000,34.76984,-84.03099,25,6077,498.7061,7,5.88,168.41,160.43
3/12/2025,19.31357,241.074,47.71468,11.18116,-19.74505,42.10737,1000,34.76984,-84.03099,25,6077,653.3929,77,0.51,147.52,387.65
3/13/2025,17.0505,138.7114,52.36353,7.691953,-14.2399,29.62381,1000,34.76984,-84.03099,25,2137,564.5643,19,6.89,32.73,31.36
3/14/2025,2.925503,334.3032,60.49462,14.77642,-18.96173,48.51458,1000,34.76984,-84.03099,25,2137,367.6223,100,8.29,148.71,160.75
3/15/2025,1.285551,181.6684,50.17379,10.68402,-15.00543,36.37347,1000,34.76984,-84.03099,25,9445,508.7306,78,6.73,17.54,493.22
3/16/2025,6.816486,236.3128,66.5942,10.9467,-9.525925,31.41933,1000,34.76984,-84.03099,25,9445,222.559,34,7.38,97.43,70.27
3/17/2025,8.941351,234.2384,47.82072,14.68937,-17.30745,46.68619,1000,34.76984,-84.03099,25,9445,334.2441,55,2.57,95.29,122.59
3/18/2025,12.13662,302.4113,36.61612,14.35584,-18.08751,46.79919,1000,34.76984,-84.03099,25,4519,256.3153,12,3.86,173.71,90.78
3/19/2025,13.03185,20.12541,39.5687,15.17416,-18.04428,48.3926,1000,34.76984,-84.03099,25,4519,537.8455,21,3.89,173.85,390.13
3/20/2025,1.329954,146.3947,50.67816,17.19723,-13.92777,48.32223,1000,34.76984,-84.03099,25,3566,746.278,37,4.61,44.78,83.11
3/21/2025,12.89253,11.52346,45.27467,13.92743,-12.67716,40.53202,1000,34.76984,-84.03099,25,3566,431.3741,88,5.01,61.04,366.78
3/22/2025,11.44514,16.37383,39.42009,11.07414,-18.58294,40.73122,1000,34.76984,-84.03099,25,2147,840.6129,93,6.52,11.12,407.35
3/23/2025,16.5179,322.3587,45.02924,15.2866,-15.46752,46.04073,1000,34.76984,-84.03099,25,2147,539.2311,100,1.98,55.62,451.78
3/24/2025,5.291992,48.07214,53.73514,12.88191,-19.67183,45.43565,1000,34.76984,-84.03099,25,2147,504.7055,56,7.93,158.28,208.06
3/25/2025,3.847401,95.14463,38.06166,15.33662,-12.79414,43.46738,1000,34.76984,-84.03099,25,3275,472.7815,12,9.59,123.53,210.69
3/26/2025,5.242511,152.0459,36.87315,17.31033,-13.74273,48.36338,1000,34.76984,-84.03099,25,3275,255.559,43,5.44,18.21,7.43
3/27/2025,19.44945,122.0173,46.94748,11.32862,-19.4551,42.11234,1000,34.76984,-84.03099,25,1551,144.7578,42,1.4,86.85,142.46
3/28/2025,6.457768,232.3984,60.16462,13.68546,-18.08675,45.45767,1000,34.76984,-84.03099,25,1551,416.1825,21,5.79,1.17,87.68
3/29/2025,19.18715,160.3016,54.39371,13.73044,-17.54282,45.00371,1000,34.76984,-84.03099,25,5780,603.9358,31,5.22,19.36,433.96
3/30/2025,10.55728,214.2716,48.46433,12.9164,-17.97889,43.81169,1000,34.76984,-84.03099,25,5780,36.0871,5,4.53,141.62,486.23
3/31/2025,8.129934,225.2177,42.16978,14.0142,-19.99119,48.01959,1000,34.76984,-84.03099,25,5780,265.7083,41,5.8,5.62,113.28
4/1/2025,8.725101,201.0351,34.42668,13.34414,-18.49885,45.18713,1000,34.76984,-84.03099,25,7101,558.6218,29,2.42,9.46,303.01
4/2/2025,7.502862,310.9268,35.76315,13.18787,-17.59626,43.97201,1000,34.76984,-84.03099,25,7101,734.3524,61,3.79,166.33,114.15
4/3/2025,19.53041,167.1407,31.55035,16.61535,-15.55948,48.79019,1000,34.76984,-84.03099,25,9660,325.6008,42,5.55,16.48,491.61
4/4/2025,17.40427,134.1205,40.90574,12.33896,-12.46292,37.14085,1000,34.76984,-84.03099,25,9660,401.1628,34,0.03,109.45,389.74
4/5/2025,5.082463,6.779079,55.4033,16.23546,-17.28971,49.76062,1000,34.76984,-84.03099,25,3766,670.8085,12,1.39,192.89,119.69
4/6/2025,10.86808,115.3328,52.33544,10.80136,-10.20071,31.80342,1000,34.76984,-84.03099,25,3766,739.3178,91,9.48,12.93,40.83
4/7/2025,1.164274,16.54284,69.45258,13.76761,-19.79498,47.3302,1000,34.76984,-84.03099,25,3766,431.1442,79,3.15,12.52,138.08
4/8/2025,0.943296,332.9229,64.21724,13.7121,-19.46934,46.89354,1000,34.76984,-84.03099,25,8686,113.0641,68,6.35,133.49,407.99
4/9/2025,17.18764,304.2359,51.54141,14.73597,-19.87591,49.34785,1000,34.76984,-84.03099,25,8686,452.8069,98,1.99,169.55,461.81
4/10/2025,13.53904,358.0671,59.26448,14.47032,-19.58001,48.52064,1000,34.76984,-84.03099,25,2199,606.5539,31,9.28,161.73,243.93
4/11/2025,19.29387,264.6136,51.95876,11.02977,-18.88678,40.94632,1000,34.76984,-84.03099,25,2199,817.955,15,0.72,41.32,84.01
4/12/2025,8.361644,132.3048,63.67648,1.655911,-19.34997,22.66179,1000,34.76984,-84.03099,25,3891,691.2045,37,1.32,191.75,322.15
4/13/2025,12.7878,109.9261,28.40709,16.27868,-13.63935,46.19671,1000,34.76984,-84.03099,25,3891,681.2358,15,6.75,10.72,394.88
4/14/2025,14.29477,340.1214,46.9109,12.58635,-18.55753,43.73022,1000,34.76984,-84.03099,25,3891,677.4252,26,6.63,111.42,166.56
4/15/2025,13.87164,109.7296,24.67956,9.457877,-19.0428,37.95855,1000,34.76984,-84.03099,25,2571,656.5344,17,2.41,23.53,379.75
4/16/2025,1.996462,172.5858,57.79355,14.61525,-16.83983,46.07032,1000,34.76984,-84.03099,25,2571,265.6691,78,1.41,99.44,223.75
4/17/2025,5.466603,80.95155,57.2299,16.3858,-11.99711,44.76871,1000,34.76984,-84.03099,25,6389,618.5799,93,4.64,98.89,447.77
4/18/2025,19.00356,172.2919,55.22612,15.06871,-19.54039,49.6778,1000,34.76984,-84.03099,25,6389,291.3128,63,0.43,93.1,414.89
4/19/2025,7.877847,64.81702,77.79777,14.02872,-19.50817,47.56561,1000,34.76984,-84.03099,25,8223,622.3705,30,9.24,117.33,334.26
4/20/2025,4.97545,211.9347,57.96358,5.914477,-19.9159,31.74486,1000,34.76984,-84.03099,25,8223,489.7439,94,9.27,144.97,328
4/21/2025,7.616297,133.6157,46.5063,14.36946,-18.8559,47.59481,1000,34.76984,-84.03099,25,8223,600.9301,12,0.8,91.37,88.31
4/22/2025,2.706358,240.102,52.05187,9.894286,-19.6619,39.45047,1000,34.76984,-84.03099,25,6823,623.2789,26,2.53,165.68,435.6
4/23/2025,11.21972,357.138,41.77728,9.301044,-18.40039,37.00248,1000,34.76984,-84.03099,25,6823,307.5665,40,0.32,96.26,431.91
4/24/2025,16.37653,110.6814,58.91628,12.50906,-19.93895,44.95707,1000,34.76984,-84.03099,25,9865,404.349,94,7.11,123.67,45.28
4/25/2025,1.420507,62.89025,57.77823,3.255376,-16.67258,23.18334,1000,34.76984,-84.03099,25,9865,343.7269,43,9.33,4.57,485.82
4/26/2025,17.52654,348.4266,59.73912,10.31515,-18.58902,39.21933,1000,34.76984,-84.03099,25,4892,236.4651,43,3.49,117.61,421.32
4/27/2025,15.18729,288.8535,56.2612,15.46158,-14.66181,45.58496,1000,34.76984,-84.03099,25,4892,857.6716,64,1.61,153.45,490.82
4/28/2025,3.327818,172.9812,27.14427,6.904838,-15.72791,29.53759,1000,34.76984,-84.03099,25,8380,37.22161,82,1.85,192.16,362.06
4/29/2025,8.692822,306.513,29.0319,13.3488,-13.67895,40.37655,1000,34.76984,-84.03099,25,8380,630.0735,51,2.31,82.39,290.2
4/30/2025,12.12915,220.4519,36.13715,9.200121,-14.4468,32.84704,1000,34.76984,-84.03099,25,8380,410.9122,31,8.38,171.56,104.6
5/1/2025,19.63859,116.9378,59.11421,10.52323,-18.05981,39.10627,1000,34.76984,-84.03099,25,5695,600.2469,22,8.27,81.06,303.73
5/2/2025,13.22297,334.2077,38.12376,12.82083,-19.64974,45.2914,1000,34.76984,-84.03099,25,5695,150.1829,61,3.94,157.57,74.61
5/3/2025,12.50122,216.787,27.47302,13.78025,-16.88502,44.44551,1000,34.76984,-84.03099,25,1703,284.9134,27,2.63,52.61,361.97
5/4/2025,19.88964,202.7628,59.39897,13.79238,-18.75621,46.34097,1000,34.76984,-84.03099,25,1703,279.2309,5,4.97,14.95,272.8
5/5/2025,13.79359,217.128,58.40718,15.94808,-15.90488,47.80104,1000,34.76984,-84.03099,25,4339,414.8821,62,1.93,94.84,298.67
5/6/2025,0.07184267,222.5212,66.74009,11.51927,-16.27527,39.31381,1000,34.76984,-84.03099,25,4339,509.15,4,2.98,3.85,378.35
5/7/2025,5.898205,92.6373,69.4556,11.99726,-18.22559,42.22011,1000,34.76984,-84.03099,25,4339,682.1973,31,4.75,66.81,24.92
5/8/2025,15.10836,351.7816,57.99293,13.68647,-19.70482,47.07776,1000,34.76984,-84.03099,25,8821,711.067,49,2.09,50.69,347.18
5/9/2025,9.839133,303.9391,50.36801,15.62521,-16.19065,47.44108,1000,34.76984,-84.03099,25,8821,17.59416,5,9.84,58.51,496.76
5/10/2025,0.09283543,304.8134,58.24498,16.34886,-16.975,49.67272,1000,34.76984,-84.03099,25,8422,795.1981,61,6.7,101.5,170.48
5/11/2025,18.2887,250.1458,65.78254,12.38126,-18.50745,43.26997,1000,34.76984,-84.03099,25,8422,439.406,26,3.03,33.31,111.02
5/12/2025,3.189511,85.31772,56.54992,14.00972,-19.54416,47.56359,1000,34.76984,-84.03099,25,5567,557.8584,43,3.19,104.61,288.82
5/13/2025,13.98856,74.94216,39.76357,11.71903,-15.50779,38.94586,1000,34.76984,-84.03099,25,5567,488.6133,10,1.51,170.97,17.8
5/14/2025,19.42494,150.3607,53.8179,15.70162,-18.29626,49.6995,1000,34.76984,-84.03099,25,5567,476.7691,28,6.86,35.52,159.58
5/15/2025,7.529727,211.426,44.59371,14.19771,-19.2313,47.62672,1000,34.76984,-84.03099,25,4380,461.249,98,9.66,192.28,324.53
5/16/2025,3.654017,15.40086,39.75488,12.63286,-19.59553,44.86125,1000,34.76984,-84.03099,25,4380,632.5344,5,9.98,152.69,263.93
5/17/2025,19.09937,299.2726,54.68046,13.0548,-17.79272,43.90232,1000,34.76984,-84.03099,25,5619,369.7057,74,1.62,136.97,295.9
5/18/2025,17.97697,1.789742,54.38787,13.20194,-15.55146,41.95533,1000,34.76984,-84.03099,25,5619,792.6353,19,2.35,129.78,417.28
5/19/2025,16.58476,251.9691,56.96309,14.03266,-19.93447,47.99979,1000,34.76984,-84.03099,25,8083,571.9262,73,7.12,58.62,488.58
5/20/2025,4.786167,216.9302,42.81607,12.03392,-15.64031,39.70814,1000,34.76984,-84.03099,25,8083,413.3414,47,7.5,83.9,274
5/21/2025,6.47426,222.7251,44.59885,15.11271,-17.26829,47.4937,1000,34.76984,-84.03099,25,8083,159.2806,81,7.98,52.32,429.58
5/22/2025,4.127357,89.74624,47.80246,-0.5918245,-19.14886,17.96521,1000,34.76984,-84.03099,25,5547,691.7944,72,8.71,138.59,491.72
5/23/2025,15.26845,131.3918,59.02945,5.620138,-19.2211,30.46137,1000,34.76984,-84.03099,25,5547,668.6882,20,1.72,78.1,498.26
5/24/2025,17.97228,285.1682,36.79582,12.89002,-19.47113,45.25117,1000,34.76984,-84.03099,25,7529,637.6278,58,2.74,153.01,347.47
5/25/2025,2.290688,150.7848,68.42245,11.29543,-17.9128,40.50366,1000,34.76984,-84.03099,25,7529,528.975,96,4.45,64.15,378.64
5/26/2025,12.85969,122.6622,45.03267,13.28616,-15.42861,42.00093,1000,34.76984,-84.03099,25,3375,715.7997,6,1.13,28.28,246.51
5/27/2025,7.267681,287.4694,60.90657,12.17828,-15.13671,39.49328,1000,34.76984,-84.03099,25,3375,389.0181,83,5.91,134.61,6.46
5/28/2025,19.03091,339.1649,51.82981,12.94196,-18.64146,44.52537,1000,34.76984,-84.03099,25,3375,171.8034,6,3.12,4.77,482.95
5/29/2025,9.282049,71.99508,47.9973,3.153661,-18.86979,25.17711,1000,34.76984,-84.03099,25,8884,437.041,55,2.45,54.77,283.44
5/30/2025,4.457021,237.8356,56.53741,14.29502,-15.5427,44.13275,1000,34.76984,-84.03099,25,8884,548.0079,44,7.91,69.68,351.66
5/31/2025,4.639804,113.5815,43.36963,12.1724,-11.90692,36.25172,1000,34.76984,-84.03099,25,6973,386.2472,65,8.32,174.48,418
6/1/2025,7.290998,271.0255,60.43542,15.23005,-16.25637,46.71648,1000,34.76984,-84.03099,25,6973,470.9586,73,3.14,134.24,142.45
6/2/2025,15.86486,81.36676,40.10009,13.36981,-17.96685,44.70646,1000,34.76984,-84.03099,25,8704,503.4945,94,8.06,189.97,22.31
6/3/2025,9.810577,295.6165,32.68421,6.726391,-19.85777,33.31055,1000,34.76984,-84.03099,25,8704,340.0142,79,4.5,149.63,74.04
6/4/2025,6.691395,48.00703,63.31819,14.83519,-16.31935,45.98974,1000,34.76984,-84.03099,25,8704,87.28296,55,9.98,191.63,77.36
6/5/2025,15.51898,178.4706,66.76998,14.71305,-18.42811,47.85422,1000,34.76984,-84.03099,25,7673,632.5657,84,0.98,19.29,255.92
6/6/2025,14.5137,21.69117,45.80729,15.79506,-13.20287,44.793,1000,34.76984,-84.03099,25,7673,145.9875,87,2.24,82.06,297.47
6/7/2025,10.73142,319.2201,60.00654,13.71867,-19.24693,46.68427,1000,34.76984,-84.03099,25,9310,548.1893,97,2.19,76.49,140.96
6/8/2025,18.58343,356.3413,26.27033,14.29224,-19.97622,48.5607,1000,34.76984,-84.03099,25,9310,430.3893,69,1.64,125.73,482.77
6/9/2025,8.821136,225.7887,57.92128,13.7633,-12.61051,40.13711,1000,34.76984,-84.03099,25,8256,555.1644,80,0.95,114.96,88.45
6/10/2025,18.1441,129.907,17.10934,12.27458,-17.00206,41.55121,1000,34.76984,-84.03099,25,8256,543.1341,44,1.11,151.69,438.38
6/11/2025,5.664526,24.91691,40.32499,11.16598,-15.89064,38.22259,1000,34.76984,-84.03099,25,8256,472.7224,33,3.08,52.56,404.45
6/12/2025,7.826594,354.3113,43.62511,8.84328,-19.03614,36.7227,1000,34.76984,-84.03099,25,1811,530.9098,52,0.53,136.93,283.99
6/13/2025,19.63965,114.0332,36.69159,16.37705,-16.8396,49.59369,1000,34.76984,-84.03099,25,1811,278.7804,94,7.25,143.43,294.5
6/14/2025,10.96702,43.77301,62.84741,12.17251,-19.79181,44.13683,1000,34.76984,-84.03099,25,3209,770.2473,96,9.41,51.73,152.25
6/15/2025,11.35486,16.47263,57.27457,14.93078,-10.99353,40.85509,1000,34.76984,-84.03099,25,3209,168.752,8,2.19,185.24,466.3
6/16/2025,0.9878159,152.0782,48.63876,8.162018,-16.0629,32.38694,1000,34.76984,-84.03099,25,1538,299.1938,59,1.2,110.35,463.97
6/17/2025,3.663909,36.44294,61.06664,12.56382,-16.07829,41.20594,1000,34.76984,-84.03099,25,1538,128.9706,9,6.38,66.59,23.48
6/18/2025,14.73485,239.5777,48.59946,13.05857,-18.83883,44.95598,1000,34.76984,-84.03099,25,2732,628.7617,87,0.52,139.14,451.85
6/19/2025,5.287036,168.5122,64.59404,15.10846,-19.58319,49.80012,1000,34.76984,-84.03099,25,2732,319.7201,7,1.81,160.58,37.47
6/20/2025,8.508605,57.34889,43.3534,12.95843,-19.18127,45.09813,1000,34.76984,-84.03099,25,2732,380.9763,3,1.61,18,151.08
6/21/2025,10.06541,188.1014,44.90495,13.26593,-18.0779,44.60976,1000,34.76984,-84.03099,25,6034,270.7081,52,6.12,174.71,106.04
6/22/2025,3.764992,177.9427,25.46165,5.128154,-16.69751,26.95381,1000,34.76984,-84.03099,25,6034,376.4474,82,3.99,160.32,397.56
6/23/2025,9.304818,82.34034,46.09493,11.35622,-19.05447,41.76692,1000,34.76984,-84.03099,25,5534,429.592,15,0.6,4.59,401.26
6/24/2025,17.81233,67.9252,44.19567,14.8714,-14.55666,44.29946,1000,34.76984,-84.03099,25,5534,445.1962,36,6.84,19.76,475.64
6/25/2025,0.9291649,9.317436,66.92625,12.08103,-19.30973,43.47178,1000,34.76984,-84.03099,25,9954,286.7384,31,5.95,154.51,430.35
6/26/2025,6.630057,62.42522,47.06066,16.57752,-15.26719,48.42223,1000,34.76984,-84.03099,25,9954,275.6117,94,3.2,164.21,199.22
6/27/2025,17.2064,320.3612,59.07034,18.2878,-11.944,48.51959,1000,34.76984,-84.03099,25,9954,548.3574,38,4.27,82.09,213.24
6/28/2025,11.98963,294.3123,56.60094,16.25806,-16.35774,48.87387,1000,34.76984,-84.03099,25,5301,135.9925,78,3.43,182.39,24.19
6/29/2025,8.784937,263.9394,47.63335,17.22412,-15.14454,49.59277,1000,34.76984,-84.03099,25,5301,416.0975,14,8.64,3.46,377.4
6/30/2025,3.383086,244.4658,52.22917,6.865103,-19.93031,33.66052,1000,34.76984,-84.03099,25,6694,641.4609,1,4.19,111.85,108.12
7/1/2025,5.588731,177.5065,33.52893,18.46001,-12.85637,49.77638,1000,34.76984,-84.03099,25,6694,517.1078,12,4.7,53.08,472.9
7/2/2025,8.412968,100.4145,45.1609,17.55684,-9.97191,45.08559,1000,34.76984,-84.03099,25,8883,326.4609,6,9.92,186.87,448.87
7/3/2025,5.001589,73.73006,58.47964,9.664928,-8.799015,28.12887,1000,34.76984,-84.03099,25,8883,812.0832,77,2.94,147.04,364.24
7/4/2025,19.00441,233.0451,39.73903,14.80009,-16.24726,45.84743,1000,34.76984,-84.03099,25,8883,559.5327,25,5.74,15.85,27.31
7/5/2025,19.07211,210.0413,53.35692,13.00801,-16.00214,42.01816,1000,34.76984,-84.03099,25,2572,529.1786,61,5.23,37.67,166.63
7/6/2025,9.928559,177.976,30.31116,18.40989,-12.41991,49.23968,1000,34.76984,-84.03099,25,2572,482.8971,4,2.36,145.34,238.4
7/7/2025,18.02114,303.3823,53.48713,12.27325,-16.7238,41.2703,1000,34.76984,-84.03099,25,5908,660.5517,44,0.59,55.26,341.7
7/8/2025,18.55087,281.4779,63.08947,14.91717,-18.81319,48.64754,1000,34.76984,-84.03099,25,5908,443.6944,40,1.6,16.54,430.95
7/9/2025,0.6183195,305.7233,68.91206,16.34012,-12.89733,45.57758,1000,34.76984,-84.03099,25,4380,293.8051,43,8.15,174.88,445.96
7/10/2025,1.533766,167.7522,47.37996,15.1933,-13.43733,43.82393,1000,34.76984,-84.03099,25,4380,246.1459,6,8.2,37,245.75
7/11/2025,0.2870464,315.1896,56.26442,5.86527,-19.31081,31.04135,1000,34.76984,-84.03099,25,4380,710.77,85,3.42,183.99,85.05
7/12/2025,6.214181,43.16464,40.12664,16.25817,-15.84508,48.36142,1000,34.76984,-84.03099,25,3912,462.4041,11,0.19,146.91,56.14
7/13/2025,0.5243516,209.2604,39.40422,8.19765,-19.90819,36.30349,1000,34.76984,-84.03099,25,3912,589.439,74,1.15,102.13,42.76
7/14/2025,11.32942,123.2989,57.24359,14.02403,-16.91226,44.96032,1000,34.76984,-84.03099,25,7169,661.9858,16,4.17,195.33,423.02
7/15/2025,4.611189,56.97484,69.67032,12.59881,-19.6422,44.83981,1000,34.76984,-84.03099,25,7169,205.671,6,5.83,150.65,154.36
7/16/2025,7.623624,255.9145,55.06104,10.13275,-19.10826,39.37376,1000,34.76984,-84.03099,25,8205,425.6512,0,9.13,13.76,45.81
7/17/2025,14.65995,262.4961,46.35255,14.65416,-19.56425,48.87256,1000,34.76984,-84.03099,25,8205,454.7163,17,6.58,188.55,235.59
7/18/2025,19.66391,352.3689,30.75804,13.54169,-11.30137,38.38474,1000,34.76984,-84.03099,25,8205,354.2298,66,9.29,51.58,196.01
7/19/2025,3.930993,301.9593,74.97333,15.33622,-19.03446,49.7069,1000,34.76984,-84.03099,25,4097,629.9001,73,3.97,11.43,257.68
7/20/2025,9.436673,207.4718,41.45922,13.39976,-17.71523,44.51474,1000,34.76984,-84.03099,25,4097,560.6227,53,8.99,169.96,256.74
7/21/2025,10.16636,199.3788,27.75941,5.769363,-17.50202,29.04075,1000,34.76984,-84.03099,25,7891,373.5797,32,6.92,13.26,99.02
7/22/2025,4.574447,293.8512,37.55885,18.91247,-11.88247,49.7074,1000,34.76984,-84.03099,25,7891,426.9126,26,4.28,162.3,310.29
7/23/2025,2.755919,239.4458,47.53084,5.658191,-18.62242,29.9388,1000,34.76984,-84.03099,25,9499,339.8573,18,0.99,121.76,294.8
7/24/2025,5.535403,45.8232,34.71018,18.36542,-9.357842,46.08868,1000,34.76984,-84.03099,25,9499,431.8379,15,7.15,182.6,110.34
7/25/2025,9.146477,38.92563,54.82899,14.6159,-18.26821,47.5,1000,34.76984,-84.03099,25,9499,200.8614,72,3.71,93.17,342.98
7/26/2025,18.42004,338.1741,40.97894,15.38574,-15.73304,46.50452,1000,34.76984,-84.03099,25,8044,720.5322,28,5.35,63.51,217.7
7/27/2025,13.73921,124.1196,46.17577,14.56887,-18.48199,47.61974,1000,34.76984,-84.03099,25,8044,596.5293,47,4.83,29.64,396.96
7/28/2025,7.670726,161.114,30.69927,13.44746,-19.18806,46.08297,1000,34.76984,-84.03099,25,9122,240.3859,18,1.3,133.79,54.21
7/29/2025,9.462911,243.0956,44.4962,16.47328,-11.27109,44.21765,1000,34.76984,-84.03099,25,9122,806.8429,70,9.15,183.11,339.19
7/30/2025,10.1518,229.6342,60.1022,9.617472,-19.1497,38.38464,1000,34.76984,-84.03099,25,3482,584.1973,7,4.49,116.07,168.07
7/31/2025,13.50263,89.17058,45.73474,15.62519,-10.26367,41.51405,1000,34.76984,-84.03099,25,3482,705.0717,6,3.32,188.92,266.73
8/1/2025,0.6998825,359.1772,63.57443,13.38025,-19.47329,46.2338,1000,34.76984,-84.03099,25,3482,253.036,50,9.43,40.07,415.3
8/2/2025,18.78222,221.3869,50.6514,19.23273,-10.7285,49.19395,1000,34.76984,-84.03099,25,3852,502.6458,89,9.43,188.24,308.19
8/3/2025,1.391983,249.0477,56.73267,16.60369,-15.33195,48.53932,1000,34.76984,-84.03099,25,3852,698.3724,4,3.47,62.07,235.37
8/4/2025,11.78654,85.63757,31.59482,14.43201,-17.93942,46.80344,1000,34.76984,-84.03099,25,5496,799.5861,6,5.43,12.72,448.32
8/5/2025,0.5330729,296.5608,54.29359,14.09471,-15.69793,43.88735,1000,34.76984,-84.03099,25,5496,630.1653,36,1.79,143.87,190.19
8/6/2025,0.08919239,196.7668,53.3607,16.28463,-13.63505,46.2043,1000,34.76984,-84.03099,25,4383,274.0323,65,7.46,170.18,177.93
8/7/2025,0.06893158,143.3636,38.02771,3.483833,-19.56235,26.53002,1000,34.76984,-84.03099,25,4383,765.6927,52,0.69,112.28,294.04
8/8/2025,19.96111,20.25192,46.36195,14.46322,-13.83264,42.75908,1000,34.76984,-84.03099,25,4383,589.7518,47,3.53,51.43,432.2
8/9/2025,12.32783,317.4068,41.56257,7.282629,-17.75923,32.32449,1000,34.76984,-84.03099,25,8092,701.2817,82,7.21,156.78,455.34
8/10/2025,13.15728,295.3082,36.83092,13.85406,-15.78392,43.49204,1000,34.76984,-84.03099,25,8092,516.8987,62,0.59,143.77,259.68
8/11/2025,19.73825,90.86683,42.88039,0.2289705,-19.63482,20.09276,1000,34.76984,-84.03099,25,6765,702.3546,41,1.42,107.91,143.14
8/12/2025,14.04842,335.7463,51.25692,13.03299,-16.70856,42.77455,1000,34.76984,-84.03099,25,6765,372.9436,48,1.38,69.42,38.93
8/13/2025,8.961796,287.3385,51.09822,20.14033,-9.552079,49.83274,1000,34.76984,-84.03099,25,3940,732.5035,50,6.1,33.46,91.4
8/14/2025,6.995193,118.773,58.56469,12.06204,-19.46525,43.58933,1000,34.76984,-84.03099,25,3940,657.5203,12,1.25,95.99,295.53
8/15/2025,7.661575,145.3589,64.88443,13.40928,-19.76524,46.58381,1000,34.76984,-84.03099,25,2773,495.2726,74,9.62,0.84,240.42
8/16/2025,19.44342,61.11737,47.21411,12.72839,-10.51286,35.96963,1000,34.76984,-84.03099,25,2773,262.2634,59,6.12,138.76,144.62
8/17/2025,12.64069,290.2382,33.88307,17.90594,-10.04788,45.85976,1000,34.76984,-84.03099,25,2773,305.7957,70,8.04,68.52,466.06
8/18/2025,1.192074,83.14162,29.61788,16.33491,-17.08619,49.75602,1000,34.76984,-84.03099,25,9036,673.674,56,9.85,143.28,118.93
8/19/2025,10.21592,3.205991,42.70557,13.60759,-15.02598,42.24117,1000,34.76984,-84.03099,25,9036,421.8817,80,8.18,67.14,467.07
8/20/2025,3.379464,177.3843,59.36404,14.96951,-19.23366,49.17267,1000,34.76984,-84.03099,25,1637,588.1078,14,1.84,190.31,455.09
8/21/2025,6.395039,139.5077,60.22381,16.97414,-14.12044,48.06873,1000,34.76984,-84.03099,25,1637,340.8849,86,8.4,93.93,371.02
8/22/2025,15.96414,287.5243,43.1412,11.94359,-18.58589,42.47306,1000,34.76984,-84.03099,25,5072,153.1235,23,0.49,181.42,5.33
8/23/2025,3.145874,316.7906,67.16747,10.86726,-19.91421,41.64873,1000,34.76984,-84.03099,25,5072,453.339,99,7.1,112.87,2.6
8/24/2025,2.369869,261.2151,51.69995,8.494306,-19.55099,36.5396,1000,34.76984,-84.03099,25,5072,229.7382,44,1.35,64.57,95.74
8/25/2025,11.18771,66.84644,33.59866,11.81163,-19.0127,42.63595,1000,34.76984,-84.03099,25,1563,561.9325,30,3.92,65.93,113.81
8/26/2025,6.830007,329.2832,58.1562,13.88309,-15.51975,43.28592,1000,34.76984,-84.03099,25,1563,476.6187,64,7.48,12.53,215.87
8/27/2025,9.538752,99.15442,59.93206,12.72628,-17.95076,43.40332,1000,34.76984,-84.03099,25,1076,772.5422,65,2.14,51.17,276.39
8/28/2025,9.92334,72.19945,56.41412,12.42202,-19.42353,44.26757,1000,34.76984,-84.03099,25,1076,542.155,21,1.88,129.67,35.23
8/29/2025,8.311481,332.9516,50.11914,12.74519,-19.81181,45.30219,1000,34.76984,-84.03099,25,5080,727.8251,59,1.52,22.46,477.88
8/30/2025,0.6087279,8.398747,40.44923,14.44363,-14.40007,43.28734,1000,34.76984,-84.03099,25,5080,501.5115,88,4.3,99.66,138.86
8/31/2025,17.9479,25.28031,42.89619,15.24988,-18.99656,49.49633,1000,34.76984,-84.03099,25,5080,277.1291,19,9.39,138.77,433.74
9/1/2025,2.09192,32.23771,67.52011,12.27032,-19.05561,43.59626,1000,34.76984,-84.03099,25,9776,863.9282,24,2.53,50.92,70.47
9/2/2025,9.700741,336.0965,28.38389,14.99974,-9.387518,39.38699,1000,34.76984,-84.03099,25,9776,503.2027,57,3.53,141.72,491.76
9/3/2025,4.346769,185.0292,56.55669,2.556486,-16.8815,21.99447,1000,34.76984,-84.03099,25,9293,619.0394,36,9.49,94.11,81.04
9/4/2025,18.72545,322.3724,38.01738,13.27532,-15.57945,42.1301,1000,34.76984,-84.03099,25,9293,582.236,98,6.61,11.55,1.37
9/5/2025,6.015583,12.49931,58.1832,9.713936,-17.02049,36.44836,1000,34.76984,-84.03099,25,5860,576.9017,21,7.35,141.49,498.4
9/6/2025,0.1538801,228.2256,43.77523,11.77088,-19.50426,43.04602,1000,34.76984,-84.03099,25,5860,637.6896,9,1.81,58.83,446.33
9/7/2025,11.59775,193.6683,51.21841,13.07726,-16.21339,42.36791,1000,34.76984,-84.03099,25,5860,621.4578,4,0.53,31.04,360.37
9/8/2025,1.580069,30.36544,51.32239,11.18655,-18.68034,41.05345,1000,34.76984,-84.03099,25,4225,557.626,69,8.09,191.44,320.39
9/9/2025,1.084185,126.0573,32.56037,15.20508,-16.96703,47.3772,1000,34.76984,-84.03099,25,4225,543.6482,80,2.42,78.27,70.56
9/10/2025,6.923102,243.401,57.47211,15.5433,-15.84037,46.92698,1000,34.76984,-84.03099,25,9389,765.3655,65,9.01,25.47,365.33
9/11/2025,9.66447,254.3153,39.68601,14.17613,-15.72168,44.07394,1000,34.76984,-84.03099,25,9389,492.2343,93,9.62,8.54,88.92
9/12/2025,4.639788,331.0022,45.83786,13.49582,-19.59084,46.58248,1000,34.76984,-84.03099,25,8590,535.4089,63,6.62,41.02,33.03
9/13/2025,2.145174,103.973,42.89421,8.906449,-15.00304,32.81594,1000,34.76984,-84.03099,25,8590,531.8706,53,1.2,47.07,88.65
9/14/2025,13.48176,277.2921,47.69952,12.95724,-17.71965,43.63414,1000,34.76984,-84.03099,25,8590,698.7974,23,0.15,170.21,104.91
9/15/2025,19.9869,307.6752,30.10066,5.794259,-19.68187,31.27039,1000,34.76984,-84.03099,25,1415,662.6373,14,9.01,114.49,73.79
9/16/2025,7.458624,72.28922,36.93512,10.4667,-17.9321,38.8655,1000,34.76984,-84.03099,25,1415,535.7314,92,0.93,43.96,82.23
9/17/2025,13.29744,326.7564,59.74142,10.54512,-19.52057,40.6108,1000,34.76984,-84.03099,25,6240,537.8744,32,3.43,116.04,190.46
9/18/2025,7.170176,52.88243,43.27917,13.92505,-15.55259,43.40269,1000,34.76984,-84.03099,25,6240,757.5726,41,5.65,102.01,457.74
9/19/2025,13.69551,75.77618,64.33434,11.80201,-13.87415,37.47818,1000,34.76984,-84.03099,25,9677,332.212,96,0.58,42.4,418.63
9/20/2025,19.19579,229.9731,17.4277,14.34121,-16.88749,45.56991,1000,34.76984,-84.03099,25,9677,492.5382,31,0.37,9.1,296.22
9/21/2025,9.701787,210.1632,61.35225,11.63457,-19.71624,42.98539,1000,34.76984,-84.03099,25,9677,597.5496,3,8.91,38.28,88.58
9/22/2025,17.23634,188.5746,83.95269,14.0111,-13.68508,41.70729,1000,34.76984,-84.03099,25,8510,128.0492,90,2.18,12.51,469.13
9/23/2025,12.82482,181.7788,46.47352,11.7602,-19.35936,42.87976,1000,34.76984,-84.03099,25,8510,298.6839,13,5.17,74.05,56.58
9/24/2025,6.662716,320.6568,39.43621,15.88646,-14.36608,46.139,1000,34.76984,-84.03099,25,5141,497.7626,62,6.58,151.8,446.78
9/25/2025,15.94671,187.2414,43.60977,13.83885,-18.90077,46.57847,1000,34.76984,-84.03099,25,5141,275.6698,90,2.94,75.68,331.84
9/26/2025,5.461844,327.5389,45.96704,13.35768,-14.08717,40.80253,1000,34.76984,-84.03099,25,8034,398.8621,34,8.89,146.88,332.29
9/27/2025,18.00982,201.0848,30.18415,14.23603,-18.92727,47.39932,1000,34.76984,-84.03099,25,8034,659.9025,64,6.61,114.78,6.57
9/28/2025,16.85531,39.97114,42.77853,15.66369,-17.98876,49.31614,1000,34.76984,-84.03099,25,8034,436.6805,12,3.63,2.18,161.76
9/29/2025,14.59819,276.5666,45.16026,15.72625,-14.10237,45.55487,1000,34.76984,-84.03099,25,3959,858.2711,47,0.88,167.19,434.1
9/30/2025,15.36848,276.5666,28.76788,14.24888,-19.50941,48.00717,1000,34.76984,-84.03099,25,3959,425.732,93,1.79,90.9,176.98
10/1/2025,12.78675,147.0545,48.79485,17.30814,-11.66011,46.2764,1000,34.76984,-84.03099,25,6261,464.7474,65,8.49,2.97,457.38
10/2/2025,17.69878,265.7768,50.7388,13.93937,-14.91533,42.79408,1000,34.76984,-84.03099,25,6261,491.8522,86,6.35,0.32,10.47
10/3/2025,13.33023,170.5857,47.89013,13.93486,-19.44599,47.3157,1000,34.76984,-84.03099,25,6741,639.2827,56,4.59,6.45,372.06
10/4/2025,15.07252,292.5551,53.18921,10.16648,-19.00508,39.33804,1000,34.76984,-84.03099,25,6741,315.1674,86,6.9,22.61,344.15
10/5/2025,4.545405,100.1827,53.04815,14.05898,-17.04377,45.16174,1000,34.76984,-84.03099,25,3164,593.7621,60,2.97,73.19,465.57
10/6/2025,10.45182,279.5239,52.41023,14.49184,-19.20835,48.19203,1000,34.76984,-84.03099,25,3164,199.7258,48,0.5,108.04,445.05
10/7/2025,5.564431,335.9027,58.5453,14.99938,-15.08287,45.08164,1000,34.76984,-84.03099,25,3164,943.2866,20,7.45,100.55,486.61
10/8/2025,2.23105,285.3731,66.56985,15.72547,-18.33028,49.78122,1000,34.76984,-84.03099,25,6766,822.3219,71,9.13,146.14,220.59
10/9/2025,4.036944,159.8708,71.43046,11.89484,-18.88432,42.67399,1000,34.76984,-84.03099,25,6766,511.9121,93,6.1,56.63,222.64
10/10/2025,4.426966,94.72006,55.15886,15.97001,-14.51895,46.45897,1000,34.76984,-84.03099,25,2445,381.4039,14,9.41,134.29,359.47
10/11/2025,3.55931,181.1178,66.32919,13.80426,-18.70206,46.31058,1000,34.76984,-84.03099,25,2445,563.9583,42,5.58,162.79,316.82
10/12/2025,1.796529,112.0636,41.93166,14.96741,-18.46075,48.39557,1000,34.76984,-84.03099,25,9415,742.411,26,4.74,25.86,293.83
10/13/2025,1.415379,26.15673,55.63042,14.29673,-16.41985,45.01331,1000,34.76984,-84.03099,25,9415,502.2601,66,2.6,110.96,118.77
10/14/2025,2.596292,103.1925,76.08407,13.81611,-17.47253,45.10475,1000,34.76984,-84.03099,25,9415,355.3046,15,2.92,137.05,143.51
10/15/2025,6.899663,271.63,64.67351,11.40084,-17.24917,40.05086,1000,34.76984,-84.03099,25,9990,543.3747,44,2.62,152.06,432.99
10/16/2025,13.01744,183.8962,25.33608,15.54219,-18.38678,49.47116,1000,34.76984,-84.03099,25,9990,427.3431,86,2.72,21.76,44.64
10/17/2025,4.213748,116.3615,67.02142,14.60739,-18.67461,47.88939,1000,34.76984,-84.03099,25,5127,757.3258,44,9.17,166.89,287.39
10/18/2025,18.03667,317.7019,49.172,16.72659,-14.08843,47.5416,1000,34.76984,-84.03099,25,5127,804.7539,32,7.9,91.45,234.71
10/19/2025,11.75586,284.1365,69.90078,10.86435,-18.18546,39.91416,1000,34.76984,-84.03099,25,3681,614.3929,9,0.55,13.15,372.71
10/20/2025,0.6687832,150.8984,53.55988,14.41381,-19.4955,48.32312,1000,34.76984,-84.03099,25,3681,239.8477,75,9.36,54.33,114.82
10/21/2025,15.4709,231.1886,68.12708,3.902033,-19.32368,27.12775,1000,34.76984,-84.03099,25,3681,260.723,77,2.29,113.81,170.29
10/22/2025,0.4487896,5.65959,33.58277,16.74093,-13.57794,47.0598,1000,34.76984,-84.03099,25,4250,463.138,4,9.57,25.68,230.63
10/23/2025,1.239157,179.397,53.97255,13.45873,-19.66911,46.58657,1000,34.76984,-84.03099,25,4250,763.4221,89,5.01,70.42,67.57
10/24/2025,15.62057,326.3626,59.88954,16.67249,-11.10814,44.45312,1000,34.76984,-84.03099,25,6557,856.7842,67,7.5,122.78,4.83
10/25/2025,6.835967,314.9176,53.97266,13.35986,-19.58361,46.30333,1000,34.76984,-84.03099,25,6557,483.3242,82,8.09,122.03,192.5
10/26/2025,18.35233,51.68201,31.93143,11.37311,-18.72658,41.47281,1000,34.76984,-84.03099,25,2203,279.8655,42,5.68,137.91,52.7
10/27/2025,4.943964,87.26466,51.1843,7.043978,-19.26206,33.35001,1000,34.76984,-84.03099,25,2203,903.7984,34,9.44,10.39,466.69
10/28/2025,4.389825,332.2831,36.25132,15.979,-17.74139,49.69938,1000,34.76984,-84.03099,25,2203,428.41,86,6.07,42.27,168.23
10/29/2025,9.799642,190.7907,69.1264,14.67264,-17.03393,46.3792,1000,34.76984,-84.03099,25,8062,872.8853,16,9.57,8.36,222.92
10/30/2025,8.699509,14.39501,54.89646,11.27131,-19.55682,42.09944,1000,34.76984,-84.03099,25,8062,630.2845,31,8.55,168.38,51.89
10/31/2025,19.55425,318.8261,44.60492,12.62268,-18.97092,44.21628,1000,34.76984,-84.03099,25,8641,610.1746,44,6.05,84.96,220.3
11/1/2025,0.2518058,116.8558,52.93892,8.000408,-18.95539,34.9562,1000,34.76984,-84.03099,25,8641,606.9944,57,3.34,195.95,313.4
11/2/2025,5.687322,334.995,49.92686,12.74417,-17.8696,43.35795,1000,34.76984,-84.03099,25,3291,182.7581,95,7.57,81.7,425.84
11/3/2025,7.251023,2.511921,56.6855,12.86523,-19.37162,45.10209,1000,34.76984,-84.03099,25,3291,750.2586,64,8.47,125.53,372.95
11/4/2025,13.4819,158.7735,58.9365,10.12808,-19.34267,39.59883,1000,34.76984,-84.03099,25,3291,373.3289,4,9.3,126.43,303.45
11/5/2025,7.971806,117.9592,48.65822,15.16149,-19.19889,49.52188,1000,34.76984,-84.03099,25,1571,505.8746,15,7.88,25.3,324.87
11/6/2025,14.02822,252.9644,53.36131,9.251557,-12.99364,31.49675,1000,34.76984,-84.03099,25,1571,888.7635,50,3.02,50.51,291.15
11/7/2025,17.1655,28.97481,45.82575,17.32325,-13.41569,48.0622,1000,34.76984,-84.03099,25,9768,523.28,44,4.71,55.03,328.36
11/8/2025,11.69901,262.8286,58.06219,10.79618,-16.77726,38.36963,1000,34.76984,-84.03099,25,9768,562.5906,68,0.48,149.7,410.78
11/9/2025,15.49861,211.0054,64.57682,14.77414,-17.50733,47.05561,1000,34.76984,-84.03099,25,7992,278.082,75,1.88,102.65,319.69
11/10/2025,13.03909,20.56654,47.33165,13.16664,-14.35094,40.68421,1000,34.76984,-84.03099,25,7992,178.847,27,4.28,70.66,458.16
11/11/2025,18.58997,138.6017,65.44648,13.51153,-18.2877,45.31076,1000,34.76984,-84.03099,25,7992,253.3373,57,4.06,29.64,359.44
11/12/2025,9.785739,304.6583,33.92704,13.30753,-19.93145,46.54651,1000,34.76984,-84.03099,25,6220,602.1093,31,3.88,109.38,130.44
11/13/2025,16.13516,297.3183,14.18311,9.615238,-19.84106,39.07154,1000,34.76984,-84.03099,25,6220,333.6484,83,3.21,15.56,336.78
11/14/2025,15.21702,238.7037,48.22104,12.79043,-17.66281,43.24368,1000,34.76984,-84.03099,25,9097,588.566,60,7.65,58.01,411.1
11/15/2025,3.168936,99.3381,53.96445,12.84709,-15.83293,41.52711,1000,34.76984,-84.03099,25,9097,478.6454,26,6.89,112.76,387.33
11/16/2025,1.636331,109.1867,61.3674,16.72179,-16.23703,49.68061,1000,34.76984,-84.03099,25,8656,702.0789,46,6.12,95.52,53.53
11/17/2025,12.78526,69.393,53.27441,8.24749,-18.23058,34.72556,1000,34.76984,-84.03099,25,8656,481.417,90,8.27,54.16,258.22
11/18/2025,5.070787,134.7427,74.45692,15.16539,-18.40902,48.7398,1000,34.76984,-84.03099,25,7581,404.9984,18,0.64,84.58,315.69
11/19/2025,3.145492,247.6554,36.33138,12.42139,-17.63344,42.47623,1000,34.76984,-84.03099,25,7581,790.1692,47,1.79,149.67,231.63
11/20/2025,14.92979,320.1828,43.88527,15.51386,-17.53959,48.5673,1000,34.76984,-84.03099,25,7581,209.2048,88,8.47,45.66,211.53
11/21/2025,18.02969,57.13947,63.45999,6.324626,-18.81336,31.46262,1000,34.76984,-84.03099,25,6435,740.6404,88,3.06,148.94,147.61
11/22/2025,0.725286,100.1898,64.97741,13.22484,-17.49071,43.9404,1000,34.76984,-84.03099,25,6435,265.5785,20,4.03,144.34,204.53
11/23/2025,15.20702,291.9456,25.77723,12.42692,-17.01012,41.86395,1000,34.76984,-84.03099,25,8882,366.1052,40,7.21,188.21,498.8
11/24/2025,2.695434,108.283,63.88753,10.63524,-17.63927,38.90974,1000,34.76984,-84.03099,25,8882,390.2156,42,5.22,170.86,481.49
11/25/2025,12.40996,119.6215,26.9896,16.76834,-15.0832,48.61988,1000,34.76984,-84.03099,25,6095,441.6401,92,5.46,148.1,1.4
11/26/2025,17.90479,192.4834,55.62445,15.02542,-18.66116,48.712,1000,34.76984,-84.03099,25,6095,269.6715,65,2.55,128.82,337.35
11/27/2025,18.44696,165.0529,68.20014,11.19603,-19.08493,41.47699,1000,34.76984,-84.03099,25,6095,321.3445,76,9.51,111.96,286.8
11/28/2025,11.82882,28.57089,74.61698,20.39267,-8.320399,49.10575,1000,34.76984,-84.03099,25,5305,162.9991,59,6.73,31.37,361.91
11/29/2025,0.5192018,177.7986,46.1014,18.24844,-8.814317,45.31119,1000,34.76984,-84.03099,25,5305,233.0194,65,7.19,8.67,475.25
11/30/2025,0.1945019,312.0308,57.88202,16.32506,-15.08166,47.73178,1000,34.76984,-84.03099,25,5195,426.6883,13,0.51,83.25,258.5
12/1/2025,9.219698,306.5432,50.36506,13.00332,-16.96706,42.9737,1000,34.76984,-84.03099,25,5195,809.0257,35,0.69,83.64,482.28
12/2/2025,4.887323,135.469,54.17528,14.46125,-16.90562,45.82812,1000,34.76984,-84.03099,25,5626,349.5137,99,6.29,10.4,453.66
12/3/2025,0.686512,89.53188,65.37508,17.10513,-11.94487,46.15512,1000,34.76984,-84.03099,25,5626,485.3611,2,4.41,110.81,359.3
12/4/2025,12.95291,324.7204,39.21413,6.979643,-18.28069,32.23997,1000,34.76984,-84.03099,25,5626,964.6532,19,5.61,40.01,204.05
12/5/2025,5.932182,45.61721,42.68304,8.921781,-18.93717,36.78073,1000,34.76984,-84.03099,25,4947,448.8072,35,7.23,76.62,156.4
12/6/2025,19.4535,264.3075,24.04564,9.1504,-19.88726,38.18806,1000,34.76984,-84.03099,25,4947,438.5699,26,6.11,23.81,1.91
12/7/2025,1.917102,230.5794,37.65333,14.73982,-19.52626,49.0059,1000,34.76984,-84.03099,25,6690,590.5388,12,4.22,31.1,147.21
12/8/2025,18.85835,180.4326,62.0762,11.88204,-18.67159,42.43567,1000,34.76984,-84.03099,25,6690,852.9848,53,1.23,23.56,423.12
12/9/2025,3.718243,200.59,77.44898,15.62797,-18.67317,49.92911,1000,34.76984,-84.03099,25,9602,102.1689,21,4.13,185.68,289.38
12/10/2025,2.671866,153.7567,44.67052,14.48197,-17.74125,46.7052,1000,34.76984,-84.03099,25,9602,433.7036,1,3.63,132.99,48.02
12/11/2025,15.6134,241.2609,38.04309,14.98408,-19.77673,49.74489,1000,34.76984,-84.03099,25,9602,463.1061,55,8.36,94.52,79.75
12/12/2025,8.292779,36.80986,56.22629,14.84861,-19.13357,48.83079,1000,34.76984,-84.03099,25,4503,309.1945,18,2.93,166.61,489.96
12/13/2025,13.31723,283.6885,51.29683,7.695084,-15.53467,30.92484,1000,34.76984,-84.03099,25,4503,298.0675,75,1.14,147.26,2.19
12/14/2025,0.2980256,94.69316,59.17072,13.58922,-18.88453,46.06297,1000,34.76984,-84.03099,25,9693,139.3757,77,1.12,77.12,40.81
12/15/2025,12.40168,297.5815,58.95818,11.07325,-19.98252,42.12902,1000,34.76984,-84.03099,25,9693,861.3817,47,9.66,187.19,260.01
12/16/2025,10.73053,244.4522,45.28401,14.74324,-19.72193,49.20841,1000,34.76984,-84.03099,25,8535,737.021,40,0.4,63.39,128.8
12/17/2025,10.61037,174.4001,57.3974,14.98739,-14.45041,44.42519,1000,34.76984,-84.03099,25,8535,722.1488,88,4.37,46.42,65.59
12/18/2025,2.565019,69.1537,54.47425,17.79139,-13.38831,48.97109,1000,34.76984,-84.03099,25,8535,62.42979,29,3.54,80.27,112.78
12/19/2025,9.266063,95.41267,55.75731,3.963391,-14.15843,22.08521,1000,34.76984,-84.03099,25,1856,706.4264,2,4.78,176.02,285.18
12/20/2025,4.333336,279.2487,69.18346,15.91416,-14.38781,46.21614,1000,34.76984,-84.03099,25,1856,252.2734,99,1.96,198.91,90.08
12/21/2025,16.84103,313.7128,44.88342,14.47607,-17.64005,46.59219,1000,34.76984,-84.03099,25,4457,480.6757,40,6.21,64.91,426.51
12/22/2025,7.648849,66.741,48.87587,7.472996,-14.28104,29.22703,1000,34.76984,-84.03099,25,4457,682.4709,79,8.24,59.19,259.16
12/23/2025,6.438714,249.0396,52.58934,13.01329,-19.45074,45.47732,1000,34.76984,-84.03099,25,7133,410.3198,46,9.65,98.34,105.53
12/24/2025,2.953832,223.9737,57.51587,16.3428,-13.20805,45.89365,1000,34.76984,-84.03099,25,7133,740.2187,84,7.78,148.35,321.39
12/25/2025,19.1847,125.2915,60.01063,16.99517,-15.68532,49.67567,1000,34.76984,-84.03099,25,7133,595.9417,80,7.34,134.76,197.65
12/26/2025,18.12872,203.3688,51.81617,11.86102,-15.92294,39.64497,1000,34.76984,-84.03099,25,4653,557.2356,3,4.39,105.84,76.76
12/27/2025,13.90984,340.82,63.08875,12.23325,-17.17285,41.63935,1000,34.76984,-84.03099,25,4653,469.5181,20,0.32,158.38,450.01
12/28/2025,19.65956,333.6307,30.3599,11.65362,-18.57626,41.88349,1000,34.76984,-84.03099,25,4390,730.4084,2,6.24,101.68,258
12/29/2025,5.716318,283.0591,42.75894,14.74909,-18.24307,47.74125,1000,34.76984,-84.03099,25,4390,325.5261,2,2.07,71.33,241.68
12/30/2025,16.24286,56.60804,64.74844,14.5294,-17.17793,46.23673,1000,34.76984,-84.03099,25,3398,192.5423,15,1.87,41.07,92.34
12/31/2025,0.4196501,25.84306,76.55002,10.71958,-16.55863,37.9978,1000,34.76984,-84.03099,25,3398,813.3473,54,5.05,171.27,306.64
1/1/2026,19.71322,160.4376,39.29674,13.96669,-19.81044,47.74382,1000,34.76984,-84.03099,26,3398,358.6776,21,9.21,123.24,131.08
1/2/2026,2.08051,102.7031,54.24997,13.84713,-11.10532,38.79957,1000,34.76984,-84.03099,26,0,134.6011,31,8.35,122.65,354.05
1/3/2026,1.807771,141.5144,71.06801,14.19853,-18.91573,47.31278,1000,34.76984,-84.03099,26,5464,318.4039,3,6.1,150.88,260.09
1/4/2026,17.77635,211.5889,59.49098,4.262377,-17.18971,25.71447,1000,34.76984,-84.03099,26,5464,151.7152,17,7.4,129.7,195.98
1/5/2026,2.937348,177.6001,49.92472,9.129102,-19.72807,37.98627,1000,34.76984,-84.03099,26,9232,136.5274,58,2.81,65.26,452.55
1/6/2026,13.44773,91.5294,48.78349,8.989554,-18.12893,36.10804,1000,34.76984,-84.03099,26,9232,512.3324,62,1.89,169.35,37.05
1/7/2026,3.185437,153.5661,41.04905,10.81964,-17.60109,39.24036,1000,34.76984,-84.03099,26,2599,117.3581,25,9.83,22.72,196.73
1/8/2026,19.15668,73.55381,54.57848,12.565,-18.6293,43.75929,1000,34.76984,-84.03099,26,2599,425.8546,95,3.49,181.12,285.63
1/9/2026,8.325638,240.6071,39.67337,13.03257,-16.78843,42.85356,1000,34.76984,-84.03099,26,2599,538.3733,29,4.07,30.05,112.47
1/10/2026,16.39362,107.8389,41.29023,13.81996,-19.99133,47.63124,1000,34.76984,-84.03099,26,8494,769.7557,47,8.52,88.81,318.13
1/11/2026,12.98644,85.99269,39.54259,13.00134,-15.17305,41.17572,1000,34.76984,-84.03099,26,8494,465.6615,68,4.56,36.92,117.31
1/12/2026,16.49593,66.048,29.81523,9.728011,-18.27011,37.72614,1000,34.76984,-84.03099,26,9772,377.1388,30,0.07,198.52,181.65
1/13/2026,11.55103,246.2289,59.71192,10.38751,-18.56812,39.34313,1000,34.76984,-84.03099,26,9772,814.1511,66,2.44,146.3,271.6
1/14/2026,0.9303403,181.5931,55.82961,9.518122,-16.64211,35.67836,1000,34.76984,-84.03099,26,2544,493.8683,28,0.53,32.54,203.35
1/15/2026,14.21401,299.6637,53.47287,7.466138,-17.27856,32.21083,1000,34.76984,-84.03099,26,2544,644.3972,40,4.95,79.06,8.13
1/16/2026,6.211606,92.1639,27.6797,8.159908,-19.36615,35.68597,1000,34.76984,-84.03099,26,2544,410.4524,5,0.22,150.31,263.89
1/17/2026,3.768716,268.2944,58.17296,-2.892995,-17.05565,11.26966,1000,34.76984,-84.03099,26,1842,565.6187,99,3.52,81.69,47.9
1/18/2026,17.02255,276.5465,58.03856,5.910615,-17.74767,29.5689,1000,34.76984,-84.03099,26,1842,659.4802,77,9.67,81.68,482.83
1/19/2026,8.059541,104.9837,44.36369,13.49314,-19.00657,45.99284,1000,34.76984,-84.03099,26,5540,122.023,62,9.93,145.03,429.21
1/20/2026,5.916971,159.8043,65.69021,14.02442,-16.6015,44.65034,1000,34.76984,-84.03099,26,5540,671.579,62,3.92,24.23,91.2
1/21/2026,3.005629,319.4901,60.8512,11.41041,-17.14927,39.97008,1000,34.76984,-84.03099,26,9848,657.5917,62,2.78,80.16,490.01
1/22/2026,6.529459,107.9531,50.47566,13.07314,-18.88412,45.0304,1000,34.76984,-84.03099,26,9848,315.9851,47,9.98,65.8,447.09
1/23/2026,8.980852,292.1206,38.85014,2.547799,-16.60684,21.70244,1000,34.76984,-84.03099,26,9848,680.5914,72,2.66,79.45,146.05
1/24/2026,14.45697,35.10655,48.27953,13.73939,-13.57453,41.0533,1000,34.76984,-84.03099,26,7949,819.7205,72,0.28,131.18,212.7
1/25/2026,3.551049,77.78574,50.33589,15.51467,-16.78999,47.81934,1000,34.76984,-84.03099,26,7949,516.6078,62,7.25,46.8,283.23
1/26/2026,14.91143,35.48404,38.23604,14.80254,-19.29995,48.90503,1000,34.76984,-84.03099,26,6761,550.5052,35,5.25,25.87,419.93
1/27/2026,1.297941,334.2847,48.16884,13.43577,-19.06665,45.93818,1000,34.76984,-84.03099,26,6761,403.4738,61,7.43,3.06,321.68
1/28/2026,10.99411,215.5871,40.35603,9.079136,-19.42332,37.58159,1000,34.76984,-84.03099,26,1968,366.9226,91,9.04,186.95,155.52
1/29/2026,5.611037,90.77541,34.07714,5.958284,-16.75549,28.67205,1000,34.76984,-84.03099,26,1968,565.16,7,9.93,165.87,350.23
1/30/2026,0.7713437,300.2007,56.05658,17.8025,-12.81187,48.41686,1000,34.76984,-84.03099,26,1968,339.5888,84,0.9,46.1,326.53
1/31/2026,2.078726,103.4549,53.55679,10.58365,-19.0797,40.247,1000,34.76984,-84.03099,26,9201,313.7958,28,8.37,40.89,408.86
2/1/2026,12.30448,71.11961,61.70759,15.70918,-17.75581,49.17416,1000,34.76984,-84.03099,26,9201,110.7274,63,6.75,89.35,69.37
2/2/2026,3.446391,107.2051,58.99343,14.27827,-19.59806,48.15459,1000,34.76984,-84.03099,26,7546,52.65629,88,5.01,59.43,375.72
2/3/2026,19.16888,353.2774,51.71439,14.66797,-16.71566,46.0516,1000,34.76984,-84.03099,26,7546,419.7701,96,1.89,146.8,386.12
2/4/2026,9.829637,43.86077,57.61863,16.19063,-17.1053,49.48657,1000,34.76984,-84.03099,26,6003,638.8347,25,1.76,154.45,254.93
2/5/2026,16.03278,103.522,57.80012,13.20131,-15.79503,42.19765,1000,34.76984,-84.03099,26,6003,524.3383,78,0.84,79.05,427.87
2/6/2026,17.9551,355.4321,57.98401,2.229139,-14.83119,19.28947,1000,34.76984,-84.03099,26,6003,791.9698,100,1.56,108.85,253.01
2/7/2026,10.01426,189.3206,49.59963,5.966342,-18.06327,29.99595,1000,34.76984,-84.03099,26,9103,313.4575,70,2.52,105.23,224.48
2/8/2026,16.95615,213.2033,47.98827,16.42385,-15.75411,48.60182,1000,34.76984,-84.03099,26,9103,659.4101,69,6.31,192.22,344.96
2/9/2026,13.36964,122.6904,49.15895,13.6688,-18.91371,46.25131,1000,34.76984,-84.03099,26,3293,801.1563,0,9.26,178.93,101.63
2/10/2026,0.8426881,234.9629,62.63365,15.08142,-18.92156,49.0844,1000,34.76984,-84.03099,26,3293,463.2138,65,2.64,182.97,242.06
2/11/2026,5.225977,95.89342,40.78306,12.17797,-18.67582,43.03175,1000,34.76984,-84.03099,26,6473,63.05379,10,0.8,151.71,419.42
2/12/2026,5.911192,35.49078,51.08438,10.43845,-19.70089,40.57778,1000,34.76984,-84.03099,26,6473,481.7588,94,1.28,192.58,360.86
2/13/2026,1.031802,131.9842,44.76982,5.758379,-16.82363,28.34038,1000,34.76984,-84.03099,26,6146,860.0291,79,7.84,158.82,91.14
2/14/2026,18.36261,283.6627,48.88379,12.47456,-19.91625,44.86537,1000,34.76984,-84.03099,26,6146,823.0562,49,9.51,37.77,6.17
2/15/2026,15.59042,31.78383,51.42516,15.40693,-19.16005,49.97392,1000,34.76984,-84.03099,26,6146,241.1443,28,2.78,6.46,174.14
2/16/2026,6.581949,358.6161,49.36702,13.86439,-19.55052,47.2793,1000,34.76984,-84.03099,26,3139,198.7267,67,0.52,1,420.61
2/17/2026,12.50089,259.2149,57.59233,12.00069,-19.27738,43.27876,1000,34.76984,-84.03099,26,3139,904.8768,69,0.98,126.62,190.82
2/18/2026,11.57509,68.20823,45.93046,14.62503,-19.85576,49.10582,1000,34.76984,-84.03099,26,8886,917.8406,75,5.9,59.67,468.8
2/19/2026,6.102294,126.2254,54.02397,13.97998,-17.47109,45.43105,1000,34.76984,-84.03099,26,8886,547.098,47,4.24,68.29,4.28
2/20/2026,8.423084,122.4466,36.03971,12.01193,-19.47801,43.50187,1000,34.76984,-84.03099,26,4325,671.1417,37,3.97,91.04,4.5
2/21/2026,8.883466,223.3495,64.79134,15.11073,-18.00842,48.22989,1000,34.76984,-84.03099,26,4325,728.105,88,6.64,106.71,286.29
2/22/2026,7.140199,180.1248,69.10352,13.86579,-17.62051,45.3521,1000,34.76984,-84.03099,26,4325,331.4305,11,2.26,160.86,10.62
2/23/2026,11.66728,41.21264,27.0031,14.96679,-18.01151,47.94509,1000,34.76984,-84.03099,26,2523,175.1729,98,0.06,108.65,442.6
2/24/2026,2.21638,354.4603,52.22086,14.60629,-18.54418,47.75677,1000,34.76984,-84.03099,26,2523,408.3014,97,1.38,132.82,175.07
2/25/2026,4.622526,118.2605,48.53727,15.66924,-18.42135,49.75983,1000,34.76984,-84.03099,26,9969,663.0605,29,4.62,71.82,402.75
2/26/2026,1.401551,54.92319,42.23732,9.977386,-19.93855,39.89332,1000,34.76984,-84.03099,26,9969,595.0852,42,5.7,190.3,396.19
2/27/2026,0.5135918,122.1067,59.7822,11.36805,-17.05308,39.78917,1000,34.76984,-84.03099,26,7429,980.9486,42,1.95,7.28,399.28
2/28/2026,1.537368,203.1214,58.1342,15.63067,-14.51588,45.77723,1000,34.76984,-84.03099,26,7429,154.8082,61,7.44,58.45,222.21
3/1/2026,2.340145,275.951,56.91077,15.72606,-15.71185,47.16397,1000,34.76984,-84.03099,26,7429,576.3348,24,9.25,198.13,441.51
3/2/2026,5.224809,77.54554,38.66719,15.39129,-17.80878,48.59137,1000,34.76984,-84.03099,26,1201,242.4702,70,7.17,9.4,141.97
3/3/2026,11.6225,6.95014,47.8926,10.30643,-17.60841,38.22127,1000,34.76984,-84.03099,26,1201,215.8692,24,2.18,99.59,79.85
3/4/2026,7.999083,78.47938,46.36827,13.27559,-15.4802,42.03137,1000,34.76984,-84.03099,26,8103,750.019,30,6.7,90.23,386.08
3/5/2026,3.169084,239.9991,52.74966,13.19189,-19.71782,46.10159,1000,34.76984,-84.03099,26,8103,357.5118,27,2.94,34.44,414.98
3/6/2026,15.08002,314.2653,59.1562,12.65154,-19.62839,44.93147,1000,34.76984,-84.03099,26,6298,450.7064,8,1.48,61.78,375.58
3/7/2026,0.9821653,104.487,51.46224,16.24344,-17.3747,49.86158,1000,34.76984,-84.03099,26,6298,761.3638,5,2.6,88.04,368.54
3/8/2026,18.88809,228.8844,60.63243,14.99866,-16.02973,46.02706,1000,34.76984,-84.03099,26,6298,446.3687,79,4.64,127.58,245.64
3/9/2026,14.45832,137.0269,37.59325,12.08287,-17.71677,41.88252,1000,34.76984,-84.03099,26,9120,868.7104,2,4,114.28,305.04
3/10/2026,16.23342,62.73979,37.63281,15.27344,-17.71715,48.26403,1000,34.76984,-84.03099,26,9120,642.4248,32,1.49,27.67,377.97
3/11/2026,13.86864,92.39457,55.55357,6.575154,-14.56586,27.71616,1000,34.76984,-84.03099,26,4037,471.0728,25,7,159.93,380.29
3/12/2026,5.696286,312.007,68.4054,12.78965,-19.62443,45.20373,1000,34.76984,-84.03099,26,4037,130.4741,47,6.41,100.81,493.12
3/13/2026,4.312534,353.1244,64.44811,13.59864,-19.53131,46.7286,1000,34.76984,-84.03099,26,1488,797.6331,8,3.99,97.78,5.08
3/14/2026,18.85192,22.53231,47.30244,11.67004,-15.7223,39.06237,1000,34.76984,-84.03099,26,1488,806.6742,25,8.27,120.55,493.96
3/15/2026,6.782855,73.5621,63.07808,17.22559,-14.86756,49.31874,1000,34.76984,-84.03099,26,1488,510.1607,76,2.38,87.68,167.2
3/16/2026,0.1185107,258.0101,40.86202,14.65194,-14.48897,43.79285,1000,34.76984,-84.03099,26,2706,484.7179,3,2.73,143.68,462.63
3/17/2026,13.43734,354.5335,32.3553,18.94083,-11.36638,49.24804,1000,34.76984,-84.03099,26,2706,151.5777,58,2.74,68.36,208.79
3/18/2026,0.7746887,304.6932,70.73589,13.88128,-15.98355,43.7461,1000,34.76984,-84.03099,26,2740,455.1437,10,6.85,189.13,249.93
3/19/2026,3.819931,128.0916,14.86944,9.445427,-19.55281,38.44366,1000,34.76984,-84.03099,26,2740,587.4042,88,4.37,197.83,335.61
3/20/2026,8.231901,5.682721,48.46503,13.65991,-19.16746,46.48729,1000,34.76984,-84.03099,26,9727,204.6222,53,6.63,75.1,492.49
3/21/2026,13.07889,180.2282,49.31145,9.512686,-16.71723,35.7426,1000,34.76984,-84.03099,26,9727,434.2149,36,6.92,186.56,67.82
3/22/2026,7.099642,222.5667,51.58603,12.97698,-19.07419,45.02815,1000,34.76984,-84.03099,26,9727,393.5099,10,0.22,115.51,127.68
3/23/2026,10.33474,110.4432,53.89147,16.20486,-16.60429,49.01401,1000,34.76984,-84.03099,26,8349,627.4657,50,2.09,174.11,355.11
3/24/2026,12.99714,45.55743,61.05918,8.05868,-13.4322,29.54956,1000,34.76984,-84.03099,26,8349,376.7336,52,5.2,6.44,130.68
3/25/2026,6.829452,328.8083,56.86174,15.36172,-16.50926,47.23271,1000,34.76984,-84.03099,26,3869,647.5618,98,2.49,98.86,453.59
3/26/2026,7.536196,11.24966,66.14597,9.176504,-18.3178,36.67081,1000,34.76984,-84.03099,26,3869,621.0134,69,4.73,74.19,429.09
3/27/2026,8.326837,329.6658,37.48011,14.70934,-16.57342,45.9921,1000,34.76984,-84.03099,26,1035,668.6177,79,2.62,156.06,276.19
3/28/2026,17.20287,93.3121,75.01102,16.70594,-14.81598,48.22787,1000,34.76984,-84.03099,26,1035,601.6735,46,6.31,66.87,277.08
3/29/2026,14.24504,54.59068,44.88581,13.81126,-19.42358,47.0461,1000,34.76984,-84.03099,26,7055,758.2738,56,1.76,189.96,240.07
3/30/2026,1.210487,135.7401,22.50071,13.68323,-18.75949,46.12595,1000,34.76984,-84.03099,26,7055,375.3987,82,0.63,30.92,204.06
3/31/2026,4.399283,0.5668688,45.04005,10.74299,-18.87652,40.36249,1000,34.76984,-84.03099,26,7055,744.9269,17,4.86,194.68,355.33
4/1/2026,4.634595,261.7853,46.80602,12.7242,-16.80269,42.25109,1000,34.76984,-84.03099,26,1781,299.5094,30,9.41,8.23,311.59
4/2/2026,0.3323436,191.3101,46.29323,14.92166,-16.11524,45.95856,1000,34.76984,-84.03099,26,1781,160.4384,77,4.93,156.58,86.67
4/3/2026,16.452,102.509,78.03161,15.82403,-15.57196,47.22002,1000,34.76984,-84.03099,26,8338,489.8869,76,7.27,172.05,132.68
4/4/2026,15.88838,253.56,25.68768,9.017288,-18.94513,36.97971,1000,34.76984,-84.03099,26,8338,272.441,16,5.98,79.96,34.13
4/5/2026,9.071878,335.3979,45.13368,10.1518,-19.41645,39.72004,1000,34.76984,-84.03099,26,1841,61.37729,15,9.86,33.2,356.88
4/6/2026,4.355388,146.9391,45.62198,16.17809,-17.08002,49.43621,1000,34.76984,-84.03099,26,1841,584.2692,76,9.21,79.61,306.67
4/7/2026,14.04052,110.3525,61.7303,7.739359,-19.81026,35.28898,1000,34.76984,-84.03099,26,1841,745.7527,14,5.63,83.82,141.82
4/8/2026,9.241353,168.0611,61.4197,15.99365,-13.52338,45.51068,1000,34.76984,-84.03099,26,8686,436.1378,24,8.88,73.52,497.33
4/9/2026,4.68215,260.5646,89.53689,8.344306,-19.48513,36.17374,1000,34.76984,-84.03099,26,8686,544.8418,39,5.8,19.04,489.18
4/10/2026,17.25039,258.7859,50.55575,13.47627,-17.22242,44.17497,1000,34.76984,-84.03099,26,8784,648.203,100,0.53,113.84,333.4
4/11/2026,7.756296,246.989,46.81108,14.32318,-19.35714,48.0035,1000,34.76984,-84.03099,26,8784,465.681,45,7.6,191.32,139.13
4/12/2026,15.31771,142.5778,39.83523,9.489943,-18.27508,37.25497,1000,34.76984,-84.03099,26,4981,498.0884,36,4.4,24.37,198.44
4/13/2026,11.04292,7.173343,46.86502,14.85301,-18.83972,48.54575,1000,34.76984,-84.03099,26,4981,649.181,3,9.83,106.85,228.46
4/14/2026,18.51849,311.0068,51.18217,14.58866,-14.28776,43.46507,1000,34.76984,-84.03099,26,4981,527.7013,81,1.74,92.26,2.74
4/15/2026,0.7218885,209.0934,36.94505,9.451943,-18.47641,37.38029,1000,34.76984,-84.03099,26,9801,479.1589,11,2.69,48.31,283.04
4/16/2026,6.056062,125.3666,32.48564,15.3233,-17.1928,47.8394,1000,34.76984,-84.03099,26,9801,567.6637,27,2.59,132.73,162.25
4/17/2026,0.3478265,314.207,63.38221,10.50326,-19.69366,40.70018,1000,34.76984,-84.03099,26,7831,326.3375,18,0.13,136.4,1.06
4/18/2026,15.73179,33.36861,63.76881,16.24859,-16.56497,49.06215,1000,34.76984,-84.03099,26,7831,556.3218,34,2.08,98.38,219.99
4/19/2026,7.4781,274.6382,60.06596,13.00921,-17.70195,43.72037,1000,34.76984,-84.03099,26,5830,411.9675,86,6.55,18.62,38.55
4/20/2026,18.6904,197.3492,40.18435,14.90819,-18.444,48.26038,1000,34.76984,-84.03099,26,5830,586.3521,35,0.57,102.13,412.84
4/21/2026,0.3610778,238.4622,52.90036,11.24179,-13.70855,36.19213,1000,34.76984,-84.03099,26,5830,565.4263,97,6.13,34.97,440.55
4/22/2026,4.606109,286.6356,43.45113,15.27593,-16.23164,46.78351,1000,34.76984,-84.03099,26,5652,538.5156,92,0.85,71.24,456.35
4/23/2026,3.967841,103.7419,45.89587,7.466982,-16.76944,31.70341,1000,34.76984,-84.03099,26,5652,706.3631,33,8.75,119.42,354.97
4/24/2026,3.2303,70.75191,49.62865,15.0285,-16.24784,46.30485,1000,34.76984,-84.03099,26,5971,828.6255,10,4.95,180.14,298.38
4/25/2026,13.80977,165.1314,51.92561,9.558861,-19.14558,38.2633,1000,34.76984,-84.03099,26,5971,329.6939,22,5.31,35.55,469.35
4/26/2026,3.444839,302.9862,55.40979,16.98336,-13.77712,47.74384,1000,34.76984,-84.03099,26,3392,619.6226,77,9.66,55.7,69.69
4/27/2026,10.94952,344.1319,37.24672,14.2564,-18.11893,46.63174,1000,34.76984,-84.03099,26,3392,85.11334,69,3.33,74.32,453.74
4/28/2026,16.18941,179.0159,58.46465,16.02569,-14.69416,46.74554,1000,34.76984,-84.03099,26,3392,398.1283,11,7.56,126.61,225.99
4/29/2026,4.080112,280.2756,47.93094,14.82633,-18.58812,48.24077,1000,34.76984,-84.03099,26,2304,404.8864,8,2.59,21.27,486.73
4/30/2026,15.63111,301.8563,53.78012,12.80303,-18.88001,44.48606,1000,34.76984,-84.03099,26,2304,531.5941,7,8.21,80.86,463
5/1/2026,8.739389,301.8563,47.63196,12.94772,-15.34869,41.24413,1000,34.76984,-84.03099,26,7370,464.6347,3,9.7,72.27,342.24
5/2/2026,1.194904,120.6639,48.89715,12.94279,-17.21601,43.10159,1000,34.76984,-84.03099,26,7370,629.4335,97,4.81,181.27,382.31
5/3/2026,19.25602,56.84948,19.44397,16.38363,-15.2078,47.97506,1000,34.76984,-84.03099,26,6135,804.5457,61,9.09,168.72,326.83
5/4/2026,2.009034,356.741,19.69444,8.179035,-19.79332,36.15139,1000,34.76984,-84.03099,26,6135,586.3853,77,2.29,32.24,286.61
5/5/2026,19.88352,247.9419,62.39948,14.76169,-16.34992,45.8733,1000,34.76984,-84.03099,26,6135,691.5245,41,3.72,111.38,291.75
5/6/2026,19.90378,83.00776,33.96459,7.064849,-19.7653,33.895,1000,34.76984,-84.03099,26,4673,315.4591,26,3.98,86.38,31.49
5/7/2026,3.640537,26.61794,29.42097,13.72554,-19.30987,46.76094,1000,34.76984,-84.03099,26,4673,655.7125,83,7.14,121.32,203.72
5/8/2026,16.2103,164.2799,45.83503,15.55176,-17.30612,48.40963,1000,34.76984,-84.03099,26,7540,529.993,60,6.49,86.95,359.38
5/9/2026,15.74569,67.39177,34.8074,8.748175,-19.06515,36.5615,1000,34.76984,-84.03099,26,7540,342.002,30,6.38,38.96,147.35
5/10/2026,11.1037,92.13154,58.34561,10.42788,-18.89285,39.74861,1000,34.76984,-84.03099,26,9765,387.9044,52,7.98,44.74,299.02
5/11/2026,17.64705,33.60928,62.71843,14.74914,-16.29851,45.79678,1000,34.76984,-84.03099,26,9765,538.6377,91,2.11,32.95,240.83
5/12/2026,18.11258,314.6068,66.16135,14.98899,-18.60815,48.58614,1000,34.76984,-84.03099,26,6623,597.9778,89,6.55,89.74,45.27
5/13/2026,5.285906,235.2487,56.0179,9.813263,-17.05655,36.68307,1000,34.76984,-84.03099,26,6623,173.0233,88,1.45,59.45,118.2
5/14/2026,2.631254,114.4528,37.50975,4.02405,-13.93737,21.98547,1000,34.76984,-84.03099,26,6623,193.4112,5,4.78,170.45,293.34
5/15/2026,19.06933,117.0212,61.39086,13.91391,-17.57075,45.39857,1000,34.76984,-84.03099,26,7164,609.5634,62,3.26,61.69,255.35
5/16/2026,19.8124,41.83641,38.37889,13.56013,-18.05647,45.17674,1000,34.76984,-84.03099,26,7164,769.1006,63,6.64,55.09,337.44
5/17/2026,0.9622049,115.9577,50.10567,5.172616,-19.4478,29.79303,1000,34.76984,-84.03099,26,3774,517.2084,51,1.08,189.11,311.39
5/18/2026,8.803073,157.2994,54.03479,14.45324,-17.40807,46.31454,1000,34.76984,-84.03099,26,3774,153.4091,72,0.54,124.21,7.5
5/19/2026,4.522893,165.7978,50.77314,8.37221,-19.37445,36.11887,1000,34.76984,-84.03099,26,6257,625.0734,82,6.72,182.13,181.64
5/20/2026,18.87073,232.9054,43.22768,14.28253,-18.23627,46.80133,1000,34.76984,-84.03099,26,6257,159.4305,10,9.78,170,115.14
5/21/2026,9.143237,353.516,43.45281,14.4343,-18.67719,47.54579,1000,34.76984,-84.03099,26,6257,244.0344,84,9.72,173.02,472.79
5/22/2026,19.80754,324.2545,39.76203,9.770164,-16.15574,35.69607,1000,34.76984,-84.03099,26,4576,610.4959,45,9.83,122.08,67.71
5/23/2026,10.92079,103.0381,44.25993,13.3827,-14.46454,41.22994,1000,34.76984,-84.03099,26,4576,183.2258,18,0.95,171.15,478.2
5/24/2026,9.915112,136.5583,62.53453,19.64197,-7.649194,46.93313,1000,34.76984,-84.03099,26,9675,189.1664,2,8.05,135.81,428.65
5/25/2026,18.13854,106.7568,50.73257,13.13877,-15.70508,41.98263,1000,34.76984,-84.03099,26,9675,150.7762,38,2.52,132.87,429.86
5/26/2026,17.13157,275.1099,28.78136,15.31871,-15.44795,46.08537,1000,34.76984,-84.03099,26,2638,244.8689,100,6.84,132.89,195
5/27/2026,7.089828,249.3327,51.34195,15.4248,-16.92665,47.77625,1000,34.76984,-84.03099,26,2638,540.7335,38,3.23,138.49,164.63
5/28/2026,19.25499,177.2342,64.05309,14.43312,-19.19165,48.0579,1000,34.76984,-84.03099,26,2638,522.2611,9,5.31,120.55,139.62
5/29/2026,3.226101,146.5355,69.95566,15.11213,-17.46649,47.69075,1000,34.76984,-84.03099,26,2873,501.4661,35,9.23,18.98,316.28
5/30/2026,8.081435,167.3212,70.74725,14.78101,-16.27368,45.8357,1000,34.76984,-84.03099,26,2873,537.5168,23,3.66,100.42,246.73
5/31/2026,0.1862502,124.5194,48.99869,15.05574,-15.36978,45.48126,1000,34.76984,-84.03099,26,9119,585.8556,80,0.39,70.12,130.04
6/1/2026,9.444942,289.1636,43.36739,10.99675,-18.5682,40.5617,1000,34.76984,-84.03099,26,9119,770.1277,34,6.13,132.08,368.71
6/2/2026,14.441,156.9195,55.62857,14.17013,-18.39511,46.73537,1000,34.76984,-84.03099,26,3159,412.9587,27,4.51,16.82,182.49
6/3/2026,3.273053,97.7556,56.68069,17.13119,-12.67184,46.93422,1000,34.76984,-84.03099,26,3159,682.5607,50,6.31,127.05,5.33
6/4/2026,8.540121,66.54449,45.17831,14.82628,-19.62273,49.27529,1000,34.76984,-84.03099,26,3159,785.7076,83,5.61,44.95,92.81
6/5/2026,0.2241874,159.4764,62.77121,13.97197,-11.23694,39.18087,1000,34.76984,-84.03099,26,2580,555.4787,96,7.1,19.62,376.07
6/6/2026,16.11562,281.9356,45.06383,15.84625,-16.98579,48.6783,1000,34.76984,-84.03099,26,2580,846.4603,97,0.22,153.81,310.92
6/7/2026,13.9658,8.58264,52.00026,4.547347,-19.12654,28.22124,1000,34.76984,-84.03099,26,4797,752.4313,41,4.3,171.46,131.17
6/8/2026,19.83765,166.7021,71.7743,14.9873,-18.61518,48.58978,1000,34.76984,-84.03099,26,4797,385.5219,99,0.46,183.13,55.87
6/9/2026,0.324924,23.9332,67.21893,12.16963,-19.17099,43.51025,1000,34.76984,-84.03099,26,1208,145.1926,74,5.19,76.21,71.22
6/10/2026,2.160273,298.1708,20.7702,9.062795,-18.66137,36.78696,1000,34.76984,-84.03099,26,1208,327.9861,13,4.97,141.13,437.78
6/11/2026,11.60049,65.60469,51.18396,9.37929,-17.06833,35.8269,1000,34.76984,-84.03099,26,1208,381.708,64,4.31,153.43,257.16
6/12/2026,18.18468,3.847532,58.93673,10.78808,-14.17456,35.75072,1000,34.76984,-84.03099,26,3119,577.7925,27,7.94,66.77,326.38
6/13/2026,11.60991,203.1627,51.43846,13.19196,-19.87127,46.2552,1000,34.76984,-84.03099,26,3119,766.6433,76,2.95,185.6,246.52
6/14/2026,7.746845,96.66941,49.06385,15.41762,-13.83067,44.66592,1000,34.76984,-84.03099,26,3558,634.6283,70,2.7,29.82,252
6/15/2026,4.715161,116.7806,47.35653,14.83904,-19.83381,49.51189,1000,34.76984,-84.03099,26,3558,602.1958,30,9.53,146.04,9.49
6/16/2026,12.17543,148.6024,66.88016,16.40276,-17.17311,49.97862,1000,34.76984,-84.03099,26,5532,907.951,59,4.2,52.64,363.25
6/17/2026,18.08585,208.1531,66.94209,11.91056,-17.47906,41.30019,1000,34.76984,-84.03099,26,5532,723.3564,42,7.72,182.45,122.6
6/18/2026,12.7193,170.0752,48.43195,11.07421,-18.25651,40.40494,1000,34.76984,-84.03099,26,5532,400.1333,39,6.87,191.27,445.32
6/19/2026,11.80867,99.34643,55.58123,15.08212,-19.67694,49.84118,1000,34.76984,-84.03099,26,9136,501.5717,70,4.57,170.97,74.47
6/20/2026,5.976328,299.3075,44.26389,12.05336,-14.57124,38.67797,1000,34.76984,-84.03099,26,9136,319.034,97,0.8,125.47,241.75
6/21/2026,11.03778,237.2539,44.6999,15.1578,-15.94108,46.25668,1000,34.76984,-84.03099,26,6060,426.9136,14,7,155.91,83.9
6/22/2026,10.93966,329.7766,51.38301,10.88428,-18.56173,40.33029,1000,34.76984,-84.03099,26,6060,545.7487,94,4.28,151.56,298.2
6/23/2026,0.5440569,287.2217,45.16648,14.27399,-18.88931,47.43729,1000,34.76984,-84.03099,26,3842,622.3873,77,2.7,185.62,417.72
6/24/2026,16.11282,15.62513,60.31339,15.11905,-19.26651,49.50461,1000,34.76984,-84.03099,26,3842,523.7535,28,4.73,57.08,19.33
6/25/2026,8.165778,3.40941,36.70933,12.34818,-16.19772,40.89408,1000,34.76984,-84.03099,26,8244,472.891,33,0.03,142.7,303.8
6/26/2026,6.623315,315.1791,68.80965,14.58911,-19.55799,48.73621,1000,34.76984,-84.03099,26,8244,391.5711,99,7.93,8.82,97.04
6/27/2026,5.710367,333.2415,52.48604,11.01982,-16.96837,39.00801,1000,34.76984,-84.03099,26,8244,791.1047,66,1.74,39.78,432.31
6/28/2026,11.01283,285.6073,43.8439,4.142487,-18.98924,27.27421,1000,34.76984,-84.03099,26,5743,695.4374,15,1.74,37.81,57.09
6/29/2026,7.264338,312.7824,38.54044,15.41091,-16.25877,47.08059,1000,34.76984,-84.03099,26,5743,492.1414,73,9.38,142.36,201.02
6/30/2026,9.770294,89.8192,24.28401,15.94567,-16.70891,48.60024,1000,34.76984,-84.03099,26,7482,322.8699,28,9.8,194.13,466.79
7/1/2026,17.21365,355.6503,45.71672,10.9194,-19.57486,41.41367,1000,34.76984,-84.03099,26,7482,521.9733,43,0.27,161.3,338.51
7/2/2026,1.845794,262.9464,58.94389,15.33048,-17.145,47.80597,1000,34.76984,-84.03099,26,9021,147.7357,62,9.7,32.35,135.79
7/3/2026,7.253195,135.7851,60.00506,10.88518,-14.11932,35.88969,1000,34.76984,-84.03099,26,9021,225.094,61,2.34,114.7,259.86
7/4/2026,17.17722,349.7373,33.86743,15.24234,-18.67469,49.15937,1000,34.76984,-84.03099,26,9021,358.2443,67,7.63,173.39,258.69
7/5/2026,5.016619,222.16,66.87962,15.68247,-15.16535,46.5303,1000,34.76984,-84.03099,26,7325,195.3818,47,2.49,107.29,202.27
7/6/2026,16.69916,218.2973,42.1398,15.05784,-17.23934,47.35501,1000,34.76984,-84.03099,26,7325,405.3971,26,5.37,6.27,104.58
7/7/2026,10.38069,178.3418,49.10852,10.60716,-17.20944,38.42376,1000,34.76984,-84.03099,26,5550,435.9875,20,5.18,59.21,447.25
7/8/2026,14.26171,41.70917,44.46814,15.47057,-18.60049,49.54162,1000,34.76984,-84.03099,26,5550,674.1223,68,8.44,136.1,167.11
7/9/2026,17.32144,353.1168,58.0348,13.10741,-16.33207,42.54689,1000,34.76984,-84.03099,26,4287,461.0768,91,6.82,137.81,424.73
7/10/2026,4.259815,352.56,53.03716,14.39723,-15.97657,44.77103,1000,34.76984,-84.03099,26,4287,474.688,54,3.25,170.51,497.49
7/11/2026,13.35646,59.10314,50.33844,14.09403,-18.23572,46.42379,1000,34.76984,-84.03099,26,4287,525.0339,68,1.19,47.66,252.98
7/12/2026,19.01648,110.661,45.37049,14.55656,-19.02264,48.13577,1000,34.76984,-84.03099,26,9296,359.0569,57,0.7,161.83,322.72
7/13/2026,13.88314,340.3258,60.75789,12.09832,-18.46781,42.66444,1000,34.76984,-84.03099,26,9296,166.0712,45,0.6,10.39,240.06
7/14/2026,13.65956,244.2625,55.49807,12.11323,-13.56734,37.79379,1000,34.76984,-84.03099,26,5627,752.1959,89,9.6,196.11,27.86
7/15/2026,6.571179,256.0492,54.99392,13.30418,-16.69136,43.29972,1000,34.76984,-84.03099,26,5627,818.6598,49,2.89,177.62,401.48
7/16/2026,17.96307,357.566,33.16531,8.850271,-10.86294,28.56348,1000,34.76984,-84.03099,26,6280,570.5459,11,5.71,168.79,367.02
7/17/2026,5.632936,96.1243,78.97415,5.698392,-18.36691,29.76369,1000,34.76984,-84.03099,26,6280,628.7267,26,8.83,199.97,490.28
7/18/2026,13.86093,302.9737,42.90959,9.153444,-15.70578,34.01266,1000,34.76984,-84.03099,26,6280,559.1884,35,0.26,111.76,167.36
7/19/2026,5.102859,206.3985,29.68554,15.8485,-14.40145,46.09844,1000,34.76984,-84.03099,26,9787,549.4199,38,8.08,76.5,277.38
7/20/2026,19.9835,10.38337,47.6114,16.3167,-15.45942,48.09282,1000,34.76984,-84.03099,26,9787,31.17186,83,7.25,23.76,324.59
7/21/2026,3.363328,340.0699,54.47309,9.033822,-17.63829,35.70594,1000,34.76984,-84.03099,26,1443,734.4818,65,4.33,129.62,223.57
7/22/2026,2.484424,223.3986,39.80043,8.661635,-17.47305,34.79632,1000,34.76984,-84.03099,26,1443,356.4603,15,6.95,48.49,435.37
7/23/2026,0.6333876,2.764907,49.18605,11.72145,-19.92369,43.36659,1000,34.76984,-84.03099,26,5224,472.5455,29,1.5,37.85,439.51
7/24/2026,19.2109,36.18785,53.38095,16.92597,-10.22634,44.07828,1000,34.76984,-84.03099,26,5224,405.1818,75,8.56,138.08,83.2
7/25/2026,17.4964,59.93724,40.93187,11.26056,-19.23578,41.75689,1000,34.76984,-84.03099,26,5224,666.9933,39,5.01,55.11,65.63
7/26/2026,13.37972,132.4447,62.89583,12.86977,-16.09056,41.83011,1000,34.76984,-84.03099,26,8945,772.0618,5,1.36,146.77,18.75
7/27/2026,0.3287339,321.5357,19.63464,17.50202,-13.64943,48.65347,1000,34.76984,-84.03099,26,8945,231.9853,23,1.4,173.44,487
7/28/2026,16.9024,108.8802,57.54525,13.36093,-19.77241,46.49426,1000,34.76984,-84.03099,26,8354,152.0586,64,4,186.38,468.46
7/29/2026,1.605241,180.6693,43.6922,16.12873,-12.26414,44.5216,1000,34.76984,-84.03099,26,8354,396.5535,33,9.5,86.08,147.63
7/30/2026,5.391422,130.7628,39.70881,13.83439,-19.72565,47.39444,1000,34.76984,-84.03099,26,7367,721.3235,44,2.98,72.74,185.8
7/31/2026,1.087704,170.7791,48.18311,15.10419,-19.01049,49.21888,1000,34.76984,-84.03099,26,7367,888.9645,68,2.21,12.55,481.27
8/1/2026,19.62276,83.07565,34.4199,11.81563,-19.98831,43.61958,1000,34.76984,-84.03099,26,7367,91.31729,26,6.13,144.08,125.61
8/2/2026,13.59888,135.6814,66.96966,14.16606,-18.59213,46.92425,1000,34.76984,-84.03099,26,9566,802.2717,30,6.57,192.87,61.19
8/3/2026,7.457794,57.39811,52.53215,15.20454,-13.89525,44.30434,1000,34.76984,-84.03099,26,9566,393.2468,10,4.4,25.45,64.58
8/4/2026,5.142821,179.4033,50.04373,17.39886,-11.11464,45.91237,1000,34.76984,-84.03099,26,9354,781.8439,13,3.65,117.98,228.53
8/5/2026,5.034939,303.4467,71.7286,14.20182,-18.46795,46.87159,1000,34.76984,-84.03099,26,9354,442.8468,1,3.82,45.48,17.53
8/6/2026,2.495649,72.7652,63.98981,15.76373,-13.31191,44.83937,1000,34.76984,-84.03099,26,8448,188.9546,62,0.17,41.77,359.26
8/7/2026,0.8706546,52.79068,69.97578,16.01498,-17.44743,49.4774,1000,34.76984,-84.03099,26,8448,458.762,99,2.15,92.13,32.85
8/8/2026,7.70615,139.5499,49.09898,9.243618,-17.07173,35.55897,1000,34.76984,-84.03099,26,8448,606.4917,61,7.98,68.75,357.05
8/9/2026,5.725693,221.0089,53.19055,17.35619,-15.10914,49.82151,1000,34.76984,-84.03099,26,4843,793.4399,50,7.14,148.39,342.53
8/10/2026,1.239722,169.3771,42.94135,12.00796,-18.76844,42.78435,1000,34.76984,-84.03099,26,4843,520.8597,43,9.32,5.43,389.33
8/11/2026,12.83755,34.32507,47.18952,16.89253,-13.55054,47.33561,1000,34.76984,-84.03099,26,9586,718.2338,93,9.27,68.6,457.5
8/12/2026,11.04291,189.8287,48.69243,16.42003,-15.03279,47.87286,1000,34.76984,-84.03099,26,9586,232.0047,87,8.27,142.35,428.49
8/13/2026,11.67095,85.26378,63.66141,12.44874,-19.89719,44.79466,1000,34.76984,-84.03099,26,9337,673.9746,90,2.8,185.72,354.99
8/14/2026,2.332404,258.0762,35.67746,15.61481,-18.11646,49.34608,1000,34.76984,-84.03099,26,9337,556.908,26,0.86,13.11,481.26
8/15/2026,13.62175,227.8484,54.65187,15.61536,-17.77214,49.00287,1000,34.76984,-84.03099,26,9337,432.6129,34,4.01,168.98,119.28
8/16/2026,13.39865,96.71803,34.03518,6.065368,-16.30585,28.43658,1000,34.76984,-84.03099,26,5321,630.415,2,5.34,96.07,466.02
8/17/2026,3.484924,42.78162,41.37299,10.52119,-18.71412,39.7565,1000,34.76984,-84.03099,26,5321,464.6484,88,1.31,23.94,432.08
8/18/2026,14.12787,213.1648,32.30536,10.10599,-15.71273,35.9247,1000,34.76984,-84.03099,26,8563,357.2422,52,2.02,94.32,270.42
8/19/2026,7.01538,95.48035,32.06779,15.15932,-19.30941,49.62804,1000,34.76984,-84.03099,26,8563,676.3127,20,6.46,29.51,119.76
8/20/2026,19.49487,293.0297,45.93274,14.60305,-19.93902,49.14513,1000,34.76984,-84.03099,26,8565,844.1643,69,0.22,94.25,143.62
8/21/2026,8.811277,196.0464,52.8588,15.47155,-18.43171,49.37482,1000,34.76984,-84.03099,26,8565,550.0026,21,7.9,27.64,115.78
8/22/2026,2.590427,1.172233,69.87985,13.9291,-17.95004,45.80824,1000,34.76984,-84.03099,26,4592,297.7707,23,0.65,89.53,213.85
8/23/2026,10.57879,153.5405,53.75427,13.77092,-17.51258,45.05442,1000,34.76984,-84.03099,26,4592,825.0502,16,0.71,16.83,485.82
8/24/2026,10.31361,2.350001,61.94177,8.988805,-19.16351,37.14112,1000,34.76984,-84.03099,26,4592,194.1044,33,6.92,89.77,245.02
8/25/2026,8.046037,62.9099,52.17115,11.0051,-16.835,38.84519,1000,34.76984,-84.03099,26,3811,238.4456,49,0.46,101.48,90.27
8/26/2026,19.2206,18.08491,65.64394,14.62234,-17.85364,47.09832,1000,34.76984,-84.03099,26,3811,401.6134,91,1.39,109.04,74.57
8/27/2026,15.76062,222.8883,51.01401,14.72673,-19.08497,48.53842,1000,34.76984,-84.03099,26,3185,445.6599,2,0.25,90.95,298.41
8/28/2026,19.54767,216.4554,48.80917,7.861162,-15.67657,31.39889,1000,34.76984,-84.03099,26,3185,239.0302,41,2.32,8.5,498.34
8/29/2026,0.07932901,176.1104,57.71355,5.366683,-18.79613,29.5295,1000,34.76984,-84.03099,26,4504,899.952,26,1.88,136.05,199.44
8/30/2026,12.28652,218.1871,42.32906,20.58935,-8.672763,49.85147,1000,34.76984,-84.03099,26,4504,503.367,0,1.36,126.97,441.19
8/31/2026,4.149783,244.4415,60.07073,14.82782,-16.78042,46.43606,1000,34.76984,-84.03099,26,4504,620.6962,53,3.05,56.11,355.18
9/1/2026,0.2248621,18.16014,32.19019,2.946837,-17.17251,23.06618,1000,34.76984,-84.03099,26,4323,251.9819,20,7.77,47.86,477.45
9/2/2026,14.99739,224.7408,36.02262,12.6457,-19.5449,44.83629,1000,34.76984,-84.03099,26,4323,451.5093,14,8.1,93.77,261.91
9/3/2026,17.31463,340.3805,51.31501,16.92559,-15.67959,49.53077,1000,34.76984,-84.03099,26,2627,716.0671,19,3.27,134.07,169.07
9/4/2026,12.87192,37.86996,41.88504,13.71108,-19.79147,47.21363,1000,34.76984,-84.03099,26,2627,579.6693,73,1.8,147.78,297.2
9/5/2026,1.860459,345.0394,30.36147,11.91967,-18.5674,42.40674,1000,34.76984,-84.03099,26,2825,378.4928,32,4,152.48,397.94
9/6/2026,0.9122157,283.2227,61.18574,7.851828,-19.25617,34.95983,1000,34.76984,-84.03099,26,2825,302.6659,74,5.84,98.53,32.03
9/7/2026,4.897628,281.7928,33.0767,11.57857,-19.69225,42.84939,1000,34.76984,-84.03099,26,2825,697.2029,93,0.46,137.17,97.79
9/8/2026,6.070567,278.3857,71.35088,18.8148,-11.729,49.3586,1000,34.76984,-84.03099,26,6964,242.1252,70,6.85,197.39,456.34
9/9/2026,19.71914,237.2888,59.89323,9.299631,-18.92193,37.52119,1000,34.76984,-84.03099,26,6964,460.4442,59,0.06,138.89,253.08
9/10/2026,5.326754,271.5162,45.41585,15.54141,-14.19049,45.27332,1000,34.76984,-84.03099,26,4364,492.857,33,8.36,158.2,437.06
9/11/2026,19.45906,316.0246,56.18919,15.60169,-17.99852,49.2019,1000,34.76984,-84.03099,26,4364,763.5154,45,2.02,154.28,44.64
9/12/2026,2.293413,161.5908,34.59476,6.471115,-16.69549,29.63772,1000,34.76984,-84.03099,26,2620,388.2664,65,7.58,14.87,38.28
9/13/2026,18.11941,236.358,59.80178,15.50629,-17.41232,48.42489,1000,34.76984,-84.03099,26,2620,542.6902,95,4.01,181.09,469.58
9/14/2026,13.73806,71.25381,23.86409,13.7748,-14.88976,42.43935,1000,34.76984,-84.03099,26,2620,262.7087,5,1.05,118.44,241.25
9/15/2026,17.64875,75.71477,61.22194,12.1553,-13.93905,38.24965,1000,34.76984,-84.03099,26,9139,739.5651,47,4.81,10.71,276.55
9/16/2026,16.94062,284.4326,37.11432,13.9046,-19.02869,46.83789,1000,34.76984,-84.03099,26,9139,387.5468,1,6.5,138.18,486.21
9/17/2026,14.77765,96.37582,49.54654,10.24302,-16.43919,36.92522,1000,34.76984,-84.03099,26,2326,810.191,9,2.69,74.18,281.72
9/18/2026,2.494984,282.4153,48.94419,14.53791,-19.95352,49.02933,1000,34.76984,-84.03099,26,2326,194.9897,23,4.92,171.61,89.46
9/19/2026,14.69064,3.11986,56.40089,10.88583,-17.823,39.59465,1000,34.76984,-84.03099,26,2812,85.91736,52,9.95,24.9,358.55
9/20/2026,10.86215,329.0714,55.6068,13.91689,-19.70293,47.53671,1000,34.76984,-84.03099,26,2812,495.7157,64,2.47,139.51,334.81
9/21/2026,18.13762,301.1537,40.51008,19.22618,-11.18212,49.63448,1000,34.76984,-84.03099,26,2812,305.5276,7,4.85,138.34,327.99
9/22/2026,15.15252,266.2432,62.27913,14.59224,-17.21148,46.39597,1000,34.76984,-84.03099,26,4891,617.335,91,3.35,45.42,303.84
9/23/2026,7.182241,290.2612,45.59817,4.990256,-19.59044,29.57096,1000,34.76984,-84.03099,26,4891,109.1974,41,8.72,66.67,470.77
9/24/2026,0.1180911,296.7664,71.59595,14.47375,-19.67458,48.62209,1000,34.76984,-84.03099,26,5557,533.302,99,8.22,87.85,136.28
9/25/2026,19.71253,314.1959,53.00471,13.60042,-15.56324,42.76408,1000,34.76984,-84.03099,26,5557,262.0609,26,9.48,48.91,313.87
9/26/2026,11.98808,342.0507,62.35867,10.34182,-14.90287,35.58651,1000,34.76984,-84.03099,26,2782,450.7513,24,6.77,71.21,60.31
9/27/2026,9.951943,207.0884,41.96812,8.705401,-16.11497,33.52577,1000,34.76984,-84.03099,26,2782,694.9795,62,0.33,23.37,18.74
9/28/2026,13.99362,170.4385,28.83961,17.13124,-12.47775,46.74022,1000,34.76984,-84.03099,26,2782,473.1021,38,5.4,36.18,439.26
9/29/2026,6.988768,322.8684,54.11403,11.92723,-19.34091,43.19538,1000,34.76984,-84.03099,26,9474,535.3814,1,7.32,197.82,417.66
9/30/2026,7.12572,75.20287,61.99039,14.279,-18.53965,47.09765,1000,34.76984,-84.03099,26,9474,478.3879,90,0.17,131.56,157.82
10/1/2026,3.240814,212.7,69.72591,14.61431,-18.6601,47.88873,1000,34.76984,-84.03099,26,6951,345.4583,80,8.38,92.1,366.61
10/2/2026,6.418658,249.7828,58.24169,12.48174,-17.42883,42.3923,1000,34.76984,-84.03099,26,6951,81.25854,69,8.76,87.07,106.66
10/3/2026,13.82041,248.7221,47.18872,13.05604,-17.38776,43.49984,1000,34.76984,-84.03099,26,9340,356.8579,18,3.5,64.99,188.41
10/4/2026,18.39762,271.2889,33.97865,8.16103,-13.89834,30.2204,1000,34.76984,-84.03099,26,9340,644.1343,5,8.67,146.86,117.47
10/5/2026,16.76665,105.7845,64.95834,12.23105,-17.99213,42.45422,1000,34.76984,-84.03099,26,8648,262.1689,96,4.05,64.05,51.73
10/6/2026,0.712676,204.8753,52.18373,15.48652,-18.62582,49.59887,1000,34.76984,-84.03099,26,8648,479.156,8,0.34,149.69,97.91
10/7/2026,8.819023,283.5775,47.11531,13.46642,-19.35676,46.2896,1000,34.76984,-84.03099,26,8648,449.2748,62,1.24,24.12,434.14
10/8/2026,4.277353,145.5678,68.35811,17.8071,-9.113089,44.72729,1000,34.76984,-84.03099,26,6827,465.9952,11,0.56,1.03,443.62
10/9/2026,6.495656,203.6787,54.51921,18.71292,-6.655775,44.0816,1000,34.76984,-84.03099,26,6827,360.9903,47,9.27,61.87,134.98
10/10/2026,10.35122,139.5945,43.80268,10.24805,-19.47274,39.96884,1000,34.76984,-84.03099,26,1818,141.641,16,9.43,27.61,97.14
10/11/2026,17.32487,218.3959,36.26829,14.50762,-14.84943,43.86468,1000,34.76984,-84.03099,26,1818,851.4896,9,7.08,88.91,237.57
10/12/2026,7.477342,244.3939,33.1531,16.97941,-15.71236,49.67118,1000,34.76984,-84.03099,26,9977,314.016,90,2.8,132.22,298.96
10/13/2026,9.665915,118.2705,51.16898,13.38864,-19.95081,46.72809,1000,34.76984,-84.03099,26,9977,558.9058,72,2.71,183.64,493.21
10/14/2026,11.19266,208.4971,47.42792,18.08257,-13.70384,49.86898,1000,34.76984,-84.03099,26,9977,725.2783,89,4.96,12.29,382.28
10/15/2026,3.905566,280.2141,44.50731,5.55195,-19.84067,30.94457,1000,34.76984,-84.03099,26,4241,228.622,36,4.57,144.24,327.24
10/16/2026,7.962318,209.0091,52.17467,12.79371,-15.95103,41.53846,1000,34.76984,-84.03099,26,4241,475.1747,79,4.51,108.33,134.47
10/17/2026,17.75104,14.78069,62.28477,9.802122,-19.64168,39.24592,1000,34.76984,-84.03099,26,6810,535.1175,41,4.05,171.03,191.1
10/18/2026,16.57967,2.207823,47.20259,10.44771,-16.46589,37.3613,1000,34.76984,-84.03099,26,6810,326.426,7,9.9,189.82,401.4
10/19/2026,0.9011245,257.5265,40.26204,15.39994,-17.993,48.79288,1000,34.76984,-84.03099,26,1566,467.4589,67,9.8,139.94,242.89
10/20/2026,4.203165,83.08561,52.39383,3.894922,-19.30954,27.09938,1000,34.76984,-84.03099,26,1566,403.867,64,3.04,162.44,161.28
10/21/2026,13.85869,154.6026,66.85582,17.74989,-11.60436,47.10414,1000,34.76984,-84.03099,26,1566,426.616,10,1.68,190.86,361.01
10/22/2026,11.82672,106.3055,55.00067,5.37922,-19.44982,30.20826,1000,34.76984,-84.03099,26,7486,478.4034,53,3.68,95.31,190.46
10/23/2026,4.933889,107.1597,36.31129,16.9988,-12.94845,46.94606,1000,34.76984,-84.03099,26,7486,709.4302,18,9.35,110.23,332.22
10/24/2026,5.133909,172.0215,46.08073,16.21907,-12.49667,44.9348,1000,34.76984,-84.03099,26,6366,389.4383,75,5.37,7.68,192.16
10/25/2026,17.20419,190.9071,60.55979,13.53569,-19.02263,46.09401,1000,34.76984,-84.03099,26,6366,407.4659,82,9.64,180.8,213.45
10/26/2026,15.24727,270.8026,61.1386,13.41022,-19.20424,46.02467,1000,34.76984,-84.03099,26,8219,550.6155,3,2,93.92,163.01
10/27/2026,11.62908,14.40149,42.52802,9.174777,-16.76771,35.11726,1000,34.76984,-84.03099,26,8219,89.64848,38,7.93,92.04,12.53
10/28/2026,4.393415,60.85769,65.23344,8.060482,-17.86539,33.98636,1000,34.76984,-84.03099,26,8219,240.3065,51,6.77,59.85,68.32
10/29/2026,19.83138,227.5583,39.40855,13.84452,-14.48507,42.1741,1000,34.76984,-84.03099,26,2034,563.1481,84,1.8,53.27,261.84
10/30/2026,11.25563,109.6095,38.44165,15.337,-19.3139,49.9879,1000,34.76984,-84.03099,26,2034,561.3602,76,5.37,105.1,172.95
10/31/2026,10.96036,193.3386,52.69094,11.31772,-16.01564,38.65107,1000,34.76984,-84.03099,26,9543,774.6359,49,5.27,56.77,477.16
11/1/2026,14.53361,10.65429,57.20166,15.79148,-12.39771,43.98068,1000,34.76984,-84.03099,26,9543,812.8451,43,8.1,96.45,160.27
11/2/2026,7.563201,293.2587,50.70708,15.24601,-18.55865,49.05067,1000,34.76984,-84.03099,26,2180,235.2701,71,9.39,188.94,132.23
11/3/2026,1.15483,116.3699,30.41534,14.59191,-19.75432,48.93813,1000,34.76984,-84.03099,26,2180,567.1946,15,2.74,30.18,367.38
11/4/2026,8.523856,93.578,66.50242,9.119514,-19.47151,37.71054,1000,34.76984,-84.03099,26,2180,536.8264,10,4.92,196.67,237.6
11/5/2026,15.19027,329.1986,54.13224,13.20635,-11.31224,37.72494,1000,34.76984,-84.03099,26,7619,476.495,79,4.95,198.67,7.33
11/6/2026,13.07961,152.5758,42.67784,13.92337,-9.952432,37.79918,1000,34.76984,-84.03099,26,7619,325.418,39,2.25,124.78,40.47
11/7/2026,13.08322,171.2244,56.87981,12.06202,-18.10923,42.23326,1000,34.76984,-84.03099,26,5563,490.0986,24,1.03,34.1,11.06
11/8/2026,11.6924,197.5047,25.45073,14.18167,-18.94664,47.30998,1000,34.76984,-84.03099,26,5563,291.4204,78,9.8,5.59,302.97
11/9/2026,13.23144,270.0698,50.30292,13.67436,-17.77758,45.12629,1000,34.76984,-84.03099,26,7440,491.7676,9,3.44,84.47,482.66
11/10/2026,5.040316,175.2559,73.28844,15.73314,-14.45658,45.92285,1000,34.76984,-84.03099,26,7440,436.491,39,3.42,136.6,19.48
11/11/2026,19.29187,302.1566,61.73414,11.06393,-19.29335,41.42122,1000,34.76984,-84.03099,26,7440,577.881,36,6.33,129.71,435.01
11/12/2026,19.42337,97.55909,37.59779,17.93318,-10.90539,46.77175,1000,34.76984,-84.03099,26,4732,753.7942,28,4.81,33.27,371.08
11/13/2026,15.1407,273.0125,40.35087,12.75957,-14.81453,40.33367,1000,34.76984,-84.03099,26,4732,689.8973,10,7.54,192.06,249.25
11/14/2026,1.029043,303.1223,76.53754,14.96935,-16.5952,46.5339,1000,34.76984,-84.03099,26,7285,797.3892,25,5.38,5.04,375.58
11/15/2026,1.750433,123.6537,57.11541,10.08372,-14.32175,34.48919,1000,34.76984,-84.03099,26,7285,392.4445,29,1.1,165.28,448.06
11/16/2026,17.00322,113.1179,31.10681,11.34199,-19.17588,41.85986,1000,34.76984,-84.03099,26,8327,971.753,48,3.46,61.17,218.6
11/17/2026,7.640885,145.6507,51.53891,14.87298,-19.89157,49.63753,1000,34.76984,-84.03099,26,8327,492.5125,66,5.34,51.95,307.98
11/18/2026,7.752685,182.1913,33.35658,17.09329,-12.95616,47.14274,1000,34.76984,-84.03099,26,8327,149.4192,21,9.58,0.98,232.45
11/19/2026,12.0404,5.8143,61.43336,14.57477,-18.48485,47.63439,1000,34.76984,-84.03099,26,9119,607.6473,44,3.13,138.48,430.17
11/20/2026,18.69895,109.7959,45.50064,16.56725,-15.91748,49.05198,1000,34.76984,-84.03099,26,9119,473.2126,83,0.3,10.76,51.18
11/21/2026,16.76126,31.79495,53.14557,13.06476,-17.64097,43.77049,1000,34.76984,-84.03099,26,9920,530.135,27,0.05,76.69,185.85
11/22/2026,1.327093,146.8804,63.44638,15.21507,-16.37792,46.80806,1000,34.76984,-84.03099,26,9920,478.4936,34,4.55,116.03,83.62
11/23/2026,6.261338,142.6367,28.01069,10.23232,-17.4247,37.88935,1000,34.76984,-84.03099,26,1253,641.6166,49,9.03,23.64,466.95
11/24/2026,19.34648,277.5446,60.56646,14.4873,-9.634858,38.60946,1000,34.76984,-84.03099,26,1253,535.9739,49,3.9,50.46,475.18
11/25/2026,11.73493,291.5899,50.43417,6.972242,-16.17944,30.12392,1000,34.76984,-84.03099,26,1253,211.3597,22,1.48,150.03,493.8
11/26/2026,6.963166,191.1127,54.23819,15.08175,-16.515,46.67851,1000,34.76984,-84.03099,26,9477,632.1451,78,5.87,100.65,405.37
11/27/2026,12.28555,346.9916,33.5204,15.6995,-18.49064,49.88964,1000,34.76984,-84.03099,26,9477,653.2998,6,3.8,45.98,69.47
11/28/2026,10.98136,341.7064,49.68961,15.29877,-16.93577,47.53331,1000,34.76984,-84.03099,26,9563,306.7175,99,7.07,7.77,333.67
11/29/2026,5.685562,225.2759,51.77799,9.491024,-18.52045,37.5025,1000,34.76984,-84.03099,26,9563,326.0852,43,8.16,35.02,58.39
11/30/2026,2.81302,359.7489,29.37652,16.02779,-17.93308,49.98866,1000,34.76984,-84.03099,26,8608,722.0222,34,7.5,28.84,53.5
12/1/2026,17.04135,7.417016,51.53672,14.91062,-19.73539,49.55663,1000,34.76984,-84.03099,26,8608,632.7479,58,9.83,147.15,381.79
12/2/2026,6.267804,45.25488,54.80344,14.41184,-19.83775,48.66143,1000,34.76984,-84.03099,26,8902,885.307,24,8.34,25.94,6.81
12/3/2026,16.94583,260.8777,65.83208,14.65556,-19.36231,48.67342,1000,34.76984,-84.03099,26,8902,661.623,37,8.38,169.93,483.53
12/4/2026,10.70088,293.8618,18.76431,10.7141,-15.79007,37.21828,1000,34.76984,-84.03099,26,8902,533.4457,4,2.51,175.35,197.92
12/5/2026,7.831506,206.8949,76.17408,14.99057,-19.03973,49.02087,1000,34.76984,-84.03099,26,2958,197.0938,20,3.42,166.04,358.15
12/6/2026,18.95733,335.3516,54.65628,13.17899,-12.1116,38.46957,1000,34.76984,-84.03099,26,2958,820.4226,11,3.08,81.83,383.84
12/7/2026,2.940354,198.1771,30.32084,14.79613,-19.5598,49.15207,1000,34.76984,-84.03099,26,1974,531.2986,17,4.78,126.76,66.09
12/8/2026,9.778022,341.2528,39.01717,12.01947,-19.93085,43.9698,1000,34.76984,-84.03099,26,1974,529.7687,19,5.99,77.99,74.69
12/9/2026,10.15578,197.3535,55.07095,19.18116,-11.63753,49.99984,1000,34.76984,-84.03099,26,6022,162.6558,95,5.84,199,123.76
12/10/2026,4.732616,61.69557,35.14132,10.55166,-17.06458,38.16791,1000,34.76984,-84.03099,26,6022,495.9546,96,7.84,176.68,494.29
12/11/2026,6.126141,8.951068,61.33849,15.24513,-18.7352,49.22546,1000,34.76984,-84.03099,26,6022,621.875,38,6.67,33.98,66.83
12/12/2026,18.85409,41.85958,52.4967,16.29144,-14.37586,46.95874,1000,34.76984,-84.03099,26,8201,278.0384,87,7.15,66.17,124.16
12/13/2026,1.324878,163.3684,32.09422,11.72511,-19.41774,42.86797,1000,34.76984,-84.03099,26,8201,661.9584,60,2.83,197.43,124.29
12/14/2026,11.97732,271.2405,61.34503,15.12764,-19.27562,49.53091,1000,34.76984,-84.03099,26,2950,353.2159,24,5.62,135.89,118.3
12/15/2026,11.60924,57.55257,25.46281,16.76239,-9.301663,42.82644,1000,34.76984,-84.03099,26,2950,690.4235,93,6.44,40.68,498.03
12/16/2026,18.65332,114.5022,37.52034,13.00591,-17.39992,43.41174,1000,34.76984,-84.03099,26,8585,499.5318,77,8.71,183.55,93.78
12/17/2026,4.597166,132.887,44.68904,10.99085,-19.70473,41.68644,1000,34.76984,-84.03099,26,8585,836.9733,31,5.27,153.48,362.54
12/18/2026,10.95752,104.9387,43.32184,13.27518,-19.67002,46.22039,1000,34.76984,-84.03099,26,8585,422.7731,31,7.75,166.71,153.48
12/19/2026,18.57339,260.9122,49.79761,12.8491,-19.4675,45.16571,1000,34.76984,-84.03099,26,6681,384.9922,87,9.54,8.99,397.93
12/20/2026,7.210993,213.885,52.6854,10.83282,-18.56146,40.2271,1000,34.76984,-84.03099,26,6681,749.4422,55,7.05,120.83,236.41
12/21/2026,5.538674,42.35697,63.6302,16.87979,-15.91805,49.67762,1000,34.76984,-84.03099,26,9569,661.6088,73,9.57,2.66,434.51
12/22/2026,11.12092,339.8462,21.92164,14.66093,-19.83724,49.15911,1000,34.76984,-84.03099,26,9569,364.146,84,7.68,72.4,124.91
12/23/2026,6.398941,200.6684,70.86153,13.73176,-18.98518,46.44869,1000,34.76984,-84.03099,26,1327,886.353,36,7.66,171.38,223.46
12/24/2026,0.4767942,0.909462,65.58993,11.03172,-16.28737,38.35081,1000,34.76984,-84.03099,26,1327,428.0885,86,1.99,136.55,356.48
12/25/2026,3.419189,176.2534,59.98137,8.049188,-19.11775,35.21612,1000,34.76984,-84.03099,26,1327,357.1553,79,2.59,129.09,386.84
12/26/2026,15.47354,308.6854,44.38475,12.12383,-13.58181,37.82946,1000,34.76984,-84.03099,26,6408,323.4079,68,9.43,59.17,428.26
12/27/2026,11.75692,292.8138,51.8744,3.14018,-19.92274,26.2031,1000,34.76984,-84.03099,26,6408,106.4315,69,9.9,150.69,326.49
12/28/2026,0.01478672,4.070778,70.02222,15.88065,-16.61676,48.37806,1000,34.76984,-84.03099,26,2569,371.0168,67,0.89,37.42,429.47
12/29/2026,0.3542757,37.71353,54.23751,2.970304,-19.50533,25.44593,1000,34.76984,-84.03099,26,2569,759.825,90,7.42,145.17,275
12/30/2026,17.42225,330.3918,69.78396,12.65784,-10.48313,35.79881,1000,34.76984,-84.03099,26,9447,629.5561,36,2.42,186.86,406.41
12/31/2026,7.429272,350.7963,51.98452,4.976008,-19.5624,29.51441,1000,34.76984,-84.03099,26,9447,241.7379,4,3.78,91.46,317.58
1/1/2027,15.8923,339.557,45.5377,16.46018,-17.04946,49.96982,1000,34.76984,-84.03099,27,9447,363.8138,75,3.43,96.72,167.14
1/2/2027,8.631734,214.5378,43.50616,14.56411,-18.33335,47.46158,1000,34.76984,-84.03099,27,8628,612.882,83,0.37,199.16,203.66
1/3/2027,12.71427,60.64814,59.9084,6.096951,-13.23259,25.42649,1000,34.76984,-84.03099,27,8628,113.1913,50,6.09,92.99,408.59
1/4/2027,2.365289,240.7241,38.01278,10.0186,-19.03096,39.06816,1000,34.76984,-84.03099,27,7685,802.9772,7,1.22,179.52,271.05
1/5/2027,19.21959,80.57631,53.9706,9.343487,-19.15973,37.8467,1000,34.76984,-84.03099,27,7685,317.9141,72,4.71,84.8,307.46
1/6/2027,1.619387,253.3711,57.46727,13.8524,-17.89639,45.6012,1000,34.76984,-84.03099,27,3565,296.2002,94,5.31,124.02,143.77
1/7/2027,4.162085,162.5004,55.32708,15.07571,-18.8094,48.96082,1000,34.76984,-84.03099,27,3565,773.647,71,6.88,24.07,416.71
1/8/2027,17.74684,294.5668,56.8418,12.63321,-18.02102,43.28743,1000,34.76984,-84.03099,27,3565,286.8401,15,2.32,120.12,458.34
1/9/2027,15.13127,89.24855,58.96778,6.74002,-13.59091,27.07095,1000,34.76984,-84.03099,27,6644,356.3913,8,8.72,31.12,278.54
1/10/2027,18.2847,277.7147,15.45295,14.72797,-18.36833,47.82427,1000,34.76984,-84.03099,27,6644,325.4294,68,6.68,12.48,277.22
1/11/2027,5.468105,71.53516,44.31794,14.4211,-18.05376,46.89597,1000,34.76984,-84.03099,27,4503,731.8469,0,3.36,122.43,484.91
1/12/2027,10.75603,33.53662,44.30605,11.41934,-15.31095,38.14964,1000,34.76984,-84.03099,27,4503,359.8398,40,0.28,98.1,50.92
1/13/2027,0.05867243,80.07012,63.25772,17.66018,-10.57697,45.89733,1000,34.76984,-84.03099,27,9862,366.9207,26,4.8,147.78,79.39
1/14/2027,10.03651,72.26661,35.00562,9.512921,-19.54983,38.57567,1000,34.76984,-84.03099,27,9862,748.4865,72,4.72,36.81,41.04
1/15/2027,13.95645,357.6632,55.06012,19.37801,-9.132279,47.8883,1000,34.76984,-84.03099,27,9862,738.3318,64,7.43,52.41,147.88
1/16/2027,9.395014,297.0743,57.12892,8.812526,-17.8243,35.44935,1000,34.76984,-84.03099,27,1843,477.3244,77,0.56,19.02,197.77
1/17/2027,13.51757,256.494,53.98692,10.54327,-18.99701,40.08355,1000,34.76984,-84.03099,27,1843,381.939,43,1.97,148.01,179.59
1/18/2027,11.57985,173.1931,46.15718,14.65125,-16.85698,46.15947,1000,34.76984,-84.03099,27,4607,443.3449,1,9.1,127.72,41.48
1/19/2027,12.08897,137.1763,50.92382,6.861935,-17.4274,31.15127,1000,34.76984,-84.03099,27,4607,478.0536,39,0.04,112.38,487.11
1/20/2027,3.716259,66.54514,36.86774,21.25356,-6.258052,48.76517,1000,34.76984,-84.03099,27,4957,656.7852,77,9.24,173.2,167.18
1/21/2027,1.315565,114.7717,28.82955,14.84167,-15.34104,45.02437,1000,34.76984,-84.03099,27,4957,511.4573,0,1.33,165.23,8.39
1/22/2027,18.60311,305.9406,47.56,13.81817,-19.1446,46.78095,1000,34.76984,-84.03099,27,6628,512.0664,64,3.61,72.19,131.68
1/23/2027,16.45652,84.66309,62.31525,14.93328,-18.51171,48.37827,1000,34.76984,-84.03099,27,6628,43.69408,23,1.33,132.94,356.24
1/24/2027,8.906647,52.49401,57.38131,11.26796,-18.8624,41.39832,1000,34.76984,-84.03099,27,6628,750.2656,96,7.79,41.37,156.8
1/25/2027,10.14688,102.3857,45.14274,16.99808,-12.73072,46.72688,1000,34.76984,-84.03099,27,6591,526.2625,91,9.53,106.89,449.49
1/26/2027,9.884277,53.23799,41.24715,15.50898,-17.94651,48.96448,1000,34.76984,-84.03099,27,6591,416.511,80,0.53,77.52,157.23
1/27/2027,9.68504,45.1687,57.95188,10.42638,-14.52516,35.37793,1000,34.76984,-84.03099,27,4067,109.5428,28,4.43,131.77,25.63
1/28/2027,7.685865,190.9829,55.11192,16.54833,-16.6192,49.71585,1000,34.76984,-84.03099,27,4067,530.2241,10,6.96,186.22,81.69
1/29/2027,16.03444,273.7346,41.11814,13.61982,-18.02859,45.26823,1000,34.76984,-84.03099,27,3117,521.265,15,1.34,155.3,98.25
1/30/2027,11.06412,117.036,62.65688,14.91668,-18.42773,48.26108,1000,34.76984,-84.03099,27,3117,548.4901,65,2.74,14.39,256.51
1/31/2027,7.96506,140.5525,54.6169,7.724319,-19.46484,34.91348,1000,34.76984,-84.03099,27,3117,409.7276,32,0.32,177.38,466.87
2/1/2027,1.070621,234.1232,53.72248,7.35989,-15.20359,29.92337,1000,34.76984,-84.03099,27,9064,574.8102,28,1.28,159.47,470.13
2/2/2027,17.01331,310.3105,44.79473,14.85624,-18.51705,48.22953,1000,34.76984,-84.03099,27,9064,304.6865,33,1.92,75.64,248.51
2/3/2027,4.443424,57.27366,34.06055,14.43462,-19.75535,48.62459,1000,34.76984,-84.03099,27,4136,464.6419,6,1.61,159.98,72.86
2/4/2027,2.066197,111.9628,40.98178,12.48092,-19.99297,44.95481,1000,34.76984,-84.03099,27,4136,500.4877,50,6.61,56.9,13.03
2/5/2027,8.258671,26.00159,33.57834,15.67932,-17.57619,48.93483,1000,34.76984,-84.03099,27,6535,285.6899,30,7.25,191.6,346.91
2/6/2027,6.592937,107.067,61.8066,14.90948,-19.84876,49.66773,1000,34.76984,-84.03099,27,6535,807.0397,78,0.03,74.6,156.99
2/7/2027,9.992033,112.8149,39.21345,7.629445,-19.62773,34.88662,1000,34.76984,-84.03099,27,6535,435.6719,31,5.77,90.38,137.7
2/8/2027,16.59807,23.41895,54.89016,15.27416,-16.44286,46.99118,1000,34.76984,-84.03099,27,7530,724.6263,30,5.7,63.28,200.48
2/9/2027,17.78303,264.3871,49.27461,0.7528114,-19.63932,21.14494,1000,34.76984,-84.03099,27,7530,40.53831,19,5.63,8.57,457.08
2/10/2027,8.291074,76.45618,36.94603,6.465193,-14.88974,27.82013,1000,34.76984,-84.03099,27,2704,381.7956,74,1.62,166.99,106.24
2/11/2027,19.16298,175.6657,49.43593,12.82153,-16.97204,42.61509,1000,34.76984,-84.03099,27,2704,321.3571,18,5.1,80.13,446.69
2/12/2027,9.754358,315.5013,65.40192,12.07008,-18.84475,42.9849,1000,34.76984,-84.03099,27,0,821.0247,85,5.23,183.72,90.85
2/13/2027,10.01826,102.684,38.90424,12.52325,-17.43269,42.47919,1000,34.76984,-84.03099,27,5252,175.6721,21,8.88,127.87,75.73
2/14/2027,10.66536,122.6222,47.95915,9.531506,-18.26132,37.32433,1000,34.76984,-84.03099,27,5252,729.9562,82,1.38,19.72,364.04
2/15/2027,3.997223,208.5108,56.5645,12.92066,-19.5903,45.43163,1000,34.76984,-84.03099,27,7430,316.0125,11,0.5,103.89,237.43
2/16/2027,12.2779,276.3995,66.82122,16.3184,-16.70875,49.34555,1000,34.76984,-84.03099,27,7430,107.9303,42,4.03,189.51,410.66
2/17/2027,12.79753,34.42111,53.30104,15.9282,-10.35237,42.20878,1000,34.76984,-84.03099,27,9499,752.8818,39,2.9,170.39,182.37
2/18/2027,7.461525,207.4538,62.06919,7.127967,-19.49328,33.74922,1000,34.76984,-84.03099,27,9499,929.5432,77,9.31,193.75,7.8
2/19/2027,5.752462,245.3155,41.19844,12.96765,-18.21091,44.1462,1000,34.76984,-84.03099,27,1364,540.6592,85,1.72,178.23,321.41
2/20/2027,6.167918,130.9894,41.65627,13.58115,-19.01838,46.18068,1000,34.76984,-84.03099,27,1364,231.2505,57,5.16,87.43,280.88
2/21/2027,11.98873,105.4864,47.25586,16.18758,-16.86579,49.24094,1000,34.76984,-84.03099,27,1364,542.72,24,6.32,124.36,271.39
2/22/2027,8.42215,53.97549,47.44719,15.91093,-17.93803,49.7599,1000,34.76984,-84.03099,27,1241,266.9079,82,5.1,37.1,308.56
2/23/2027,13.19616,132.6827,67.30854,13.26259,-18.04422,44.56941,1000,34.76984,-84.03099,27,1241,450.4999,37,2.48,50.8,15.94
2/24/2027,10.61664,146.9011,60.41748,16.25056,-14.06225,46.56336,1000,34.76984,-84.03099,27,6135,390.1754,53,0.18,81.8,270.69
2/25/2027,19.2317,334.1277,71.30917,15.02925,-19.65593,49.71444,1000,34.76984,-84.03099,27,6135,604.9462,25,2.76,168.7,402.36
2/26/2027,1.997461,266.9292,57.48656,16.49646,-16.15948,49.15239,1000,34.76984,-84.03099,27,3650,501.6563,87,1.66,194.66,349.9
2/27/2027,19.67355,247.257,38.01427,13.2351,-17.9239,44.3941,1000,34.76984,-84.03099,27,3650,489.5042,49,4.71,117.98,63.48
2/28/2027,2.60886,130.865,50.60135,9.711422,-16.70379,36.12664,1000,34.76984,-84.03099,27,3650,520.6006,80,3.24,165.69,485.12
3/1/2027,6.864828,213.9105,48.60449,10.08477,-18.636,38.80555,1000,34.76984,-84.03099,27,5338,223.8102,86,2.74,96.5,372.55
3/2/2027,17.5714,10.28303,46.88158,14.52768,-19.73023,48.7856,1000,34.76984,-84.03099,27,5338,370.2413,95,0.84,161.89,434.37
3/3/2027,3.086154,65.73253,32.55448,10.88811,-19.59919,41.3754,1000,34.76984,-84.03099,27,2139,800.682,23,6.06,38.48,39.89
3/4/2027,5.806218,50.79765,56.97897,7.404033,-17.68187,32.48993,1000,34.76984,-84.03099,27,2139,484.0305,1,6.01,64.06,158.28
3/5/2027,15.45325,67.7777,56.64523,16.42945,-15.82861,48.6875,1000,34.76984,-84.03099,27,8153,419.4185,92,1.41,4.61,363.12
3/6/2027,7.840003,144.2089,66.71017,18.12479,-11.00214,47.25172,1000,34.76984,-84.03099,27,8153,426.5867,50,7.63,196.12,421.65
3/7/2027,6.912912,236.9854,51.47794,15.87011,-17.96769,49.70791,1000,34.76984,-84.03099,27,8153,508.8725,92,8.17,85.42,393.87
3/8/2027,5.336104,347.827,72.8223,14.18628,-19.68294,48.05549,1000,34.76984,-84.03099,27,8911,446.0335,97,7.28,187.86,311.55
3/9/2027,11.14534,290.8169,61.00901,13.55777,-18.65032,45.76587,1000,34.76984,-84.03099,27,8911,267.752,16,5.34,54.62,156.68
3/10/2027,11.62707,9.491544,47.96437,18.5734,-12.37372,49.52051,1000,34.76984,-84.03099,27,9319,607.98,71,1.12,37.89,446.71
3/11/2027,14.2473,182.1197,66.06276,12.19533,-19.28707,43.67772,1000,34.76984,-84.03099,27,9319,43.54674,13,6.99,141.4,459.89
3/12/2027,7.450191,46.76399,41.88108,13.88898,-19.63307,47.41104,1000,34.76984,-84.03099,27,8532,393.5282,19,9.8,55.38,250.43
3/13/2027,14.77244,90.44192,48.44607,10.1341,-19.02052,39.28872,1000,34.76984,-84.03099,27,8532,502.6799,25,9.34,52.24,369.71
3/14/2027,18.27287,308.1354,39.63358,16.44721,-16.18175,49.07618,1000,34.76984,-84.03099,27,8532,693.4681,100,3.04,136.09,356.53
3/15/2027,16.73776,173.7158,46.8373,15.21298,-19.55274,49.97869,1000,34.76984,-84.03099,27,1569,506.9191,7,9.51,49.87,71.28
3/16/2027,11.38639,156.9052,54.14342,12.38449,-19.55484,44.32383,1000,34.76984,-84.03099,27,1569,479.0785,63,2.3,78.35,104.06
3/17/2027,5.768672,227.793,28.12768,11.02526,-16.29416,38.34468,1000,34.76984,-84.03099,27,5497,311.0866,58,6.08,64.8,374.28
3/18/2027,14.80334,173.5087,40.54789,12.65738,-12.31081,37.62558,1000,34.76984,-84.03099,27,5497,367.1357,41,1.56,195.36,476.53
3/19/2027,0.5634618,120.7038,63.85605,10.87986,-10.69946,32.45919,1000,34.76984,-84.03099,27,9547,771.127,53,7.2,118.53,492.44
3/20/2027,19.80212,96.01401,40.76453,14.08892,-17.00684,45.18469,1000,34.76984,-84.03099,27,9547,722.5283,31,3.32,36.35,445.02
3/21/2027,9.071759,94.29194,75.16879,9.097813,-14.59741,32.79304,1000,34.76984,-84.03099,27,9547,625.3768,45,4.09,95.03,205.68
3/22/2027,6.08328,190.8715,55.83674,12.69193,-19.27079,44.65464,1000,34.76984,-84.03099,27,2415,384.9584,5,3.05,18.22,218.93
3/23/2027,4.963305,349.1382,57.43287,10.15976,-12.793,33.11252,1000,34.76984,-84.03099,27,2415,410.0159,20,2.21,140.24,494.92
3/24/2027,12.29824,209.6353,57.12832,14.15621,-19.02487,47.3373,1000,34.76984,-84.03099,27,9252,262.4665,43,4.2,18.57,332.98
3/25/2027,19.70308,83.65737,41.26964,14.32174,-18.66093,47.30441,1000,34.76984,-84.03099,27,9252,823.3804,47,7.68,96.13,330.87
3/26/2027,1.210485,314.8108,55.05204,13.32667,-14.74588,41.39921,1000,34.76984,-84.03099,27,5424,453.9551,43,5.4,135.01,102.14
3/27/2027,8.717774,6.548023,34.45057,14.55594,-16.9124,46.02428,1000,34.76984,-84.03099,27,5424,372.6409,33,8.96,189.93,369.92
3/28/2027,0.08615017,334.9104,70.40224,14.48807,-18.06305,47.03919,1000,34.76984,-84.03099,27,5424,486.1804,79,3.09,68.23,101.16
3/29/2027,11.43782,257.6735,32.88127,10.54591,-13.44999,34.54181,1000,34.76984,-84.03099,27,1583,396.7445,72,8.62,79.46,498.37
3/30/2027,19.47327,299.5392,53.22313,13.05392,-18.05524,44.16309,1000,34.76984,-84.03099,27,1583,778.2051,12,6.96,137.06,121.03
3/31/2027,9.552435,129.1773,48.6176,8.19836,-14.83671,31.23343,1000,34.76984,-84.03099,27,6206,629.2166,77,4.44,152.22,428.82
4/1/2027,9.209887,41.43476,64.56939,10.67148,-17.31203,38.65498,1000,34.76984,-84.03099,27,6206,280.2746,27,3.31,9.02,465.96
4/2/2027,4.814136,255.0925,65.10064,16.1484,-17.25465,49.55145,1000,34.76984,-84.03099,27,6788,462.9526,17,7,130.64,364.79
4/3/2027,16.74772,209.6181,39.27583,14.62261,-13.85615,43.10138,1000,34.76984,-84.03099,27,6788,555.8303,96,7.43,122.89,361.24
4/4/2027,9.074026,355.0657,36.96327,8.199265,-16.98507,33.3836,1000,34.76984,-84.03099,27,6788,497.3829,97,8.33,37.19,237.27
4/5/2027,12.15132,52.2493,57.81686,13.75996,-15.13308,42.653,1000,34.76984,-84.03099,27,2110,761.8301,22,8.17,52.01,25.61
4/6/2027,12.32874,184.8756,31.49558,12.42555,-19.88856,44.73967,1000,34.76984,-84.03099,27,2110,368.7066,75,8.17,182.21,136.39
4/7/2027,16.49328,14.38604,55.49587,13.9651,-19.92367,47.85387,1000,34.76984,-84.03099,27,9209,477.0972,98,6.37,74.21,84.48
4/8/2027,3.767638,92.4586,51.79698,15.25541,-19.4844,49.99522,1000,34.76984,-84.03099,27,9209,647.1595,61,3.41,79.55,250.25
4/9/2027,14.70118,54.0775,49.51193,12.07523,-19.13777,43.28822,1000,34.76984,-84.03099,27,8738,709.5403,56,4.65,158.61,226.87
4/10/2027,8.900701,279.1087,42.01934,14.61793,-16.80577,46.04163,1000,34.76984,-84.03099,27,8738,201.3238,18,3.86,129.43,459.11
4/11/2027,4.678018,128.1746,60.33062,14.16337,-18.84041,47.16715,1000,34.76984,-84.03099,27,3760,274.5281,62,4.8,32.44,370.68
4/12/2027,7.9171,248.5028,50.43038,15.18561,-14.07257,44.44378,1000,34.76984,-84.03099,27,3760,303.8069,74,5.06,135.8,201.17
4/13/2027,11.98755,293.6755,64.13992,8.876923,-19.9332,37.68705,1000,34.76984,-84.03099,27,3760,248.3824,25,8.8,63.87,463.3
4/14/2027,19.05372,119.6423,34.26565,18.13661,-13.42607,49.69929,1000,34.76984,-84.03099,27,4278,521.1501,24,9.57,32.52,434.31
4/15/2027,5.531384,157.2677,58.9,9.714904,-18.86127,38.29107,1000,34.76984,-84.03099,27,4278,892.7699,2,7.22,51.23,341.64
4/16/2027,9.15522,293.4507,62.98169,13.69325,-19.511,46.89751,1000,34.76984,-84.03099,27,4266,431.8676,65,4.22,30.85,393.25
4/17/2027,12.00691,242.0779,56.87021,12.88117,-19.64603,45.40837,1000,34.76984,-84.03099,27,4266,623.7565,82,5.62,121.69,468.52
4/18/2027,18.80943,166.2666,65.72922,15.5783,-13.23299,44.38958,1000,34.76984,-84.03099,27,2410,620.7532,100,6.5,29.26,365.78
4/19/2027,9.507779,312.2411,54.80297,9.955754,-16.47222,36.38372,1000,34.76984,-84.03099,27,2410,324.6751,57,2.92,110.57,332.74
4/20/2027,16.26778,91.96645,68.80875,11.45244,-14.97919,37.88408,1000,34.76984,-84.03099,27,2410,293.9399,41,1.55,68.22,257.09
4/21/2027,13.43382,262.4189,53.33825,12.00209,-16.28105,40.28524,1000,34.76984,-84.03099,27,3592,222.8177,20,9.79,36.47,192.25
4/22/2027,9.917296,331.4149,49.60585,8.684533,-19.77373,37.1428,1000,34.76984,-84.03099,27,3592,212.7259,91,4.07,16.81,286.1
4/23/2027,0.6174517,142.0521,57.03149,12.72518,-19.54817,44.99853,1000,34.76984,-84.03099,27,2913,298.3571,94,7.55,32.06,95.65
4/24/2027,10.34954,27.62534,53.76607,16.44174,-15.40887,48.29235,1000,34.76984,-84.03099,27,2913,265.8164,38,3.27,117.94,188.07
4/25/2027,9.76674,3.739557,42.4609,15.80544,-17.19624,48.80711,1000,34.76984,-84.03099,27,5635,437.1793,26,4.9,125.05,484.19
4/26/2027,16.87428,324.4423,51.45515,17.53746,-13.30074,48.37567,1000,34.76984,-84.03099,27,5635,412.7435,44,8.11,136.41,81.89
4/27/2027,17.14772,202.0927,56.64428,14.59173,-16.46011,45.64357,1000,34.76984,-84.03099,27,5635,676.6386,39,1.34,27.13,141.02
4/28/2027,13.79397,59.00834,45.26734,12.19555,-18.58286,42.97396,1000,34.76984,-84.03099,27,9777,613.7949,77,6.28,39.77,438.88
4/29/2027,9.391288,257.6719,62.85738,6.717858,-19.41707,32.85279,1000,34.76984,-84.03099,27,9777,604.9704,38,3.23,34.43,301.79
4/30/2027,18.58228,270.6498,56.45045,15.08634,-19.06809,49.24078,1000,34.76984,-84.03099,27,6905,511.9327,96,2.04,37.44,395.33
5/1/2027,18.31749,75.90935,45.0028,17.59885,-13.56548,48.76317,1000,34.76984,-84.03099,27,6905,730.3943,45,8.01,16.48,372.86
5/2/2027,12.5296,71.35972,58.06987,16.2987,-15.2529,47.85029,1000,34.76984,-84.03099,27,8632,413.4618,57,3.03,139.52,497.9
5/3/2027,13.49495,140.0004,62.46936,13.4431,-15.7956,42.68181,1000,34.76984,-84.03099,27,8632,296.4395,98,6.5,30.06,162.38
5/4/2027,16.47042,129.8001,50.87561,3.990693,-19.72516,27.70655,1000,34.76984,-84.03099,27,8632,471.1759,42,2.55,30.48,239.55
5/5/2027,3.257239,155.1016,39.6777,15.04158,-19.8155,49.89865,1000,34.76984,-84.03099,27,6662,732.0303,83,4.4,114.59,239.24
5/6/2027,18.82837,43.10027,28.18009,15.77081,-17.47953,49.02116,1000,34.76984,-84.03099,27,6662,433.0163,29,3.84,164.82,480.78
5/7/2027,11.70362,48.69394,58.15392,13.98975,-15.80435,43.78384,1000,34.76984,-84.03099,27,7049,392.9682,17,0.71,144.88,234.3
5/8/2027,16.66655,149.432,34.72303,6.686998,-19.77816,33.15215,1000,34.76984,-84.03099,27,7049,657.9807,2,1.22,160.67,362.26
5/9/2027,0.8596134,97.56441,74.63775,15.25976,-15.67484,46.19435,1000,34.76984,-84.03099,27,7726,564.6378,21,3.81,78.1,158.39
5/10/2027,2.040491,97.30456,39.64131,10.46307,-19.88781,40.81395,1000,34.76984,-84.03099,27,7726,900.9739,71,0.42,103.42,270.56
5/11/2027,13.1365,207.4068,49.34135,15.34442,-17.76393,48.45277,1000,34.76984,-84.03099,27,7726,406.2284,75,0.83,56.48,125.07
5/12/2027,18.25229,41.93932,56.89468,12.03965,-14.02134,38.10064,1000,34.76984,-84.03099,27,5373,425.8202,15,7.62,35.67,94.82
5/13/2027,0.6463695,170.7708,42.6762,13.58784,-19.77005,46.94574,1000,34.76984,-84.03099,27,5373,655.1712,39,7.83,69.7,97.35
5/14/2027,4.139452,41.30379,56.9283,16.54642,-14.87256,47.9654,1000,34.76984,-84.03099,27,2122,345.4778,79,1.08,125.91,150.27
5/15/2027,17.68053,153.9632,63.23945,13.41667,-18.58445,45.41778,1000,34.76984,-84.03099,27,2122,484.688,18,8.12,81.74,183.95
5/16/2027,12.41573,48.73947,52.50754,8.602798,-16.80676,34.01236,1000,34.76984,-84.03099,27,5592,634.8901,73,0.14,147.77,178.26
5/17/2027,10.99641,351.5974,51.51484,16.10682,-17.21951,49.43315,1000,34.76984,-84.03099,27,5592,675.1503,90,6.41,8.74,202.85
5/18/2027,9.428195,331.8658,40.80549,12.82848,-19.82006,45.47703,1000,34.76984,-84.03099,27,5592,716.3524,49,5.88,33.15,187.31
5/19/2027,19.01229,68.21063,58.91722,15.51477,-16.97803,48.00757,1000,34.76984,-84.03099,27,4432,280.9856,93,0.35,151.08,88.84
5/20/2027,15.21562,64.2532,59.8548,14.38645,-17.12925,45.90214,1000,34.76984,-84.03099,27,4432,493.4809,55,7.65,4.83,297.3
5/21/2027,18.61929,30.1437,63.19421,13.50818,-17.12543,44.14179,1000,34.76984,-84.03099,27,3881,838.8749,88,1.15,97.32,134.35
5/22/2027,6.822833,52.94698,28.06087,7.48118,-19.57542,34.53778,1000,34.76984,-84.03099,27,3881,458.4653,23,5.38,35.79,302.81
5/23/2027,17.95913,252.6483,43.01329,11.4777,-19.86348,42.81888,1000,34.76984,-84.03099,27,3368,498.8879,19,1.67,155.99,46.54
5/24/2027,13.16854,167.1967,40.44214,8.640287,-19.89418,37.17475,1000,34.76984,-84.03099,27,3368,797.1036,9,8.8,176.82,393.8
5/25/2027,4.347522,289.85,42.79938,7.085919,-19.92441,34.09625,1000,34.76984,-84.03099,27,8621,512.3711,14,2.04,151.5,138.87
5/26/2027,11.62146,71.92157,41.99585,15.50262,-12.13175,43.13699,1000,34.76984,-84.03099,27,8621,222.9173,69,1.48,193.65,51.13
5/27/2027,5.536991,39.4583,56.14398,10.1023,-12.40491,32.60952,1000,34.76984,-84.03099,27,8621,915.4424,68,6.53,67.89,30.1
5/28/2027,19.85962,179.4018,50.33531,17.14518,-15.17829,49.46866,1000,34.76984,-84.03099,27,7534,636.8282,39,5.28,108.75,187.82
5/29/2027,17.97739,244.404,60.85828,12.52741,-19.48776,44.54258,1000,34.76984,-84.03099,27,7534,384.527,57,1.39,171.7,414.63
5/30/2027,12.33832,272.5576,50.11898,13.82252,-17.74029,45.38533,1000,34.76984,-84.03099,27,4290,426.0981,50,2.51,30.82,365.64
5/31/2027,2.688708,212.983,51.78083,12.02041,-19.67804,43.71885,1000,34.76984,-84.03099,27,4290,437.1879,80,1.32,115.61,213.32
6/1/2027,17.60876,272.5145,32.8808,14.55004,-17.012,46.11208,1000,34.76984,-84.03099,27,4965,406.9631,43,5.78,176.62,397.35
6/2/2027,0.6272364,308.005,54.93812,9.786029,-19.39152,38.96357,1000,34.76984,-84.03099,27,4965,340.4423,40,4.08,190.17,241.38
6/3/2027,3.445525,114.328,62.82985,14.80582,-17.03472,46.64636,1000,34.76984,-84.03099,27,4965,514.7853,7,1.62,167.86,84.9
6/4/2027,10.68265,141.2756,58.97104,14.77138,-18.26921,47.81198,1000,34.76984,-84.03099,27,1902,397.446,16,0.6,159.16,205.32
6/5/2027,16.64244,142.1049,61.04449,18.08006,-12.13991,48.30004,1000,34.76984,-84.03099,27,1902,266.6592,67,0.62,55.92,371.27
6/6/2027,9.789213,255.8677,52.77034,14.88582,-17.15049,46.92212,1000,34.76984,-84.03099,27,6612,752.3926,39,4.32,168.7,420.75
6/7/2027,16.03209,22.49056,48.11313,14.79186,-19.04831,48.63203,1000,34.76984,-84.03099,27,6612,246.4098,51,4.85,178.48,414.23
6/8/2027,0.8237576,217.1568,48.72819,15.12822,-16.33731,46.59375,1000,34.76984,-84.03099,27,5763,218.2264,100,0.84,49.36,97.31
6/9/2027,9.092063,143.5361,41.09612,15.82436,-13.46845,45.11718,1000,34.76984,-84.03099,27,5763,767.3602,33,7.35,13.97,303.99
6/10/2027,11.13962,325.9472,53.68695,12.60662,-17.36185,42.57509,1000,34.76984,-84.03099,27,5763,543.4572,34,6.07,127.03,345.29
6/11/2027,10.12784,141.4578,60.28833,4.453232,-19.69749,28.60396,1000,34.76984,-84.03099,27,9493,276.7955,7,4.2,144.47,470.98
6/12/2027,15.09818,248.7903,68.85316,7.034524,-19.69842,33.76747,1000,34.76984,-84.03099,27,9493,457.3682,90,4.1,164.16,192.68
6/13/2027,13.97942,247.3253,56.81818,10.05248,-9.372028,29.47699,1000,34.76984,-84.03099,27,6002,539.5909,52,0.43,85.53,395.7
6/14/2027,9.341761,189.5565,52.26954,12.70079,-18.69803,44.09961,1000,34.76984,-84.03099,27,6002,179.1528,59,6.05,154.86,262.42
6/15/2027,9.516436,1.975479,57.39337,12.02183,-15.22534,39.269,1000,34.76984,-84.03099,27,3240,708.0471,53,4.34,8.35,129.42
6/16/2027,8.92376,300.443,57.41697,15.95224,-16.43087,48.33534,1000,34.76984,-84.03099,27,3240,564.9625,40,6.5,41.89,54.12
6/17/2027,5.567194,302.5732,38.60668,15.60709,-18.19298,49.40716,1000,34.76984,-84.03099,27,3240,736.8586,3,3.79,135.83,426.31
6/18/2027,5.248231,165.3353,45.59845,13.39955,-19.90899,46.70809,1000,34.76984,-84.03099,27,7976,312.084,57,1.57,136.07,348.79
6/19/2027,18.30714,309.5854,55.56933,7.680796,-19.25611,34.6177,1000,34.76984,-84.03099,27,7976,505.4928,42,3.74,173.6,75.86
6/20/2027,15.71945,338.3656,51.06841,14.37611,-19.8614,48.61362,1000,34.76984,-84.03099,27,6495,394.0287,81,9.62,106.91,346.93
6/21/2027,14.21828,14.49792,73.23026,11.93224,-17.31537,41.17985,1000,34.76984,-84.03099,27,6495,361.4564,1,0.05,2.29,313.19
6/22/2027,17.63737,333.5656,43.83298,11.46187,-16.73409,39.65783,1000,34.76984,-84.03099,27,5500,699.3076,95,6.97,18.47,428.7
6/23/2027,18.3745,349.9365,49.30181,11.56849,-16.53374,39.67071,1000,34.76984,-84.03099,27,5500,203.3769,32,9.34,154.89,499.13
6/24/2027,4.562762,243.129,63.03285,13.02979,-18.59086,44.65044,1000,34.76984,-84.03099,27,5500,671.7704,11,1.25,185.73,45.62
6/25/2027,18.26604,17.3872,53.04638,16.9342,-14.76794,48.63634,1000,34.76984,-84.03099,27,3619,400.5724,71,9.57,30.06,189.7
6/26/2027,5.101327,284.4411,58.18708,10.60933,-19.17849,40.39715,1000,34.76984,-84.03099,27,3619,433.9654,5,1.38,195.89,449.17
6/27/2027,18.28239,171.9364,55.28354,12.32174,-12.87335,37.51682,1000,34.76984,-84.03099,27,5639,376.6625,48,8.12,175.25,26.62
6/28/2027,19.04371,59.47964,50.03372,12.58205,-19.99447,45.15858,1000,34.76984,-84.03099,27,5639,746.5441,90,7.84,144.33,369.75
6/29/2027,0.9670329,309.4354,61.67685,15.32811,-17.92799,48.58421,1000,34.76984,-84.03099,27,2332,414.2276,97,7.34,173.26,420.39
6/30/2027,7.712804,41.24315,43.11237,13.46507,-16.48082,43.41097,1000,34.76984,-84.03099,27,2332,353.4818,5,6.37,159.82,181.07
7/1/2027,2.853756,27.75498,37.40533,14.83672,-18.4608,48.13424,1000,34.76984,-84.03099,27,2332,712.9466,82,5.81,157.11,310.37
7/2/2027,7.678555,92.17064,43.6798,12.28731,-17.15598,41.73059,1000,34.76984,-84.03099,27,6099,391.6324,95,7.92,44.88,26.09
7/3/2027,3.270228,188.9415,56.20445,17.47684,-14.66634,49.62003,1000,34.76984,-84.03099,27,6099,422.5601,59,2.38,92.78,418.41
7/4/2027,17.83986,266.4373,42.86331,9.955726,-19.66527,39.57672,1000,34.76984,-84.03099,27,5575,480.7092,10,5.88,123.04,124.38
7/5/2027,0.7910109,358.391,46.07645,14.501,-17.65463,46.65663,1000,34.76984,-84.03099,27,5575,457.101,79,7.69,177.62,176.11
7/6/2027,4.436593,121.6206,47.35152,13.92983,-17.54739,45.40705,1000,34.76984,-84.03099,27,5115,305.1859,86,8.29,12.8,176.49
7/7/2027,15.1717,319.1804,51.49285,10.44988,-15.09414,35.9939,1000,34.76984,-84.03099,27,5115,701.7996,57,3.06,165.18,121.24
7/8/2027,11.47105,277.8742,56.15834,15.42645,-16.91551,47.76841,1000,34.76984,-84.03099,27,5115,390.6506,15,2.61,74.53,488.28
7/9/2027,18.4836,288.7563,56.26686,10.46447,-18.40238,39.33133,1000,34.76984,-84.03099,27,3131,561.3534,74,6.24,131.68,388.19
7/10/2027,6.589211,103.1918,55.41606,7.776665,-19.44748,35.00081,1000,34.76984,-84.03099,27,3131,475.1595,31,7.64,84.23,423.33
7/11/2027,13.54215,299.6895,27.4692,18.85611,-10.10572,47.81793,1000,34.76984,-84.03099,27,8164,668.8397,49,4.28,0.66,219.55
7/12/2027,8.367142,286.5402,49.11122,16.23549,-14.36381,46.83479,1000,34.76984,-84.03099,27,8164,532.9077,38,9.76,151.32,116.65
7/13/2027,1.532328,27.85403,58.82416,11.36411,-15.27412,38.00233,1000,34.76984,-84.03099,27,2456,755.0033,2,6.76,172.05,397.2
7/14/2027,5.723232,236.8004,41.35756,13.51544,-19.5558,46.58668,1000,34.76984,-84.03099,27,2456,270.6592,12,3.9,121.94,10.75
7/15/2027,5.961047,189.9831,47.81305,7.642687,-14.91512,30.20049,1000,34.76984,-84.03099,27,1365,98.89751,57,9.43,78.43,456.01
7/16/2027,5.111741,352.7101,69.87826,17.64704,-11.90786,47.20194,1000,34.76984,-84.03099,27,1365,740.1602,64,6.56,102.87,386.89
7/17/2027,5.912157,37.0256,49.62447,14.84766,-19.38504,49.08036,1000,34.76984,-84.03099,27,1365,491.7525,56,0.84,94.39,443.57
7/18/2027,15.18978,47.05968,65.64988,6.496359,-18.35093,31.34365,1000,34.76984,-84.03099,27,7247,603.52,4,2.9,0.17,259.91
7/19/2027,1.537416,124.4777,43.74056,15.18014,-18.60715,48.96744,1000,34.76984,-84.03099,27,7247,484.8769,55,7.6,141.31,239.39
7/20/2027,13.51306,313.8379,38.35818,15.36686,-19.2489,49.98262,1000,34.76984,-84.03099,27,5319,704.7755,28,6.17,193.02,172.23
7/21/2027,4.666142,256.4816,50.75064,15.873,-17.62625,49.37225,1000,34.76984,-84.03099,27,5319,319.1002,26,9.96,93.51,307.99
7/22/2027,12.74752,19.35001,49.1829,17.03358,-14.15643,48.22358,1000,34.76984,-84.03099,27,4577,202.5183,52,7.53,79.13,351.64
7/23/2027,2.833049,134.2551,61.58394,14.70794,-17.50926,46.92513,1000,34.76984,-84.03099,27,4577,642.1642,49,1.5,182.16,287.67
7/24/2027,10.19696,243.8323,42.95248,5.977207,-15.69005,27.64446,1000,34.76984,-84.03099,27,4577,364.3748,46,0.18,199.58,63.32
7/25/2027,12.58415,101.4425,48.20539,10.66916,-18.54569,39.88401,1000,34.76984,-84.03099,27,5854,707.0931,98,7.16,100.28,53.82
7/26/2027,17.00426,242.5458,42.36194,9.777134,-19.62028,39.17455,1000,34.76984,-84.03099,27,5854,251.4496,92,1.6,26.43,419.65
7/27/2027,13.88066,327.2993,67.94935,12.64031,-19.49414,44.77476,1000,34.76984,-84.03099,27,3992,546.1884,29,9.35,177.24,224.52
7/28/2027,2.399359,305.0726,47.34658,13.55087,-18.03794,45.13969,1000,34.76984,-84.03099,27,3992,765.6306,72,8.48,65.05,212.61
7/29/2027,17.13754,105.2774,37.02313,10.90637,-14.94693,36.75966,1000,34.76984,-84.03099,27,1129,193.3797,41,3.36,135.88,437.7
7/30/2027,18.93093,230.1859,55.41077,15.92473,-15.56041,47.40987,1000,34.76984,-84.03099,27,1129,345.7966,93,9.92,143.73,150.12
7/31/2027,1.106443,318.1347,23.51344,10.5361,-17.43927,38.51146,1000,34.76984,-84.03099,27,1129,508.2762,32,4.99,163.79,473.81
8/1/2027,2.761312,155.7992,39.58666,15.35919,-18.90931,49.62769,1000,34.76984,-84.03099,27,9238,337.2274,89,0.18,133.42,149.03
8/2/2027,5.340777,242.9227,33.90689,12.05765,-18.85369,42.96899,1000,34.76984,-84.03099,27,9238,275.545,64,1.97,57.29,408.46
8/3/2027,11.62929,307.6992,45.01641,10.09317,-19.31285,39.4992,1000,34.76984,-84.03099,27,3771,428.9151,85,6.73,42.08,180.04
8/4/2027,3.812757,140.5579,55.00052,16.67566,-14.27998,47.63129,1000,34.76984,-84.03099,27,3771,381.8359,27,5.79,123.91,294.47
8/5/2027,12.11727,262.4049,26.50272,13.25462,-17.8123,44.32155,1000,34.76984,-84.03099,27,3851,243.2553,87,2.52,78.43,141.89
8/6/2027,6.420084,45.66811,48.91401,12.66566,-18.20707,43.53838,1000,34.76984,-84.03099,27,3851,502.5167,54,6.64,46.94,452.08
8/7/2027,19.3384,145.4803,88.42254,13.11697,-19.81402,46.04796,1000,34.76984,-84.03099,27,3851,672.8924,26,8.33,58.78,17.16
8/8/2027,6.801244,188.7645,42.37977,9.220939,-16.02062,34.4625,1000,34.76984,-84.03099,27,7908,728.5541,88,5.45,32.48,172.05
8/9/2027,13.71567,203.5658,54.15578,14.9572,-15.37168,45.28607,1000,34.76984,-84.03099,27,7908,384.2343,95,2.86,171.22,419.85
8/10/2027,8.630897,251.0271,42.37443,18.23875,-12.94599,49.4235,1000,34.76984,-84.03099,27,3297,660.3451,93,5.07,38.94,230.66
8/11/2027,15.5705,239.7442,71.97457,9.080462,-16.40217,34.5631,1000,34.76984,-84.03099,27,3297,206.4083,76,2.65,1.22,238.47
8/12/2027,1.595716,174.9845,27.06751,11.74354,-15.7587,39.24578,1000,34.76984,-84.03099,27,2552,296.2697,18,3.71,53.75,478.93
8/13/2027,18.25714,20.06202,27.96726,13.66175,-15.17134,42.49485,1000,34.76984,-84.03099,27,2552,399.496,62,0.3,119.07,389.55
8/14/2027,4.893889,177.5833,38.0262,14.08319,-19.18103,47.34742,1000,34.76984,-84.03099,27,2552,611.1319,50,4.19,170.9,33.58
8/15/2027,10.18605,228.7527,70.61332,15.29443,-19.33051,49.91937,1000,34.76984,-84.03099,27,6737,693.2482,93,1.67,157.73,112.77
8/16/2027,5.194007,305.7952,63.34724,8.573583,-16.85818,34.00534,1000,34.76984,-84.03099,27,6737,530.7767,63,6.58,126.1,147.3
8/17/2027,19.61954,342.8785,57.81258,15.91837,-14.78819,46.62494,1000,34.76984,-84.03099,27,7710,516.6283,54,0.22,54.47,61.39
8/18/2027,15.8364,222.5541,43.74255,9.696741,-10.56015,29.95363,1000,34.76984,-84.03099,27,7710,118.7474,38,4.56,51.31,305.43
8/19/2027,3.218803,255.5171,43.37236,6.296388,-19.46365,32.05643,1000,34.76984,-84.03099,27,7357,557.0031,86,3.89,145.82,248.35
8/20/2027,11.34504,352.5357,67.49487,19.71908,-9.408504,48.84666,1000,34.76984,-84.03099,27,7357,482.4428,27,1.05,131.28,183.32
8/21/2027,3.457205,207.285,50.17323,13.51677,-18.11427,45.14781,1000,34.76984,-84.03099,27,7357,404.5007,70,2.51,20.05,313.79
8/22/2027,13.95261,214.6311,61.57701,14.51907,-16.57571,45.61384,1000,34.76984,-84.03099,27,4730,60.59813,13,0.66,77.73,499.19
8/23/2027,1.389439,321.4439,26.49613,15.94746,-17.87416,49.76907,1000,34.76984,-84.03099,27,4730,239.1046,32,3.59,85.78,252.2
8/24/2027,3.017464,140.5644,49.64107,14.6015,-18.31274,47.51574,1000,34.76984,-84.03099,27,3455,477.4485,26,8.17,110.83,131.14
8/25/2027,17.82043,187.8106,50.60286,15.75512,-16.8868,48.39705,1000,34.76984,-84.03099,27,3455,240.8085,53,7.85,45.35,24.6
8/26/2027,3.48805,328.0301,49.21352,14.05459,-17.50954,45.61872,1000,34.76984,-84.03099,27,9257,797.8815,24,6.57,100.52,211.93
8/27/2027,6.03733,170.9566,26.33135,9.630625,-19.6643,38.92554,1000,34.76984,-84.03099,27,9257,635.6168,50,7.6,127.75,75.69
8/28/2027,10.86166,257.8002,60.99664,17.00179,-15.85271,49.85628,1000,34.76984,-84.03099,27,3926,396.7426,75,3.65,126.68,392.34
8/29/2027,5.692955,294.2671,60.28828,12.8252,-18.90466,44.55506,1000,34.76984,-84.03099,27,3926,310.8528,19,9.73,110.07,51.09
8/30/2027,17.12027,291.5328,64.44685,14.52015,-16.32303,45.36334,1000,34.76984,-84.03099,27,3926,190.1546,4,6.42,52.24,450.74
8/31/2027,5.912975,114.3908,64.60465,10.47805,-18.06193,39.01802,1000,34.76984,-84.03099,27,7479,581.9113,56,8.01,83.62,221.27
9/1/2027,8.822924,226.4861,54.96739,12.445,-13.93756,38.82756,1000,34.76984,-84.03099,27,7479,576.0251,96,6.85,118.37,62.83
9/2/2027,5.110498,315.202,35.97065,12.68435,-14.43085,39.79955,1000,34.76984,-84.03099,27,8248,236.9564,99,2.75,5.89,340.18
9/3/2027,0.0282383,299.3163,36.2024,14.35386,-18.11616,46.82388,1000,34.76984,-84.03099,27,8248,840.7903,26,7.71,196.54,30.65
9/4/2027,16.35528,264.6346,56.96749,15.94493,-16.79119,48.68105,1000,34.76984,-84.03099,27,1462,887.5494,98,1.12,145.09,236.96
9/5/2027,12.53589,243.474,72.29497,15.25409,-17.57593,48.08411,1000,34.76984,-84.03099,27,1462,429.6113,64,7.66,102.43,111.74
9/6/2027,1.89858,103.2912,54.14073,13.74056,-15.06907,42.55019,1000,34.76984,-84.03099,27,1462,819.3496,89,8.26,70.44,56.57
9/7/2027,3.222334,1.308103,52.7199,15.50665,-18.34525,49.35856,1000,34.76984,-84.03099,27,8775,471.286,92,3.76,9.79,350.3
9/8/2027,17.56039,322.0284,52.61894,8.738692,-17.54627,35.02365,1000,34.76984,-84.03099,27,8775,249.9676,20,4.49,127.71,440.3
9/9/2027,8.755831,305.1443,48.01824,9.088644,-19.94803,38.12532,1000,34.76984,-84.03099,27,6588,554.8025,37,3.73,78.93,284.91
9/10/2027,9.642576,263.0223,56.45205,16.52602,-16.43354,49.48559,1000,34.76984,-84.03099,27,6588,564.4575,96,9.76,64.08,31.67
9/11/2027,13.51948,188.521,62.70566,15.03841,-18.50137,48.57819,1000,34.76984,-84.03099,27,4527,474.7226,83,6.68,16.81,380.74
9/12/2027,17.94293,341.067,42.21613,14.4663,-19.18443,48.11703,1000,34.76984,-84.03099,27,4527,648.0862,22,4.21,151.12,20.73
9/13/2027,13.30699,302.2325,31.54887,12.31674,-16.09459,40.72807,1000,34.76984,-84.03099,27,4527,839.5356,99,8.45,64.25,481.1
9/14/2027,19.50522,149.9231,43.09678,14.82438,-16.1512,45.79995,1000,34.76984,-84.03099,27,1849,668.2478,99,3.35,62.18,216.45
9/15/2027,0.2037954,165.8642,60.67798,15.73153,-18.4099,49.87296,1000,34.76984,-84.03099,27,1849,727.117,44,8.72,119.52,495.82
9/16/2027,10.22182,142.9027,69.21763,13.585,-17.52024,44.69023,1000,34.76984,-84.03099,27,8553,498.398,26,8.81,111.57,452.42
9/17/2027,6.47874,284.2071,60.45294,14.03696,-19.51179,47.58571,1000,34.76984,-84.03099,27,8553,569.868,85,7.82,104.64,133.55
9/18/2027,2.870464,290.3961,37.77591,14.46169,-18.67361,47.59698,1000,34.76984,-84.03099,27,1961,369.7374,68,1.29,33.98,22.9
9/19/2027,10.09465,116.161,53.81361,13.83592,-18.95448,46.62632,1000,34.76984,-84.03099,27,1961,264.7748,55,0.22,70.2,67
9/20/2027,16.64688,281.7957,60.3587,8.024621,-19.04681,35.09605,1000,34.76984,-84.03099,27,1961,564.8931,84,7.59,32.66,153.26
9/21/2027,19.333,303.5975,64.67128,10.60463,-16.4098,37.61906,1000,34.76984,-84.03099,27,6066,362.3926,22,6.72,40.21,431.24
9/22/2027,1.680548,254.83,56.52757,14.06007,-12.87488,40.99503,1000,34.76984,-84.03099,27,6066,320.9291,43,8.09,86.69,348.18
9/23/2027,16.21434,356.5766,38.19055,16.32254,-16.82635,49.47143,1000,34.76984,-84.03099,27,7181,349.6009,92,7.91,110.71,351.27
9/24/2027,0.3596497,97.54604,49.95858,16.21589,-16.90322,49.33501,1000,34.76984,-84.03099,27,7181,483.6195,84,7.75,136.15,191.87
9/25/2027,4.508235,128.5934,57.11942,16.74365,-15.20945,48.69675,1000,34.76984,-84.03099,27,7315,444.5491,0,5.81,3.39,421.78
9/26/2027,8.063759,202.6721,46.75678,13.79567,-17.19668,44.78802,1000,34.76984,-84.03099,27,7315,630.0595,91,6.26,57.72,135.75
9/27/2027,13.10287,344.4198,49.49356,16.319,-17.17065,49.80864,1000,34.76984,-84.03099,27,7315,385.6278,2,7.18,30.33,199.28
9/28/2027,16.76698,159.1213,62.70755,14.97117,-18.57526,48.5176,1000,34.76984,-84.03099,27,8172,351.774,29,5.23,194.92,459.17
9/29/2027,10.01045,302.3947,47.00949,13.01292,-12.50181,38.52764,1000,34.76984,-84.03099,27,8172,930.7488,51,9.04,186.01,68.91
9/30/2027,4.705646,247.4248,53.31194,10.81608,-19.49039,41.12254,1000,34.76984,-84.03099,27,2222,561.0601,59,6.76,118.76,175.68
10/1/2027,5.067469,6.089644,41.65135,5.073149,-18.41058,28.55688,1000,34.76984,-84.03099,27,2222,862.1935,13,6.37,96.82,470.73
10/2/2027,10.60514,294.9165,73.24194,6.72423,-18.11138,31.55984,1000,34.76984,-84.03099,27,6183,833.3104,59,8.4,106.45,397.54
10/3/2027,19.47379,257.0096,54.50549,14.58832,-19.11833,48.29496,1000,34.76984,-84.03099,27,6183,593.0753,15,7.61,106.79,68.05
10/4/2027,10.98247,23.51353,34.92382,14.58412,-19.86543,49.03368,1000,34.76984,-84.03099,27,6183,449.5989,88,9.94,98.8,156.24
10/5/2027,15.8356,153.5056,48.50982,10.85401,-19.51622,41.22424,1000,34.76984,-84.03099,27,9219,500.719,25,2.9,69.9,23.07
10/6/2027,8.267842,161.508,53.8872,9.382698,-19.66977,38.43516,1000,34.76984,-84.03099,27,9219,149.0929,98,9.91,56.96,162.17
10/7/2027,16.85928,41.83233,40.83419,16.34293,-15.7561,48.44195,1000,34.76984,-84.03099,27,1087,563.4741,2,0.79,197.48,6.87
10/8/2027,1.267183,46.70777,52.11539,14.45488,-16.9588,45.86856,1000,34.76984,-84.03099,27,1087,668.6407,37,8.38,116.51,328.79
10/9/2027,0.8176613,9.242849,48.46338,9.380972,-18.611,37.37295,1000,34.76984,-84.03099,27,5877,236.3634,76,5.55,108.2,437.67
10/10/2027,0.4809237,34.22988,40.53385,13.44836,-19.42155,46.31827,1000,34.76984,-84.03099,27,5877,476.9865,26,1.83,52.57,276.77
10/11/2027,19.93424,330.8552,47.59082,15.12433,-15.34924,45.59789,1000,34.76984,-84.03099,27,5877,314.5561,63,3.42,150.58,495.53
10/12/2027,17.24118,126.6229,36.33139,12.16508,-15.37551,39.70567,1000,34.76984,-84.03099,27,7483,81.86793,61,0.13,129.64,126.81
10/13/2027,5.415379,231.8965,31.49251,7.770787,-19.08521,34.62678,1000,34.76984,-84.03099,27,7483,392.2654,68,7.03,58.21,195.28
10/14/2027,16.93341,36.46161,61.48892,14.42811,-17.66255,46.51878,1000,34.76984,-84.03099,27,4878,792.8342,46,5.81,129.04,103.17
10/15/2027,8.474649,38.04814,32.341,9.408837,-19.4414,38.25908,1000,34.76984,-84.03099,27,4878,342.2869,93,3.02,94.3,98.71
10/16/2027,15.32706,38.15307,58.48206,11.56157,-13.7843,36.90744,1000,34.76984,-84.03099,27,5249,493.3078,48,4.35,37.91,435.47
10/17/2027,9.42608,168.4147,47.08728,4.847642,-18.99232,28.6876,1000,34.76984,-84.03099,27,5249,548.848,47,4.4,141.02,256
10/18/2027,16.98719,284.4678,75.27078,16.43203,-16.92594,49.78999,1000,34.76984,-84.03099,27,9263,723.8564,31,4.25,189.88,396.47
10/19/2027,16.97961,311.8248,54.12521,14.09688,-18.24651,46.44027,1000,34.76984,-84.03099,27,9263,662.6733,40,2.53,162.59,178.7
10/20/2027,14.09351,213.9486,48.60512,8.242051,-16.97685,33.46095,1000,34.76984,-84.03099,27,9263,699.7776,40,0.96,0.68,61.55
10/21/2027,1.188281,171.9454,41.31075,14.61972,-15.27391,44.51336,1000,34.76984,-84.03099,27,5081,170.5096,7,4.88,152.56,9.18
10/22/2027,6.816665,271.9364,63.74266,7.47775,-16.9096,31.8651,1000,34.76984,-84.03099,27,5081,572.9221,73,5.49,194.88,80.31
10/23/2027,16.13275,125.0821,65.58381,11.78419,-16.1254,39.69379,1000,34.76984,-84.03099,27,1899,423.8111,24,5.05,69,383.23
10/24/2027,13.23543,137.864,56.60663,14.67631,-18.16623,47.51885,1000,34.76984,-84.03099,27,1899,433.028,29,6.26,39.69,185.09
10/25/2027,11.79667,331.2001,54.83405,10.88187,-19.85731,41.62105,1000,34.76984,-84.03099,27,1989,415.3898,90,2.27,97.37,378.77
10/26/2027,5.834199,277.6737,69.43283,11.40097,-19.6801,42.48204,1000,34.76984,-84.03099,27,1989,362.4435,59,6.94,8.79,100.43
10/27/2027,7.255279,172.123,43.26907,9.991898,-19.81026,39.79405,1000,34.76984,-84.03099,27,1989,178.8495,39,1.78,133.13,65.26
10/28/2027,18.43079,69.55101,88.04211,5.21671,-19.7716,30.20502,1000,34.76984,-84.03099,27,5932,738.8514,58,0.7,158.1,336.89
10/29/2027,8.987392,69.67593,48.3414,13.51981,-16.11721,43.15684,1000,34.76984,-84.03099,27,5932,256.6696,46,1.85,14.35,236.98
10/30/2027,4.761293,99.35286,42.81363,7.349161,-19.59172,34.29004,1000,34.76984,-84.03099,27,1862,661.3016,77,1.59,58.44,488.44
10/31/2027,8.661648,211.1174,41.22519,15.87298,-17.98408,49.73003,1000,34.76984,-84.03099,27,1862,844.0765,7,6.08,154.18,136.29
11/1/2027,16.75618,63.56269,57.73544,11.19339,-17.45147,39.83824,1000,34.76984,-84.03099,27,4827,862.4216,44,4.48,122.59,488.07
11/2/2027,3.882351,173.6513,41.25821,9.909853,-13.50677,33.32648,1000,34.76984,-84.03099,27,4827,848.3832,32,5.57,160.18,389.43
11/3/2027,0.7161522,74.01125,46.89576,9.545517,-17.01136,36.1024,1000,34.76984,-84.03099,27,4827,636.3785,71,2.83,175.97,120.35
11/4/2027,10.44451,31.20061,43.79445,20.98986,-5.384973,47.3647,1000,34.76984,-84.03099,27,4634,602.5272,19,6.52,126.03,367.03
11/5/2027,7.941934,115.474,51.05964,13.45264,-19.2986,46.20389,1000,34.76984,-84.03099,27,4634,502.9662,18,1.85,185.75,140.4
11/6/2027,2.711668,269.0973,62.88574,14.77819,-19.95391,49.5103,1000,34.76984,-84.03099,27,1103,684.5948,3,1.03,193.99,264.17
11/7/2027,18.77757,35.59407,66.32354,15.87047,-17.41594,49.15689,1000,34.76984,-84.03099,27,1103,381.2542,9,9.24,115.68,465.31
11/8/2027,11.57552,270.4234,49.05545,14.83359,-19.16328,48.83047,1000,34.76984,-84.03099,27,8418,689.586,17,8.76,29.41,387.25
11/9/2027,2.27129,123.0383,30.00823,15.39202,-17.93521,48.71924,1000,34.76984,-84.03099,27,8418,474.8589,1,8.8,175.37,87.85
11/10/2027,9.619318,308.7258,43.62024,12.93649,-18.84592,44.71889,1000,34.76984,-84.03099,27,8418,612.9048,55,8.97,137.05,426.07
11/11/2027,2.1963,205.3987,43.77765,6.23751,-19.61256,32.08758,1000,34.76984,-84.03099,27,9553,219.0643,35,4.38,42.1,147.08
11/12/2027,12.77895,243.2666,58.05521,3.708189,-19.62034,27.03672,1000,34.76984,-84.03099,27,9553,662.7596,77,5.21,115.86,499.61
11/13/2027,6.127468,135.1215,63.81563,10.15703,-17.89424,38.20829,1000,34.76984,-84.03099,27,8173,200.9568,58,7.75,87.46,147.69
11/14/2027,7.72498,136.7466,38.27324,13.76825,-17.40069,44.9372,1000,34.76984,-84.03099,27,8173,806.0347,63,6.17,23.68,345.07
11/15/2027,13.98276,54.5633,50.30045,15.79839,-18.17599,49.77277,1000,34.76984,-84.03099,27,2545,439.048,96,5.57,199.38,471.95
11/16/2027,16.47816,141.2689,44.57669,13.01807,-17.46785,43.50399,1000,34.76984,-84.03099,27,2545,721.8672,37,3.56,114.62,23.79
11/17/2027,5.299817,246.7317,56.01384,14.95959,-19.06476,48.98393,1000,34.76984,-84.03099,27,2545,656.9429,75,3.81,25.41,450.31
11/18/2027,3.610384,295.1224,57.60212,15.27962,-6.993194,37.55243,1000,34.76984,-84.03099,27,3229,428.9265,78,4.74,68,363.23
11/19/2027,2.869222,261.0627,51.06465,11.78874,-19.29251,42.86998,1000,34.76984,-84.03099,27,3229,491.6987,93,1.41,53.33,458.73
11/20/2027,2.766716,131.2551,48.63412,7.852033,-19.90233,35.60639,1000,34.76984,-84.03099,27,1085,777.9878,32,3.25,169.48,308.79
11/21/2027,4.19405,2.811298,53.71883,14.80675,-19.98433,49.59783,1000,34.76984,-84.03099,27,1085,546.4545,4,3,28.07,464.44
11/22/2027,9.147505,190.8123,41.25929,15.1615,-19.22518,49.54818,1000,34.76984,-84.03099,27,9623,764.2021,14,2.12,52.81,293.16
11/23/2027,2.32738,275.8471,70.85908,18.61137,-11.41095,48.63369,1000,34.76984,-84.03099,27,9623,671.9435,13,0.68,166.52,37.29
11/24/2027,5.463043,8.61105,44.81329,14.08229,-17.81257,45.97715,1000,34.76984,-84.03099,27,9623,500.0515,100,1.2,46.65,429.24
11/25/2027,16.89713,74.1405,38.99494,13.99573,-19.0497,47.04115,1000,34.76984,-84.03099,27,2857,219.6484,68,6.07,56.66,449.14
11/26/2027,10.82171,18.73104,58.40599,16.99034,-14.94525,48.92593,1000,34.76984,-84.03099,27,2857,249.3283,48,7.39,81.23,476.6
11/27/2027,12.70471,45.28582,33.4894,14.92569,-19.63779,49.48918,1000,34.76984,-84.03099,27,6452,605.5066,92,6.15,178.17,236.4
11/28/2027,2.748425,128.4304,47.56096,19.55921,-10.64931,49.76773,1000,34.76984,-84.03099,27,6452,754.9611,96,9.68,127,310.03
11/29/2027,16.33467,346.9715,53.98523,15.45832,-17.1068,48.02345,1000,34.76984,-84.03099,27,8108,712.2475,24,2.7,166.25,294
11/30/2027,17.89969,129.8201,29.67623,13.85806,-17.35436,45.07048,1000,34.76984,-84.03099,27,8108,732.9709,76,7.76,179.35,445.06
12/1/2027,2.044153,238.3197,46.70612,16.95503,-15.00348,48.91354,1000,34.76984,-84.03099,27,6508,658.5215,57,6.62,130.89,236.59
12/2/2027,15.79818,287.0134,52.86428,12.34538,-18.54953,43.24028,1000,34.76984,-84.03099,27,6508,577.7745,0,5.45,128.59,353.85
12/3/2027,17.95017,318.5323,21.92729,15.68199,-16.69944,48.06342,1000,34.76984,-84.03099,27,6508,780.6369,42,0.95,108.25,401.27
12/4/2027,2.397773,142.9955,49.38325,11.94735,-19.44154,43.33623,1000,34.76984,-84.03099,27,8912,327.7322,13,6.1,23.36,251.99
12/5/2027,12.6654,122.4498,43.01643,13.76062,-15.89436,43.4156,1000,34.76984,-84.03099,27,8912,404.0005,57,9.23,55.51,212.66
12/6/2027,16.1533,110.2554,49.93911,14.00692,-17.84488,45.85873,1000,34.76984,-84.03099,27,9970,533.1088,54,9.7,40.69,402.23
12/7/2027,0.3193521,39.88449,49.21134,16.00474,-11.88575,43.89522,1000,34.76984,-84.03099,27,9970,253.9819,65,9.04,169.53,346.67
12/8/2027,18.659,95.23801,51.56913,8.046162,-19.33329,35.42561,1000,34.76984,-84.03099,27,7778,636.8171,97,5.98,34.65,195.14
12/9/2027,17.9293,87.42856,53.80217,13.50984,-18.62205,45.64173,1000,34.76984,-84.03099,27,7778,699.2848,72,5.25,35.46,201.63
12/10/2027,2.437899,121.7323,34.64514,11.6584,-17.28203,40.59883,1000,34.76984,-84.03099,27,7778,628.7437,51,7.14,123.68,57.17
12/11/2027,18.44728,145.1232,59.45819,10.92675,-16.0853,37.9388,1000,34.76984,-84.03099,27,2221,618.7399,13,0.71,41.92,323.06
12/12/2027,15.58006,156.3384,44.76204,8.98901,-19.08789,37.06591,1000,34.76984,-84.03099,27,2221,323.3156,94,8.24,32.77,447.43
12/13/2027,15.6638,277.0446,27.03689,13.2266,-19.99913,46.45233,1000,34.76984,-84.03099,27,5163,727.2983,13,9.55,50.97,129.1
12/14/2027,19.30472,152.3404,47.87381,10.59592,-19.7854,40.97724,1000,34.76984,-84.03099,27,5163,204.4467,45,7.89,17.64,411.33
12/15/2027,12.17732,229.4927,79.86556,14.17859,-17.45865,45.81583,1000,34.76984,-84.03099,27,2061,667.6075,73,8.79,53.48,150.76
12/16/2027,5.666424,258.5182,47.02776,14.81032,-19.30478,48.92543,1000,34.76984,-84.03099,27,2061,639.1752,15,9.87,12.16,198.34
12/17/2027,14.65542,358.445,60.86249,3.826396,-17.10994,24.76273,1000,34.76984,-84.03099,27,2061,940.4,18,5.36,1.97,419.82
12/18/2027,13.98809,38.68127,45.1937,15.29472,-17.98673,48.57617,1000,34.76984,-84.03099,27,8582,366.1472,61,0.7,186.69,177.6
12/19/2027,0.7628274,179.7481,58.9194,12.68937,-17.27111,42.64984,1000,34.76984,-84.03099,27,8582,532.7476,8,9.68,155.34,73.43
12/20/2027,8.918549,67.21603,31.79819,13.59113,-16.57318,43.75545,1000,34.76984,-84.03099,27,2905,628.9165,33,6.85,54.32,461.95
12/21/2027,7.405611,227.2641,41.9902,21.06298,-6.251934,48.37789,1000,34.76984,-84.03099,27,2905,224.4323,8,8.23,28.79,375.06
12/22/2027,11.12902,326.5458,49.42261,8.645866,-19.86907,37.1608,1000,34.76984,-84.03099,27,9108,531.943,84,8.44,177.57,26.5
12/23/2027,10.01948,316.5027,41.15491,12.73183,-19.22921,44.69287,1000,34.76984,-84.03099,27,9108,675.2654,81,2.32,61.95,272.06
12/24/2027,9.382726,226.4535,50.05626,13.92756,-18.3926,46.24773,1000,34.76984,-84.03099,27,9108,355.6005,71,8.35,87.99,21.54
12/25/2027,1.927443,196.2488,54.44182,18.70536,-11.66236,49.07309,1000,34.76984,-84.03099,27,8248,325.1147,32,9.97,114.98,414.9
12/26/2027,7.565847,245.4181,44.49279,6.351529,-17.37413,30.07719,1000,34.76984,-84.03099,27,8248,849.4292,17,5.41,3.75,180.33
12/27/2027,4.937866,26.65292,62.49008,16.11661,-17.02283,49.25605,1000,34.76984,-84.03099,27,8864,171.5359,69,2.11,107.58,79.81
12/28/2027,14.61426,49.00031,51.36249,14.62885,-18.73355,47.99125,1000,34.76984,-84.03099,27,8864,37.52041,12,8.9,96.88,42.65
12/29/2027,18.72652,303.3364,56.93268,17.01659,-13.27366,47.30684,1000,34.76984,-84.03099,27,4226,77.11035,81,8.5,88.99,486.84
12/30/2027,9.755403,281.7847,59.41883,15.71204,-14.01105,45.43512,1000,34.76984,-84.03099,27,4226,838.2802,63,4.86,69.34,113.74
12/31/2027,2.986789,218.1022,64.29028,13.6925,-19.44679,46.83179,1000,34.76984,-84.03099,27,0,729.2979,30,5.57,86.42,68.9
1/1/2028,3.960309,218.1022,67.4099,17.16845,-12.91647,47.25336,1000,34.76984,-84.03099,28,225,384.2271,36,9.58,118.24,68.52
1/2/2028,16.86288,64.64394,46.69999,16.54719,-16.58472,49.6791,1000,34.76984,-84.03099,28,272,682.916,58,2.84,177.17,18.36
1/3/2028,7.463809,194.0172,45.04988,14.34066,-17.05598,45.7373,1000,34.76984,-84.03099,28,372,329.61,31,4.81,93.97,118.83
1/4/2028,9.270216,249.3672,51.90339,15.51976,-17.61605,48.65556,1000,34.76984,-84.03099,28,236,391.4838,21,2.26,122.91,228.77
1/5/2028,6.087953,14.33398,60.22199,14.24884,-17.54081,46.03849,1000,34.76984,-84.03099,28,258,269.6677,27,5.29,194.65,424.88
1/6/2028,8.919567,181.5788,52.63411,15.3173,-18.08315,48.71775,1000,34.76984,-84.03099,28,0,607.7916,2,3.56,20,154.43
1/7/2028,4.822302,275.9246,45.38888,14.42616,-18.22602,47.07833,1000,34.76984,-84.03099,28,297,522.0155,94,5.73,150.45,200.48
1/8/2028,6.993209,297.4681,31.5198,12.80394,-18.71269,44.32056,1000,34.76984,-84.03099,28,303,643.6344,25,5.67,196.74,36.81
1/9/2028,11.07376,277.6373,29.11004,15.68363,-17.12867,48.49594,1000,34.76984,-84.03099,28,308,255.7987,36,5.09,199.8,19.48
1/10/2028,4.265292,165.5688,59.51379,14.59285,-18.02937,47.21508,1000,34.76984,-84.03099,28,96,506.9748,77,1.61,74.23,248.16
1/11/2028,1.417036,22.80972,25.08434,12.50893,-19.13953,44.15739,1000,34.76984,-84.03099,28,0,609.0347,9,3.79,71.75,2.08
1/12/2028,16.59942,129.6947,77.69261,13.71082,-19.90522,47.32685,1000,34.76984,-84.03099,28,0,246.8472,16,0.1,151.04,372.96
1/13/2028,16.94545,312.8917,41.74714,12.34684,-17.64488,42.33855,1000,34.76984,-84.03099,28,0,290.5,14,7.76,32.4,179.78
1/14/2028,0.7713318,98.7475,55.52497,6.243989,-19.0633,31.55128,1000,34.76984,-84.03099,28,375,331.816,80,6.35,167.44,86.46
1/15/2028,12.10104,211.4483,32.45407,11.54618,-19.3952,42.48756,1000,34.76984,-84.03099,28,184,61.0379,80,9.76,17.95,464.81
1/16/2028,7.561069,269.1968,36.31869,15.71264,-17.67056,49.09583,1000,34.76984,-84.03099,28,0,988.8744,45,0.96,37.35,104.53
1/17/2028,9.068164,77.63317,37.78259,14.38347,-17.64809,46.41503,1000,34.76984,-84.03099,28,0,670.3633,52,9.04,85.63,35.99
1/18/2028,14.98292,190.0635,44.50959,9.740773,-18.6341,38.11565,1000,34.76984,-84.03099,28,155,328.4528,35,0.05,63.72,175.6
1/19/2028,1.970222,1.151032,60.89566,14.57128,-19.43577,48.57833,1000,34.76984,-84.03099,28,309,540.7972,15,3.85,133.54,176.83
1/20/2028,3.333485,76.18366,52.06396,15.49715,-16.36086,47.35515,1000,34.76984,-84.03099,28,236,640.8314,45,8.42,130.55,485.36
1/21/2028,16.45584,8.073621,43.94505,12.98868,-15.48644,41.46381,1000,34.76984,-84.03099,28,227,703.7728,10,5.78,44.72,168.13
1/22/2028,3.461468,174.2552,44.40064,8.936867,-19.89662,37.77036,1000,34.76984,-84.03099,28,287,860.5641,63,9.06,171.95,99.77
1/23/2028,19.17545,205.5685,46.47216,15.04223,-16.05966,46.14411,1000,34.76984,-84.03099,28,189,427.8071,15,4.16,31.25,169.02
1/24/2028,1.49507,98.62892,51.40203,7.327201,-14.80506,29.45946,1000,34.76984,-84.03099,28,191,807.3255,21,7.33,117.59,262.11
1/25/2028,6.33314,291.2458,47.55634,15.90465,-16.70191,48.51122,1000,34.76984,-84.03099,28,280,872.2228,48,4.92,74,72.12
1/26/2028,1.241477,51.63166,53.38135,17.29459,-12.93325,47.52243,1000,34.76984,-84.03099,28,284,762.6149,81,3.22,193.05,279.11
1/27/2028,2.287173,105.9216,57.04545,13.48007,-13.30693,40.26707,1000,34.76984,-84.03099,28,282,416.3506,79,1.54,40.76,410.1
1/28/2028,14.26933,54.00746,48.82562,15.01011,-18.3275,48.34773,1000,34.76984,-84.03099,28,282,452.2678,30,3.2,99.08,282.23
1/29/2028,17.55892,339.923,68.61169,14.88703,-19.77952,49.55357,1000,34.76984,-84.03099,28,403,366.6419,49,9.21,84.88,88.13
1/30/2028,16.7463,296.0321,58.69447,12.95117,-17.97887,43.88121,1000,34.76984,-84.03099,28,386,784.2115,57,2.84,130.64,8.3
1/31/2028,16.26516,109.4546,62.98851,14.8915,-18.29861,48.0816,1000,34.76984,-84.03099,28,0,906.5575,73,7.66,42.38,75.4
2/1/2028,1.627462,202.3105,61.19091,12.76288,-19.02558,44.55134,1000,34.76984,-84.03099,28,0,449.0169,21,8.48,128.51,200.11
2/2/2028,0.8009148,25.8619,56.66319,15.66322,-17.97004,49.29647,1000,34.76984,-84.03099,28,412,367.224,30,2.09,60.52,416.08
2/3/2028,9.028035,180.9622,60.76654,16.01533,-17.95924,49.98991,1000,34.76984,-84.03099,28,178,467.0234,58,9.91,64.93,290.68
2/4/2028,13.09014,123.9423,39.49157,13.79406,-15.7753,43.36341,1000,34.76984,-84.03099,28,318,227.1929,80,2.01,87.32,19.72
2/5/2028,15.76728,215.6149,54.79875,15.94726,-17.83626,49.73078,1000,34.76984,-84.03099,28,227,479.0152,37,9.38,138.6,127.9
2/6/2028,6.620122,257.259,66.504,14.35391,-18.00272,46.71054,1000,34.76984,-84.03099,28,206,115.8479,72,9.12,93.07,78.92
2/7/2028,9.614082,350.583,63.76877,7.81073,-16.80766,32.42912,1000,34.76984,-84.03099,28,311,642.1721,46,8.44,113.1,54.7
2/8/2028,18.29499,299.9827,62.28064,11.13788,-19.59614,41.87189,1000,34.76984,-84.03099,28,261,91.91805,7,6.42,93.44,417.94
2/9/2028,3.326738,243.0059,45.86296,12.35506,-14.51427,39.22439,1000,34.76984,-84.03099,28,205,109.3508,76,0.6,191.35,156.19
2/10/2028,13.79217,2.011957,32.88664,10.35329,-15.30735,36.01392,1000,34.76984,-84.03099,28,314,454.9494,76,5.11,30.68,203.16
2/11/2028,1.255336,327.4716,51.51817,14.29465,-18.85379,47.44308,1000,34.76984,-84.03099,28,69,629.363,49,6.08,117.77,255.15
2/12/2028,5.863725,99.70262,52.76805,15.68129,-15.2929,46.65549,1000,34.76984,-84.03099,28,490,272.7514,43,4.85,123,162.29
2/13/2028,4.82342,272.2057,36.96626,15.67114,-17.99263,49.33492,1000,34.76984,-84.03099,28,113,243.0575,49,9.83,30.91,466.47
2/14/2028,2.497993,28.21903,49.7278,15.00333,-16.68965,46.69631,1000,34.76984,-84.03099,28,299,210.012,75,8.38,2.53,493.62
2/15/2028,12.4567,159.1555,44.20748,12.28627,-17.3936,41.96614,1000,34.76984,-84.03099,28,230,577.8717,7,8.6,69.93,156.19
2/16/2028,10.44657,69.29759,59.03076,13.82705,-18.09817,45.75226,1000,34.76984,-84.03099,28,213,281.8445,36,9.86,20.76,4.6
2/17/2028,2.355728,159.9728,50.73618,9.975933,-15.72971,35.68158,1000,34.76984,-84.03099,28,289,392.533,45,3.34,138.03,68.44
2/18/2028,13.31495,281.1086,50.86837,15.76287,-16.3738,47.89955,1000,34.76984,-84.03099,28,140,672.21,33,0.97,138.71,79.82
2/19/2028,11.47081,317.5447,60.96972,13.62819,-19.65749,46.91386,1000,34.76984,-84.03099,28,181,87.56238,21,2.41,160.98,119.65
2/20/2028,9.603986,357.1274,55.14579,3.044956,-19.83697,25.92688,1000,34.76984,-84.03099,28,373,382.2914,37,6.75,79.68,424.73
2/21/2028,9.302844,256.9767,67.9732,14.56374,-19.56708,48.69457,1000,34.76984,-84.03099,28,141,824.9325,79,2.88,145.06,417.86
2/22/2028,9.232301,48.64115,36.56705,4.477515,-19.50982,28.46485,1000,34.76984,-84.03099,28,274,629.1971,51,0.82,83.15,103.39
2/23/2028,12.09235,7.277799,38.03379,14.71609,-19.0175,48.44969,1000,34.76984,-84.03099,28,274,464.4705,95,7.9,1.2,3.63
2/24/2028,8.760704,131.8995,37.65281,1.408969,-19.72593,22.54386,1000,34.76984,-84.03099,28,564,557.8817,28,8.99,128.19,202.17
2/25/2028,4.462771,72.87888,30.97844,9.291777,-18.96617,37.54972,1000,34.76984,-84.03099,28,261,755.8799,61,1.48,180.84,147.77
2/26/2028,12.53069,70.16599,50.17637,16.71246,-15.16004,48.58496,1000,34.76984,-84.03099,28,181,302.4614,51,1.64,129.92,63.7
2/27/2028,0.3289938,71.48907,47.57831,8.281493,-19.87379,36.43678,1000,34.76984,-84.03099,28,358,353.1318,59,2.94,125.8,32.96
2/28/2028,9.846283,353.1208,41.61273,12.6029,-16.15106,41.35686,1000,34.76984,-84.03099,28,109,513.1379,41,3.46,156,450.88
2/29/2028,12.32854,280.7915,47.32748,12.3901,-14.47085,39.25105,1000,34.76984,-84.03099,28,336,872.127,76,0.22,78.29,277.4
3/1/2028,2.795548,20.33102,60.20412,12.71061,-16.44349,41.86472,1000,34.76984,-84.03099,28,268,487.99,34,0.02,93.9,122.2
3/2/2028,9.844228,56.08164,54.99557,15.05307,-16.32532,46.43146,1000,34.76984,-84.03099,28,185,673.8427,34,2.93,82.16,326.52
3/3/2028,16.10303,2.2646,29.10435,13.98832,-19.80587,47.7825,1000,34.76984,-84.03099,28,127,549.5974,90,3.98,192.36,479.91
3/4/2028,15.39354,288.7451,42.35702,10.41193,-16.96116,37.78501,1000,34.76984,-84.03099,28,390,944.1608,84,1.53,45.13,430.36
3/5/2028,16.02614,63.55046,68.80741,11.47785,-17.95625,40.91196,1000,34.76984,-84.03099,28,134,545.1031,96,4.59,148.04,231.74
3/6/2028,19.50598,343.1736,44.25252,15.79876,-16.87697,48.47449,1000,34.76984,-84.03099,28,553,604.8003,24,4.16,61.86,62.41
3/7/2028,5.101329,263.6919,63.77243,13.69428,-19.68761,47.07616,1000,34.76984,-84.03099,28,71,311.1798,19,4.3,155.76,19.09
3/8/2028,3.963113,100.1183,50.67458,9.518762,-16.59455,35.63207,1000,34.76984,-84.03099,28,344,676.7441,95,6.42,75.95,176.55
3/9/2028,11.19763,41.62445,46.67871,15.45103,-18.16716,49.06923,1000,34.76984,-84.03099,28,115,696.048,65,9.82,141.63,293.47
3/10/2028,14.1528,132.5409,63.32856,15.69304,-17.62358,49.00965,1000,34.76984,-84.03099,28,315,170.7988,49,4.88,7.27,428.38
3/11/2028,13.51014,73.58214,45.42692,15.66087,-18.06296,49.38471,1000,34.76984,-84.03099,28,266,782.2555,84,5.57,116.23,377.57
3/12/2028,3.805847,89.91087,33.20642,11.99603,-17.27083,41.26289,1000,34.76984,-84.03099,28,152,549.7354,29,6.09,171.86,384.65
3/13/2028,15.27244,32.57103,55.41698,12.34385,-15.02938,39.71707,1000,34.76984,-84.03099,28,354,385.5287,51,7.32,158.56,139.48
3/14/2028,5.828901,166.199,40.06798,4.788999,-11.38944,20.96744,1000,34.76984,-84.03099,28,181,271.7936,68,0.88,125.9,381.41
3/15/2028,11.39767,250.7797,40.73152,16.00302,-8.910061,40.9161,1000,34.76984,-84.03099,28,269,370.0871,32,6.22,148.12,104.56
3/16/2028,1.72966,203.8031,46.81404,12.75693,-18.23948,43.75335,1000,34.76984,-84.03099,28,325,500.0699,58,0.29,135.03,115.83
3/17/2028,15.58205,217.0724,53.36248,17.08831,-12.92613,47.10275,1000,34.76984,-84.03099,28,325,480.3105,0,4.41,178.05,136.53
3/18/2028,17.63422,201.0242,48.97424,16.34895,-16.82633,49.52423,1000,34.76984,-84.03099,28,461,142.1943,13,0.58,196.54,451.64
3/19/2028,7.254299,128.8248,49.60652,14.69553,-10.07689,39.46795,1000,34.76984,-84.03099,28,237,738.5621,4,7.1,29.44,498.35
3/20/2028,0.05242348,188.4427,66.56298,14.9255,-16.65599,46.507,1000,34.76984,-84.03099,28,385,600.504,76,4.59,159.3,401.17
3/21/2028,5.322122,227.5994,63.77916,11.74654,-18.75686,42.24993,1000,34.76984,-84.03099,28,100,522.8124,73,6.07,35.37,358.01
3/22/2028,16.81174,293.4987,35.80957,13.82789,-19.76839,47.42417,1000,34.76984,-84.03099,28,296,909.1031,12,7.59,106.29,471.96
3/23/2028,7.312731,316.2056,61.18306,17.74453,-13.03806,48.52711,1000,34.76984,-84.03099,28,381,635.9175,18,8.66,103.18,488.41
3/24/2028,18.89295,191.9665,50.87238,12.85559,-18.38494,44.09611,1000,34.76984,-84.03099,28,92,534.3693,68,5.67,193.8,191.04
3/25/2028,0.6016636,264.0651,22.58866,15.14149,-19.43004,49.71302,1000,34.76984,-84.03099,28,180,644.2659,54,6.16,193.82,26.09
3/26/2028,3.227267,282.2497,54.28183,10.39973,-18.82401,39.62346,1000,34.76984,-84.03099,28,95,951.8907,31,6.24,43.1,292.88
3/27/2028,1.608813,340.9383,57.62389,15.32685,-18.46614,49.11983,1000,34.76984,-84.03099,28,335,842.3806,79,6.95,43.32,344.42
3/28/2028,7.520629,152.612,88.25696,14.45058,-17.25116,46.15231,1000,34.76984,-84.03099,28,174,692.1216,13,5.02,134.09,161.93
3/29/2028,17.93176,209.196,71.14426,15.65582,-16.76746,48.07911,1000,34.76984,-84.03099,28,380,496.4364,64,5.42,47.56,96.48
3/30/2028,0.231185,179.1612,35.54412,16.35655,-16.52467,49.23776,1000,34.76984,-84.03099,28,380,362.8096,84,9.63,24.79,36.01
3/31/2028,17.42023,3.67909,56.49408,14.28427,-19.94918,48.51772,1000,34.76984,-84.03099,28,290,420.557,59,4.82,13.24,335.77
4/1/2028,9.403738,20.02546,64.65946,2.574496,-11.70686,16.85586,1000,34.76984,-84.03099,28,304,129.9165,73,8.64,115.37,394.95
4/2/2028,16.72827,352.2409,34.8816,13.0712,-19.6388,45.7812,1000,34.76984,-84.03099,28,231,128.7705,35,7.89,111.47,220.62
4/3/2028,9.255754,38.55648,35.14534,9.616825,-19.91885,39.1525,1000,34.76984,-84.03099,28,391,703.0533,53,2.04,78.95,345.29
4/4/2028,6.704315,349.7431,51.67513,12.45971,-15.65859,40.57801,1000,34.76984,-84.03099,28,82,519.3942,71,5.78,183.45,170.35
4/5/2028,17.5826,226.0558,44.88039,8.070301,-17.91478,34.05538,1000,34.76984,-84.03099,28,213,677.6804,22,8.47,125.34,52.31
4/6/2028,10.66757,161.2714,35.12472,15.12674,-14.7851,45.03857,1000,34.76984,-84.03099,28,214,511.0772,99,1.71,25.71,329.46
4/7/2028,16.35715,356.2971,49.69506,15.09424,-17.96429,48.15277,1000,34.76984,-84.03099,28,256,295.6551,57,2.88,157.73,362.29
4/8/2028,9.84424,85.73284,47.22569,15.11581,-18.67241,48.90403,1000,34.76984,-84.03099,28,391,202.8682,53,4.03,155.34,312.27
4/9/2028,4.610107,156.5142,39.93583,1.070798,-19.84778,21.98938,1000,34.76984,-84.03099,28,53,617.0563,96,6.47,68.72,396.59
4/10/2028,5.24692,63.21834,60.56797,14.95224,-19.11613,49.02062,1000,34.76984,-84.03099,28,284,118.3653,23,7.34,76.03,367.37
4/11/2028,6.448785,138.0378,45.74535,9.666128,-17.09915,36.43141,1000,34.76984,-84.03099,28,107,520.4024,10,5.88,35.74,20.32
4/12/2028,16.20371,110.9473,59.13006,15.17905,-16.43671,46.79481,1000,34.76984,-84.03099,28,353,51.44983,8,3.6,65.44,434.01
4/13/2028,0.9332204,31.69161,27.83162,8.483284,-15.27723,32.24379,1000,34.76984,-84.03099,28,62,939.3324,2,4.98,6.04,113.8
4/14/2028,9.587831,46.68773,64.14377,16.29726,-17.39767,49.99219,1000,34.76984,-84.03099,28,291,268.8387,18,4.97,63.69,122.05
4/15/2028,2.887444,122.7213,40.54602,6.630003,-15.34376,28.60377,1000,34.76984,-84.03099,28,308,834.9106,42,9.49,179.13,234.37
4/16/2028,13.3456,334.4059,22.53201,13.48428,-18.82056,45.78913,1000,34.76984,-84.03099,28,374,314.355,100,1.18,190.81,211.21
4/17/2028,7.019977,188.2529,50.38868,11.75896,-16.4244,39.94231,1000,34.76984,-84.03099,28,144,548.0974,1,3.7,74.31,359.38
4/18/2028,0.3029394,88.85107,59.2891,12.04125,-19.95617,44.03867,1000,34.76984,-84.03099,28,306,482.9813,91,5.83,19.38,43.9
4/19/2028,5.05978,244.4355,62.71163,16.30763,-16.07642,48.69168,1000,34.76984,-84.03099,28,431,425.257,74,9.48,186.94,482.31
4/20/2028,1.655977,25.58875,80.71664,14.31942,-19.89326,48.5321,1000,34.76984,-84.03099,28,146,594.7241,51,2.1,96.13,367.91
4/21/2028,15.93106,158.0739,29.52409,11.81941,-18.8061,42.44493,1000,34.76984,-84.03099,28,424,843.597,56,5.06,87.47,192.33
4/22/2028,6.648127,45.01498,52.23262,13.6445,-17.22276,44.51176,1000,34.76984,-84.03099,28,424,545.9059,5,9.49,118.19,4.23
4/23/2028,11.40876,279.4914,54.02276,13.87866,-18.79734,46.55466,1000,34.76984,-84.03099,28,302,534.3943,34,8.14,138.35,411.25
4/24/2028,0.6001711,179.3355,53.98071,12.94999,-12.93684,38.83682,1000,34.76984,-84.03099,28,171,229.0567,16,7.57,193.54,17.74
4/25/2028,4.540851,315.7143,66.40885,11.11698,-19.83497,42.06893,1000,34.76984,-84.03099,28,333,428.3351,4,6.81,164.13,301.99
4/26/2028,2.359679,175.402,69.13979,11.50268,-19.51041,42.51577,1000,34.76984,-84.03099,28,236,776.923,49,6.12,48.89,83.05
4/27/2028,17.43971,101.0033,59.83634,15.01636,-16.38857,46.42128,1000,34.76984,-84.03099,28,334,254.3763,67,7,170.19,496.23
4/28/2028,6.015672,12.47777,47.50314,16.1686,-17.64594,49.98315,1000,34.76984,-84.03099,28,291,293.5747,39,2.06,147.81,294.16
4/29/2028,10.63905,293.7475,41.17216,16.99947,-14.58619,48.58513,1000,34.76984,-84.03099,28,267,448.4124,15,3.93,52.24,146.48
4/30/2028,13.08882,104.0819,44.70539,14.27438,-16.08316,44.63192,1000,34.76984,-84.03099,28,296,966.252,34,5.34,193.52,345.17
5/1/2028,9.40482,342.5208,25.29498,16.95026,-9.838461,43.73898,1000,34.76984,-84.03099,28,409,309.4966,44,8.37,158.82,93.12
5/2/2028,1.366556,22.58334,54.5246,15.62504,-18.53837,49.78844,1000,34.76984,-84.03099,28,96,568.8742,92,3.35,67.16,267.77
5/3/2028,12.07848,178.6615,47.57738,12.8454,-19.97285,45.66365,1000,34.76984,-84.03099,28,519,322.3899,68,1.41,114.21,186.44
5/4/2028,5.087956,152.8324,50.46028,10.69624,-14.86512,36.25761,1000,34.76984,-84.03099,28,141,352.9688,41,0.68,25.14,332.03
5/5/2028,15.65015,357.933,48.05484,10.92712,-17.86657,39.7208,1000,34.76984,-84.03099,28,318,266.7653,97,9.7,157.45,467.08
5/6/2028,15.34099,80.86886,59.2508,12.54614,-18.66757,43.75986,1000,34.76984,-84.03099,28,300,371.8651,3,6.17,71.84,345.03
5/7/2028,4.109142,357.3511,43.68485,11.46072,-10.91288,33.83431,1000,34.76984,-84.03099,28,201,602.3064,98,7.76,111.75,479.06
5/8/2028,10.00154,338.12,27.74039,13.94736,-19.37677,47.2715,1000,34.76984,-84.03099,28,419,843.9279,54,3.68,75.63,241.73
5/9/2028,1.198046,93.74125,46.79058,15.12209,-15.18515,45.42934,1000,34.76984,-84.03099,28,230,326.0562,100,4.59,139.88,23.86
5/10/2028,17.25863,239.3514,29.45459,10.74023,-19.5772,41.05766,1000,34.76984,-84.03099,28,145,210.6867,13,2.75,152.46,318.33
5/11/2028,17.7658,282.032,37.50547,7.431546,-18.10716,32.97025,1000,34.76984,-84.03099,28,290,609.262,7,7.85,124.3,52.45
5/12/2028,11.24077,169.3591,61.90882,12.31083,-18.93496,43.55663,1000,34.76984,-84.03099,28,274,445.1757,98,3.02,88.04,5.96
5/13/2028,15.94044,190.9195,47.52704,13.43999,-17.56095,44.44093,1000,34.76984,-84.03099,28,255,771.0231,19,2.01,21.84,170.3
5/14/2028,10.40284,148.8664,45.72975,10.30272,-13.97285,34.5783,1000,34.76984,-84.03099,28,255,294.326,10,2.21,48.23,300.95
5/15/2028,12.59413,83.26826,32.47094,18.4782,-10.66546,47.62186,1000,34.76984,-84.03099,28,411,543.4236,87,1.88,48.46,268.8
5/16/2028,4.074652,36.756,51.92385,12.80388,-17.29968,42.90744,1000,34.76984,-84.03099,28,178,333.7278,89,6.46,107.42,321.19
5/17/2028,8.46295,55.25763,60.53435,12.98407,-18.89691,44.86505,1000,34.76984,-84.03099,28,257,499.222,10,4.7,12.41,327.93
5/18/2028,13.65606,211.8478,43.7942,14.67519,-19.84951,49.19989,1000,34.76984,-84.03099,28,303,352.529,59,5.99,26.46,159.39
5/19/2028,16.02831,146.7677,60.32619,6.721796,-19.49769,32.94128,1000,34.76984,-84.03099,28,133,520.6008,41,8.84,47.31,342.16
5/20/2028,12.37187,300.4841,51.42572,16.3319,-16.86131,49.52511,1000,34.76984,-84.03099,28,338,413.3991,6,0.6,29.45,374.23
5/21/2028,17.58766,48.64836,56.19247,10.03691,-19.49497,39.56878,1000,34.76984,-84.03099,28,244,570.7671,28,6.48,123.91,55.95
5/22/2028,7.443909,84.69901,29.59424,10.29567,-19.76872,40.36006,1000,34.76984,-84.03099,28,262,584.5939,50,5.3,60.92,461.56
5/23/2028,10.96779,286.1572,65.74908,5.655543,-18.52686,29.83795,1000,34.76984,-84.03099,28,145,249.3882,81,3.26,177.03,241.43
5/24/2028,12.30785,271.4631,47.38008,14.56786,-17.38043,46.51614,1000,34.76984,-84.03099,28,371,664.7701,97,2.83,52.77,165.59
5/25/2028,10.51312,352.4283,35.93074,7.566778,-14.35156,29.48512,1000,34.76984,-84.03099,28,283,464.4747,1,6.48,195.54,126.11
5/26/2028,15.48704,322.0602,73.68887,14.01151,-16.79209,44.81511,1000,34.76984,-84.03099,28,436,721.2983,73,4.85,135.51,157.26
5/27/2028,6.843139,6.918254,58.5507,-2.082434,-17.85125,13.68638,1000,34.76984,-84.03099,28,121,598.048,57,1.5,27.2,308.55
5/28/2028,9.401351,304.3593,50.78581,12.78152,-19.8958,45.45884,1000,34.76984,-84.03099,28,375,879.7304,43,1.77,145.64,334.18
5/29/2028,6.055159,200.994,47.01893,15.79861,-16.20526,47.80248,1000,34.76984,-84.03099,28,147,31.88723,26,7.88,188.25,158.17
5/30/2028,8.420481,59.30901,56.85394,2.410495,-19.96373,24.78472,1000,34.76984,-84.03099,28,165,383.36,22,3.77,145.98,174.82
5/31/2028,4.39225,276.833,57.64621,13.24317,-18.6314,45.11774,1000,34.76984,-84.03099,28,377,542.3757,17,9.51,65.89,372.06
6/1/2028,18.93677,334.0819,62.39915,13.83781,-19.1614,46.83702,1000,34.76984,-84.03099,28,143,544.8032,58,6.42,119.64,461.81
6/2/2028,17.97827,172.0456,38.4629,11.89298,-18.16541,41.95137,1000,34.76984,-84.03099,28,267,467.369,34,7.31,0.56,63.09
6/3/2028,4.221599,81.17699,64.64302,14.44762,-18.34721,47.24244,1000,34.76984,-84.03099,28,440,843.9088,78,3.42,181.51,459.66
6/4/2028,15.32126,190.0749,48.2876,0.8899717,-19.67787,21.45781,1000,34.76984,-84.03099,28,271,836.9263,40,0.87,186.31,205.35
6/5/2028,17.3623,11.83914,44.03259,15.51026,-18.42752,49.44805,1000,34.76984,-84.03099,28,282,245.0207,17,1.85,177.65,388.35
6/6/2028,7.875804,231.7095,56.2657,12.26861,-15.43699,39.97422,1000,34.76984,-84.03099,28,282,382.4077,7,4.27,23.3,132.79
6/7/2028,7.781244,260.6636,56.54393,11.63746,-18.15067,41.42559,1000,34.76984,-84.03099,28,324,497.6738,18,1.58,123.25,367.16
6/8/2028,2.985477,137.6024,54.74704,11.77111,-15.89388,39.4361,1000,34.76984,-84.03099,28,195,379.6778,94,4.77,4.21,463.4
6/9/2028,12.25582,68.34423,62.0542,8.873785,-17.11947,34.86704,1000,34.76984,-84.03099,28,363,166.5211,63,7.27,21.4,276.43
6/10/2028,2.31468,311.5018,58.92654,16.17434,-17.0741,49.42279,1000,34.76984,-84.03099,28,125,799.6284,18,3.52,23.07,10.49
6/11/2028,15.71831,88.88956,51.42213,16.60223,-16.50997,49.71444,1000,34.76984,-84.03099,28,405,481.929,36,7.69,159.3,404.52
6/12/2028,12.39957,289.1154,55.27211,3.837855,-17.76345,25.43916,1000,34.76984,-84.03099,28,382,603.474,68,6.55,133.26,314.71
6/13/2028,1.075296,54.25169,51.80455,10.26072,-18.98714,39.50859,1000,34.76984,-84.03099,28,426,793.6772,44,5.32,139.23,352
6/14/2028,11.5115,330.1906,49.71396,15.79176,-15.86576,47.44928,1000,34.76984,-84.03099,28,238,176.5076,28,2.63,139.92,287.47
6/15/2028,3.84465,298.2456,76.41399,15.55973,-16.40059,47.52005,1000,34.76984,-84.03099,28,215,501.9034,31,4.75,113.99,383.79
6/16/2028,18.01967,147.3364,29.92535,16.70459,-16.06434,49.47353,1000,34.76984,-84.03099,28,320,69.9411,36,6.89,187.96,112.4
6/17/2028,9.447266,43.30579,55.12468,15.80499,-16.46317,48.07315,1000,34.76984,-84.03099,28,204,695.95,87,0.88,65.95,172.23
6/18/2028,17.59406,140.7838,55.32028,10.15857,-13.36025,33.67738,1000,34.76984,-84.03099,28,436,556.4527,26,7.03,5.12,250.64
6/19/2028,1.989295,182.0691,50.56185,15.59139,-16.73199,47.91477,1000,34.76984,-84.03099,28,436,586.102,74,4.74,80.85,213.27
6/20/2028,5.369655,261.3497,54.20042,15.05335,-18.4823,48.589,1000,34.76984,-84.03099,28,436,612.5756,11,2.6,192.5,227.55
6/21/2028,18.45603,351.5893,69.78031,12.13935,-18.70306,42.98176,1000,34.76984,-84.03099,28,140,433.8967,68,5.16,148.73,64.68
6/22/2028,12.04328,142.3522,60.57234,12.62023,-16.02716,41.26763,1000,34.76984,-84.03099,28,379,813.7346,93,5.35,21.93,151.61
6/23/2028,15.74977,347.445,64.45333,14.96848,-14.68727,44.62423,1000,34.76984,-84.03099,28,179,318.205,93,9.25,184.09,141.53
6/24/2028,13.98895,72.37021,42.45571,7.570713,-19.1609,34.30233,1000,34.76984,-84.03099,28,185,611.5271,82,8.51,176.57,13.49
6/25/2028,9.583975,17.99646,35.17993,14.3598,-18.86762,47.58722,1000,34.76984,-84.03099,28,368,187.9862,29,1.11,27.39,232.36
6/26/2028,1.923842,45.64377,43.62613,13.49371,-18.32936,45.31678,1000,34.76984,-84.03099,28,206,455.7576,99,5.9,102.37,225.89
6/27/2028,0.7017922,278.3812,48.67315,0.6857786,-18.19611,19.56767,1000,34.76984,-84.03099,28,91,368.4443,71,6.87,153.98,187.15
6/28/2028,5.068263,312.4525,52.03517,13.48065,-17.96138,44.92269,1000,34.76984,-84.03099,28,443,543.0663,89,4.14,41.02,203.58
6/29/2028,5.845419,13.35002,49.29478,16.13359,-16.39202,48.65921,1000,34.76984,-84.03099,28,115,587.9663,18,3.73,79.2,181.02
6/30/2028,5.586167,257.5728,53.78328,13.35558,-16.23745,42.94862,1000,34.76984,-84.03099,28,479,229.1576,98,9.82,154.58,449.72
7/1/2028,15.16237,168.5415,51.5524,8.732113,-18.83223,36.29646,1000,34.76984,-84.03099,28,121,601.3777,40,7.81,81.15,248.39
7/2/2028,3.140595,147.0835,35.46695,14.03576,-18.21889,46.29041,1000,34.76984,-84.03099,28,378,656.9083,50,7.63,94.24,48.57
7/3/2028,13.26272,39.54379,73.41918,11.17587,-19.55893,41.91066,1000,34.76984,-84.03099,28,274,275.5959,45,2.69,167.52,313.64
7/4/2028,2.0031,298.3655,48.96577,14.9647,-17.85229,47.78169,1000,34.76984,-84.03099,28,210,316.5236,19,2.3,8.73,248.69
7/5/2028,3.882523,16.20295,35.43901,13.75737,-19.88377,47.3985,1000,34.76984,-84.03099,28,341,267.6044,76,9.85,130.7,127.22
7/6/2028,16.36958,110.1722,48.62531,14.3301,-17.41158,46.07178,1000,34.76984,-84.03099,28,191,584.2314,30,2.14,84.95,24.5
7/7/2028,11.19256,231.7504,52.84031,5.807679,-19.3786,30.99396,1000,34.76984,-84.03099,28,105,360.2379,90,5.7,76.93,450.01
7/8/2028,3.865123,358.5994,70.27812,19.05393,-10.24646,48.35432,1000,34.76984,-84.03099,28,348,805.817,22,4.25,172.82,335.74
7/9/2028,8.424992,126.1976,25.63269,19.38531,-11.01605,49.78666,1000,34.76984,-84.03099,28,170,528.8315,53,0.15,191.12,250.66
7/10/2028,18.90826,124.7387,56.82985,14.89402,-18.5559,48.34394,1000,34.76984,-84.03099,28,347,527.419,85,5.42,146.32,338.15
7/11/2028,7.94634,41.97777,52.40849,12.70236,-16.89535,42.30008,1000,34.76984,-84.03099,28,258,311.8675,2,5.25,113.39,388.99
7/12/2028,13.86668,99.20073,61.2425,15.67983,-12.98137,44.34104,1000,34.76984,-84.03099,28,67,641.8989,41,7.95,22.47,313.88
7/13/2028,5.408865,69.91824,57.69587,12.17108,-12.49895,36.84111,1000,34.76984,-84.03099,28,201,265.1705,72,9.04,52.53,292.58
7/14/2028,11.40652,69.91824,53.3564,10.19309,-15.80778,36.19397,1000,34.76984,-84.03099,28,249,575.5451,83,4.02,183.38,319.38
7/15/2028,10.14242,319.3156,42.31733,16.24442,-14.08297,46.5718,1000,34.76984,-84.03099,28,431,446.6979,63,3,73.69,449.81
7/16/2028,0.2027702,336.1729,70.29115,14.04889,-13.00024,41.09802,1000,34.76984,-84.03099,28,198,627.8405,44,4.34,107.03,431.65
7/17/2028,15.06391,2.415361,72.48467,11.22915,-18.21013,40.66843,1000,34.76984,-84.03099,28,237,761.3155,5,7.3,137.32,21.58
7/18/2028,11.77914,184.298,52.49831,12.23209,-18.65881,43.12298,1000,34.76984,-84.03099,28,387,438.9338,54,8.75,121.83,279.79
7/19/2028,12.86484,209.1032,49.75685,13.4272,-18.94383,45.79824,1000,34.76984,-84.03099,28,254,697.213,47,1.12,106.27,415.61
7/20/2028,8.882857,349.0939,47.14404,17.18725,-11.57178,45.94628,1000,34.76984,-84.03099,28,78,537.6532,8,5.45,103.18,130.68
7/21/2028,15.92654,351.6525,52.91416,6.161429,-19.42237,31.74523,1000,34.76984,-84.03099,28,412,177.9297,87,8.51,51.9,475.59
7/22/2028,10.17124,61.434,29.4145,16.33438,-16.93584,49.6046,1000,34.76984,-84.03099,28,37,471.6409,96,3.89,198.22,382.11
7/23/2028,0.8465886,357.7721,27.27904,4.799972,-14.84404,24.44398,1000,34.76984,-84.03099,28,584,459.6191,22,9.17,61.42,159.21
7/24/2028,18.48635,156.9184,42.62149,14.72905,-19.44548,48.90358,1000,34.76984,-84.03099,28,140,641.7349,47,0.28,33.45,14.64
7/25/2028,10.70613,182.4374,83.27376,12.8439,-15.13556,40.82336,1000,34.76984,-84.03099,28,275,526.8196,90,1.85,34.33,351.96
7/26/2028,1.860905,182.4374,32.2689,9.709869,-19.97519,39.39493,1000,34.76984,-84.03099,28,270,377.7406,17,4.39,68.73,115.96
7/27/2028,0.840261,298.6387,58.83997,8.070892,-19.76099,35.90278,1000,34.76984,-84.03099,28,268,518.3802,66,8.7,198.43,324.58
7/28/2028,4.384742,276.22,47.31275,16.90505,-8.971108,42.78121,1000,34.76984,-84.03099,28,329,348.0561,27,8.93,11.99,56.16
7/29/2028,3.99446,211.1271,67.40154,14.06535,-14.10475,42.23545,1000,34.76984,-84.03099,28,57,784.0232,39,6.35,33,115.24
7/30/2028,9.658383,129.425,36.98721,9.257498,-17.42143,35.93643,1000,34.76984,-84.03099,28,374,655.5388,19,1.93,128.6,366.48
7/31/2028,16.73316,244.0898,28.1525,16.38824,-13.59911,46.37558,1000,34.76984,-84.03099,28,448,820.274,95,6.88,113.62,380.69
8/1/2028,8.19085,19.49962,52.09428,0.2189054,-19.78494,20.22275,1000,34.76984,-84.03099,28,368,309.7157,0,2.23,103.31,31.83
8/2/2028,7.185532,65.8866,52.22128,12.06746,-19.20187,43.33678,1000,34.76984,-84.03099,28,386,660.1233,82,5.07,158.18,185.45
8/3/2028,17.56364,145.6519,53.03798,9.057877,-19.72771,37.84346,1000,34.76984,-84.03099,28,386,760.9935,48,5.02,192.34,142.32
8/4/2028,16.95124,215.5366,61.13063,9.549441,-19.97726,39.07615,1000,34.76984,-84.03099,28,477,285.3269,80,3.88,94.88,127.36
8/5/2028,7.695108,133.0045,49.4126,10.31379,-19.45503,40.08261,1000,34.76984,-84.03099,28,142,435.128,77,1.11,129.17,227.12
8/6/2028,8.248406,170.6655,51.84464,12.1333,-19.84288,44.10947,1000,34.76984,-84.03099,28,299,360.5723,26,7.37,89.24,62.37
8/7/2028,4.189939,291.7066,40.44885,12.24817,-18.26929,42.76564,1000,34.76984,-84.03099,28,147,306.8477,37,5.86,126.92,487.43
8/8/2028,13.19528,166.4353,71.19546,16.46393,-12.87873,45.80659,1000,34.76984,-84.03099,28,304,443.1508,67,4.38,153.4,366.77
8/9/2028,0.5599713,103.7259,48.20195,-1.642007,-18.36257,15.07855,1000,34.76984,-84.03099,28,372,488.9128,52,9.45,153.51,309.98
8/10/2028,13.27713,304.3216,43.0396,14.9019,-17.19876,47.00256,1000,34.76984,-84.03099,28,181,796.8264,31,1.29,54.74,382.17
8/11/2028,11.52433,53.46947,56.095,15.44529,-18.80256,49.69315,1000,34.76984,-84.03099,28,243,485.9168,95,6.04,172.97,418.5
8/12/2028,6.089887,292.316,52.9077,14.26261,-19.51896,48.04417,1000,34.76984,-84.03099,28,95,745.6478,5,9.8,117.55,492.77
8/13/2028,6.817018,248.3013,55.63201,16.16369,-13.61139,45.93877,1000,34.76984,-84.03099,28,150,409.8879,96,6.44,48.61,471.97
8/14/2028,14.38728,287.1819,58.24705,18.8291,-11.67472,49.33292,1000,34.76984,-84.03099,28,260,49.90369,98,2.56,110.07,246.95
8/15/2028,12.89497,201.8874,53.0266,13.62652,-15.19311,42.44614,1000,34.76984,-84.03099,28,431,375.4166,92,1.99,70.02,48.94
8/16/2028,18.42633,166.3525,44.87595,11.815,-17.42066,41.05066,1000,34.76984,-84.03099,28,431,869.6389,78,7.14,117.06,94.87
8/17/2028,7.613491,313.3862,48.59715,15.62425,-15.80579,47.05428,1000,34.76984,-84.03099,28,361,667.5402,87,7.92,46.24,342.18
8/18/2028,4.253068,138.8421,32.9262,3.547352,-15.63795,22.73265,1000,34.76984,-84.03099,28,195,452.348,40,8.34,55.16,187.18
8/19/2028,4.565203,39.19386,37.5774,17.53521,-14.81837,49.8888,1000,34.76984,-84.03099,28,305,684.2139,45,1.06,153.79,80.88
8/20/2028,14.19453,1.25227,39.0218,16.98371,-14.3284,48.29581,1000,34.76984,-84.03099,28,438,761.9749,95,4.58,43.88,230.17
8/21/2028,17.37334,120.8528,58.17257,14.93729,-19.77656,49.65113,1000,34.76984,-84.03099,28,61,86.35402,7,5.73,191.14,281.6
8/22/2028,14.78876,309.7794,33.42084,9.060303,-19.97883,38.09943,1000,34.76984,-84.03099,28,366,438.3369,92,7.59,75.91,13.92
8/23/2028,17.09789,190.4187,53.96964,10.20476,-14.98156,35.39108,1000,34.76984,-84.03099,28,379,570.1465,7,4.54,69.04,251.76
8/24/2028,5.983681,35.81255,66.30645,6.345627,-17.73978,30.43104,1000,34.76984,-84.03099,28,216,377.3474,95,8.41,27.13,317.55
8/25/2028,3.056281,280.4289,45.09908,15.07467,-17.35875,47.50808,1000,34.76984,-84.03099,28,145,287.4415,86,2.4,117.03,7.88
8/26/2028,1.79503,348.6717,61.719,10.43203,-16.94956,37.81361,1000,34.76984,-84.03099,28,91,599.3791,18,7.73,39.01,461.4
8/27/2028,5.13492,67.43966,41.48539,14.94542,-17.33399,47.22483,1000,34.76984,-84.03099,28,471,234.4472,24,7.01,10.44,465.83
8/28/2028,15.72395,152.9972,62.11248,14.26133,-18.8561,47.37877,1000,34.76984,-84.03099,28,235,432.4965,38,6.63,23.78,71.29
8/29/2028,0.899353,259.3103,36.02953,7.079188,-15.77316,29.93154,1000,34.76984,-84.03099,28,267,380.554,30,5.23,38.1,329.08
8/30/2028,14.77548,242.3839,50.16307,10.44713,-16.53293,37.4272,1000,34.76984,-84.03099,28,153,654.3625,23,0.76,49.45,311.65
8/31/2028,14.58437,221.4821,56.75775,5.969889,-15.44956,27.38934,1000,34.76984,-84.03099,28,297,652.2819,17,4.92,78.74,123.17
9/1/2028,17.42092,79.38193,65.10536,11.55971,-18.74888,41.8683,1000,34.76984,-84.03099,28,188,746.5879,84,1.99,66.97,67.68
9/2/2028,16.56656,3.252211,28.25979,17.12233,-13.86298,48.10764,1000,34.76984,-84.03099,28,328,341.1302,82,8.52,173.38,279.6
9/3/2028,9.331459,327.6295,48.52823,15.94607,-16.70962,48.60176,1000,34.76984,-84.03099,28,267,558.9218,72,0.85,179.21,130.96
9/4/2028,17.4098,71.43276,68.42212,13.81796,-17.99601,45.63193,1000,34.76984,-84.03099,28,233,876.658,63,7.27,92.18,122.9
9/5/2028,0.1447988,280.7593,62.62526,12.43595,-17.68918,42.56108,1000,34.76984,-84.03099,28,448,943.0288,74,9.69,156.85,386.98
9/6/2028,16.98123,107.7069,50.38121,13.109,-17.93114,44.14913,1000,34.76984,-84.03099,28,321,217.3333,78,1.97,15.14,341.25
9/7/2028,1.303046,169.7807,43.27862,13.57622,-10.24723,37.39967,1000,34.76984,-84.03099,28,330,538.2325,92,3.24,102.62,372.45
9/8/2028,16.06272,354.5506,42.7471,10.57692,-15.17251,36.32635,1000,34.76984,-84.03099,28,330,625.0109,32,5.47,79.91,301.42
9/9/2028,7.611398,324.5242,58.45565,13.22995,-17.37135,43.83125,1000,34.76984,-84.03099,28,351,158.5498,85,7.35,67.55,317.46
9/10/2028,15.58181,92.75471,58.8327,13.29833,-19.69566,46.29232,1000,34.76984,-84.03099,28,217,485.0813,100,6.25,80.36,240.15
9/11/2028,9.360689,0.436964,37.94271,15.10156,-19.1329,49.33601,1000,34.76984,-84.03099,28,230,705.4451,47,4.61,86.23,284.75
9/12/2028,5.950004,55.21913,52.64307,11.33301,-18.72626,41.39228,1000,34.76984,-84.03099,28,193,457.2965,23,1.21,86.81,222.22
9/13/2028,11.42397,102.3664,55.95242,11.77857,-19.65872,43.21587,1000,34.76984,-84.03099,28,212,132.024,20,7.75,165.81,324.79
9/14/2028,3.65375,197.091,51.94102,11.54392,-16.52753,39.61538,1000,34.76984,-84.03099,28,356,199.1843,25,0.06,24.59,150.83
9/15/2028,2.856555,212.8003,53.28339,16.38106,-14.30481,47.06692,1000,34.76984,-84.03099,28,291,453.8654,91,0.53,118.8,110.45
9/16/2028,4.963393,35.84706,53.74178,3.424032,-19.49102,26.33908,1000,34.76984,-84.03099,28,318,476.8215,40,2.54,162.37,61.67
9/17/2028,6.134252,349.3715,26.94483,13.57225,-19.63238,46.77687,1000,34.76984,-84.03099,28,257,837.7819,70,5.97,33.47,332.07
9/18/2028,5.038782,312.5123,38.78401,14.29525,-19.45298,48.04347,1000,34.76984,-84.03099,28,99,317.6755,94,5.57,154.28,273.2
9/19/2028,11.36002,358.5587,43.69058,14.59887,-19.36682,48.56455,1000,34.76984,-84.03099,28,597,310.9019,72,5.6,107.68,423
9/20/2028,4.565268,233.5611,16.87058,11.19078,-19.26579,41.64735,1000,34.76984,-84.03099,28,73,906.7754,3,5.22,137.34,1.54
9/21/2028,19.78828,171.2804,60.25669,11.36439,-18.32696,41.05573,1000,34.76984,-84.03099,28,280,747.6985,15,1.12,13.15,153.06
9/22/2028,13.18305,179.1669,67.67527,15.12926,-12.02617,42.2847,1000,34.76984,-84.03099,28,134,361.1367,21,6.38,34.46,188.09
9/23/2028,4.963851,330.394,67.8772,8.990616,-19.09207,37.0733,1000,34.76984,-84.03099,28,230,443.5472,34,6.88,40.39,383.12
9/24/2028,5.688075,6.987133,58.75148,17.1071,-14.42978,48.64397,1000,34.76984,-84.03099,28,350,435.8076,18,7.85,178.78,373.38
9/25/2028,7.857834,260.4243,43.38708,15.1734,-16.401,46.7478,1000,34.76984,-84.03099,28,180,525.9691,26,6.8,41.81,409.59
9/26/2028,5.398439,258.814,63.34423,10.26225,-16.91863,37.44314,1000,34.76984,-84.03099,28,202,584.6694,10,9.82,112.32,460.44
9/27/2028,19.72853,356.8105,30.6573,18.38574,-11.46995,48.24143,1000,34.76984,-84.03099,28,371,355.1332,1,0.42,183.97,257.76
9/28/2028,2.71662,236.9225,40.62188,14.79185,-18.30117,47.88488,1000,34.76984,-84.03099,28,205,263.0796,69,6.44,163.27,221.26
9/29/2028,7.383512,262.5846,25.45701,19.25728,-7.845264,46.35983,1000,34.76984,-84.03099,28,351,523.6041,34,4.2,62.06,389.4
9/30/2028,4.056675,25.95876,44.70208,15.8242,-17.10552,48.75392,1000,34.76984,-84.03099,28,59,470.251,77,6.34,116.06,446.24
10/1/2028,16.9155,278.0937,47.86954,14.49415,-19.98515,48.97345,1000,34.76984,-84.03099,28,283,590.7057,79,5.08,15.87,417.16
10/2/2028,4.902098,359.5153,52.67378,15.74998,-17.06468,48.56463,1000,34.76984,-84.03099,28,274,287.6525,96,5.48,107.49,126.64
10/3/2028,16.82314,215.1516,32.6588,17.51012,-12.77696,47.7972,1000,34.76984,-84.03099,28,218,383.7011,98,6.88,176.96,332.68
10/4/2028,8.230261,237.0525,63.30142,13.19279,-15.23601,41.62159,1000,34.76984,-84.03099,28,406,752.1788,44,2.81,9.77,329.68
10/5/2028,14.39937,98.23367,63.13274,15.39738,-18.89253,49.68729,1000,34.76984,-84.03099,28,195,241.7392,82,1.71,40.98,407.12
10/6/2028,2.864535,329.4103,42.42026,10.60596,-19.66378,40.8757,1000,34.76984,-84.03099,28,217,322.7124,72,2.08,70.95,405.44
10/7/2028,0.6869245,191.297,58.12794,13.26771,-19.26085,45.79626,1000,34.76984,-84.03099,28,339,781.4618,46,8.68,37.64,176.11
10/8/2028,17.24877,161.9382,42.82956,16.59346,-12.93046,46.11739,1000,34.76984,-84.03099,28,211,534.5643,15,1.56,80.89,27.28
10/9/2028,4.717159,152.2204,54.42908,9.978861,-19.42115,39.37888,1000,34.76984,-84.03099,28,146,367.6951,59,3.22,158.48,384.49
10/10/2028,11.58134,241.8613,56.974,9.633909,-19.97477,39.24258,1000,34.76984,-84.03099,28,183,595.4468,89,1.48,73.61,384.37
10/11/2028,14.16464,172.371,51.225,10.26093,-18.75877,39.28064,1000,34.76984,-84.03099,28,79,579.2382,26,7.9,137.79,228.13
10/12/2028,8.327695,70.18487,55.02107,11.28234,-19.14944,41.71412,1000,34.76984,-84.03099,28,506,648.3167,37,1.14,8.98,410.7
10/13/2028,2.390163,213.0358,59.48715,10.38578,-19.12336,39.89493,1000,34.76984,-84.03099,28,69,480.0388,72,1.2,84.76,217.5
10/14/2028,4.553835,266.0804,77.56736,11.5014,-14.4901,37.49291,1000,34.76984,-84.03099,28,267,532.097,49,0.09,16.35,367.17
10/15/2028,7.199072,3.790154,41.82036,14.2744,-15.49248,44.04127,1000,34.76984,-84.03099,28,327,408.3802,35,0.57,182.36,87.95
10/16/2028,5.95286,181.6427,53.17647,14.05879,-18.11236,46.22994,1000,34.76984,-84.03099,28,278,438.6263,52,9.09,125.58,67.19
10/17/2028,12.61176,258.5549,33.7961,17.06932,-13.26537,47.40401,1000,34.76984,-84.03099,28,346,484.9867,0,5.62,134.86,349.3
10/18/2028,3.20333,27.75305,31.76991,12.9714,-16.20598,42.14878,1000,34.76984,-84.03099,28,109,342.6285,4,6.25,168.61,493.77
10/19/2028,18.02788,77.94894,66.53964,14.4859,-16.79385,45.76564,1000,34.76984,-84.03099,28,359,725.1256,44,7.87,159.67,347.59
10/20/2028,15.44621,133.5848,35.32722,14.08964,-19.02117,47.20046,1000,34.76984,-84.03099,28,305,344.3048,71,5.67,46.95,441.22
10/21/2028,14.02743,355.484,48.22192,9.12697,-19.77918,38.03312,1000,34.76984,-84.03099,28,114,556.9683,14,9.06,31.85,34.54
10/22/2028,18.96187,198.0818,70.40894,16.21218,-15.84508,48.26943,1000,34.76984,-84.03099,28,387,525.2181,53,5.37,17.59,299.51
10/23/2028,0.6568217,113.6474,58.34104,7.048859,-19.88033,33.97805,1000,34.76984,-84.03099,28,387,102.0194,72,4.29,178.76,133.27
10/24/2028,19.57375,315.4622,76.83962,11.48008,-16.34463,39.30479,1000,34.76984,-84.03099,28,253,577.4594,62,6.46,170.47,412.17
10/25/2028,13.43491,49.42097,53.73401,14.04075,-19.99778,48.07928,1000,34.76984,-84.03099,28,206,620.0524,94,2.21,53.65,339.08
10/26/2028,10.84589,67.65299,50.01101,12.32256,-19.26146,43.90658,1000,34.76984,-84.03099,28,438,443.1109,80,1.54,137.87,470.7
10/27/2028,18.01544,204.3915,55.94805,17.25591,-10.43579,44.9476,1000,34.76984,-84.03099,28,115,702.2017,42,2.38,178.21,294.95
10/28/2028,19.2115,349.2556,48.30371,13.78807,-15.63974,43.21589,1000,34.76984,-84.03099,28,357,565.8378,25,9.01,74.43,272.78
10/29/2028,0.9556866,150.1281,29.06796,15.83237,-15.96386,47.6286,1000,34.76984,-84.03099,28,248,118.0697,50,1.98,70.78,297.19
10/30/2028,15.67195,35.64922,67.02633,14.60489,-18.59904,47.80882,1000,34.76984,-84.03099,28,231,790.5442,23,3.17,98.59,74.82
10/31/2028,3.366611,218.8902,39.93737,16.07812,-16.97371,49.12995,1000,34.76984,-84.03099,28,396,838.8738,22,2.49,1.53,233.51
11/1/2028,0.5726838,158.0242,49.00765,10.66487,-19.67076,41.00051,1000,34.76984,-84.03099,28,64,246.8451,31,2.17,111.86,383.83
11/2/2028,0.916214,188.7276,32.93792,14.55729,-17.04808,46.16267,1000,34.76984,-84.03099,28,405,271.4702,18,2.44,164.5,390.68
11/3/2028,10.40102,33.44165,54.04843,15.09442,-13.31495,43.50379,1000,34.76984,-84.03099,28,199,441.847,14,5.86,33.95,426.33
11/4/2028,19.29912,103.9684,53.39747,14.51815,-19.70491,48.7412,1000,34.76984,-84.03099,28,371,545.6287,13,6.32,194.34,102.06
11/5/2028,10.76836,211.4879,53.87671,14.72933,-17.54513,47.00378,1000,34.76984,-84.03099,28,371,707.5694,81,6.91,122.74,163.01
11/6/2028,13.60308,170.2269,55.01257,17.61357,-11.57463,46.80177,1000,34.76984,-84.03099,28,372,529.1185,86,3.55,75.66,186.11
11/7/2028,18.71721,266.4693,56.92652,8.41312,-9.36222,26.18846,1000,34.76984,-84.03099,28,172,446.7209,94,0.64,175.43,457.15
11/8/2028,18.83659,320.1606,56.31326,18.51161,-11.49235,48.51558,1000,34.76984,-84.03099,28,268,756.889,9,3.29,37.44,259.54
11/9/2028,4.862471,260.643,32.96636,10.63742,-16.00543,37.28026,1000,34.76984,-84.03099,28,392,566.0956,11,6.06,52.43,245.64
11/10/2028,19.24762,247.9371,57.17102,14.9749,-19.15346,49.10325,1000,34.76984,-84.03099,28,97,490.8713,70,8.75,117.49,299.89
11/11/2028,14.89264,293.6235,65.82565,13.25912,-19.10189,45.62013,1000,34.76984,-84.03099,28,260,508.3439,61,3.51,21.77,124.9
11/12/2028,3.739858,301.4646,70.61799,8.06293,-13.69859,29.82445,1000,34.76984,-84.03099,28,300,421.2607,85,4.51,83.37,421.7
11/13/2028,4.210265,184.3782,46.0561,15.39596,-9.610528,40.40244,1000,34.76984,-84.03099,28,311,284.3396,31,1.61,76.29,310.91
11/14/2028,7.209567,122.8617,44.4323,14.86566,-19.23453,48.96586,1000,34.76984,-84.03099,28,221,326.09,73,5.06,143.68,206.6
11/15/2028,10.97545,40.47024,50.75349,19.261,-10.31465,48.83665,1000,34.76984,-84.03099,28,136,833.0754,31,2.4,148.65,41.28
11/16/2028,0.5944705,28.57376,39.47243,13.9471,-19.31924,47.21344,1000,34.76984,-84.03099,28,407,636.634,6,6.72,127.36,70.91
11/17/2028,1.845582,13.86513,81.37322,12.99457,-19.01015,44.99928,1000,34.76984,-84.03099,28,252,579.2618,26,9.47,39.45,194.34
11/18/2028,18.83369,63.43926,60.0756,15.2756,-19.37794,49.92913,1000,34.76984,-84.03099,28,282,54.5404,35,9.79,7.28,395.5
11/19/2028,11.69489,75.15742,52.93238,14.51085,-18.86322,47.88493,1000,34.76984,-84.03099,28,154,665.2129,10,0.65,175.4,128.56
11/20/2028,10.04291,31.70045,80.99238,11.06372,-18.02315,40.15059,1000,34.76984,-84.03099,28,230,423.8744,58,7.12,123.55,412.73
11/21/2028,12.2688,309.1694,58.07684,10.33482,-19.50669,40.17633,1000,34.76984,-84.03099,28,266,796.5294,15,3.72,18.19,460.44
11/22/2028,3.385065,325.8203,70.29998,8.241456,-17.28485,33.76777,1000,34.76984,-84.03099,28,221,417.9199,12,8.72,35.9,76.74
11/23/2028,15.57586,278.2212,53.00094,6.080611,-16.83409,28.99531,1000,34.76984,-84.03099,28,125,691.8341,59,4.28,21.25,159.08
11/24/2028,5.129003,262.365,49.48075,8.282655,-17.6817,34.24701,1000,34.76984,-84.03099,28,302,405.4962,24,3.44,182.53,99.95
11/25/2028,6.938914,23.54323,41.02731,6.249499,-18.472,30.971,1000,34.76984,-84.03099,28,345,386.8925,57,5.67,38.96,480.71
11/26/2028,6.644193,169.5416,79.91757,5.18297,-17.37128,27.73722,1000,34.76984,-84.03099,28,249,592.0717,69,7.53,192.96,104.23
11/27/2028,11.70727,19.94547,40.73223,17.66227,-14.54014,49.86468,1000,34.76984,-84.03099,28,555,545.4302,10,2.81,199.09,480.29
11/28/2028,14.73216,46.38454,57.60402,15.52489,-16.50097,47.55075,1000,34.76984,-84.03099,28,555,774.185,1,8.66,68.75,425.32
11/29/2028,3.193572,200.4759,44.14906,13.29931,-19.94744,46.54607,1000,34.76984,-84.03099,28,345,702.0663,69,8.52,199.16,475.56
11/30/2028,14.60689,209.5455,44.97802,11.43114,-19.41738,42.27967,1000,34.76984,-84.03099,28,124,483.8065,10,5.8,13.61,311.14
12/1/2028,10.41719,328.3708,55.94393,7.712516,-17.26519,32.69022,1000,34.76984,-84.03099,28,380,561.0546,34,6.31,191.45,261.73
12/2/2028,0.0636363,196.4107,57.74486,15.63236,-16.90332,48.16804,1000,34.76984,-84.03099,28,210,787.6505,33,0.75,57.38,286.7
12/3/2028,18.10996,332.3261,71.81969,11.68035,-17.09599,40.45669,1000,34.76984,-84.03099,28,204,355.9057,67,3.02,9.16,450.42
12/4/2028,11.90524,181.6176,60.66264,15.09108,-19.0615,49.24365,1000,34.76984,-84.03099,28,317,596.4981,100,1.99,124.02,185.43
12/5/2028,3.417766,84.70987,39.11319,14.26099,-19.438,47.95999,1000,34.76984,-84.03099,28,201,470.5005,65,7,85.45,379.41
12/6/2028,10.27073,210.7984,62.83278,14.96151,-19.40401,49.32703,1000,34.76984,-84.03099,28,292,442.4188,76,8.51,79.96,296.73
12/7/2028,9.65649,187.6919,49.04354,14.20983,-17.89171,46.31137,1000,34.76984,-84.03099,28,400,430.5903,75,9.75,189.99,144.31
12/8/2028,14.8473,106.165,38.3823,16.49757,-15.7708,48.76595,1000,34.76984,-84.03099,28,147,330.7271,76,9.45,44.39,84.92
12/9/2028,8.797275,303.0343,41.01767,11.82678,-17.72581,41.37936,1000,34.76984,-84.03099,28,394,571.7422,23,6.05,120,449.67
12/10/2028,0.5640459,326.3445,61.47409,15.48354,-13.28719,44.25427,1000,34.76984,-84.03099,28,100,598.973,40,1.44,85.42,184.83
12/11/2028,12.34455,272.7259,50.20892,12.13157,-14.82909,39.09224,1000,34.76984,-84.03099,28,317,426.1572,95,9.08,99.49,378.55
12/12/2028,4.031889,146.5977,50.05217,11.58054,-16.15223,39.3133,1000,34.76984,-84.03099,28,182,237.2746,29,7.9,23.33,40.19
12/13/2028,3.149452,359.0366,59.90182,13.61033,-18.58339,45.80405,1000,34.76984,-84.03099,28,243,687.9642,73,0.94,9.74,145.3
12/14/2028,11.72476,2.929873,58.22931,8.715141,-19.48354,36.91383,1000,34.76984,-84.03099,28,327,437.6822,13,2.78,142.64,348.08
12/15/2028,19.8048,313.8441,52.59565,14.69982,-16.07819,45.47783,1000,34.76984,-84.03099,28,281,758.8785,36,4.12,56.72,486.53
12/16/2028,16.51078,137.8496,51.7439,14.7945,-17.79262,47.38161,1000,34.76984,-84.03099,28,178,726.3002,85,7.1,25.15,492.96
12/17/2028,12.09865,60.87417,40.9559,13.47171,-13.30265,40.24607,1000,34.76984,-84.03099,28,246,355.6747,50,6.28,123.08,287.03
12/18/2028,2.829275,292.2339,53.76439,14.99796,-14.85328,44.84921,1000,34.76984,-84.03099,28,174,313.0303,51,8.25,50.69,433.11
12/19/2028,7.707299,20.09314,48.00477,4.512693,-19.92382,28.94921,1000,34.76984,-84.03099,28,352,717.7943,4,9.48,163.97,225.58
12/20/2028,13.21161,355.2115,52.02335,14.98668,-19.86557,49.83894,1000,34.76984,-84.03099,28,352,343.0195,12,4.55,176.37,130.25
12/21/2028,0.1379871,336.4751,47.27604,15.90108,-18.05313,49.8553,1000,34.76984,-84.03099,28,532,605.8242,73,2.34,135.4,193.08
12/22/2028,18.00609,119.8094,56.04708,11.63932,-18.71549,41.99414,1000,34.76984,-84.03099,28,421,465.9801,94,1.3,47.67,426.15
12/23/2028,2.552447,327.4139,42.62306,14.25519,-17.73281,46.24318,1000,34.76984,-84.03099,28,236,879.0874,97,8.66,173.65,473.47
12/24/2028,14.89806,305.2546,63.12376,14.91696,-17.59427,47.42819,1000,34.76984,-84.03099,28,300,667.0253,81,3.46,134.08,11.67
12/25/2028,10.38581,158.3149,27.75049,13.04654,-14.75477,40.84785,1000,34.76984,-84.03099,28,66,430.2045,57,6.25,191.38,80.49
12/26/2028,13.75391,299.6733,40.57022,12.5169,-17.33553,42.36933,1000,34.76984,-84.03099,28,297,522.356,85,1.95,28.27,318.19
12/27/2028,3.691778,3.550601,63.86295,14.75651,-19.92474,49.43775,1000,34.76984,-84.03099,28,259,193.0571,47,4.03,127.29,461.39
12/28/2028,9.993111,29.15192,46.19297,15.87093,-17.94762,49.68948,1000,34.76984,-84.03099,28,227,129.6003,82,3.06,14.51,388.07
12/29/2028,10.84271,157.4266,38.43486,15.02673,-16.75323,46.80668,1000,34.76984,-84.03099,28,177,558.1161,68,5.49,95.52,79.58
12/30/2028,18.54383,26.7948,59.35767,13.95872,-18.47848,46.39592,1000,34.76984,-84.03099,28,453,260.8372,15,3.18,13.72,491.96
12/31/2028,5.655962,9.398804,47.85001,15.82683,-17.79373,49.4474,1000,34.76984,-84.03099,28,36,343.3407,42,0.93,86.11,273.79
1/1/2029,4.377644,73.49875,35.96968,15.71107,-16.94634,48.36848,1000,34.76984,-84.03099,29,312,883.59,18,7.12,48.59,479.75
1/2/2029,11.42648,343.1963,46.43701,14.04435,-17.87106,45.95976,1000,34.76984,-84.03099,29,172,730.2142,45,5.15,134.7,433.52
1/3/2029,10.79135,80.42464,34.49214,10.4636,-18.82705,39.75425,1000,34.76984,-84.03099,29,312,475.9775,99,4.68,182.19,493.54
1/4/2029,2.564824,10.33882,63.27097,15.2062,-18.28547,48.69787,1000,34.76984,-84.03099,29,196,434.3864,14,2.58,91.07,189.66
1/5/2029,10.44985,158.7326,42.31386,8.150022,-16.53776,32.83781,1000,34.76984,-84.03099,29,276,755.4561,4,9.88,113.83,255.14
1/6/2029,15.63242,37.50518,64.39194,15.46441,-13.28909,44.21792,1000,34.76984,-84.03099,29,239,640.9289,54,2.31,106.47,159.72
1/7/2029,7.215084,320.4982,28.83732,15.12047,-17.04387,47.28481,1000,34.76984,-84.03099,29,103,632.0812,59,5.95,83.5,32.1
1/8/2029,16.36252,116.3635,27.96306,12.78275,-18.97309,44.53859,1000,34.76984,-84.03099,29,316,585.6951,25,2.75,171.08,179.37
1/9/2029,13.73175,154.8864,45.53141,11.11631,-17.32973,39.56235,1000,34.76984,-84.03099,29,284,699.4763,96,4.88,156.72,494.71
1/10/2029,0.8285499,106.0713,54.51746,19.89555,-8.533887,48.32499,1000,34.76984,-84.03099,29,177,606.3233,56,4.11,3.18,309.93
1/11/2029,17.35366,219.521,42.57798,15.3066,-18.46068,49.07388,1000,34.76984,-84.03099,29,369,148.2151,27,2.37,64.3,86.98
1/12/2029,16.291,240.0076,51.85145,14.31169,-19.03999,47.66337,1000,34.76984,-84.03099,29,369,348.1241,96,7.54,103.15,244.75
1/13/2029,10.59828,352.7267,45.57113,8.651098,-18.00642,35.30862,1000,34.76984,-84.03099,29,484,474.4001,54,7.05,119.57,270.6
1/14/2029,13.68281,209.3844,58.90384,13.10121,-19.31576,45.51817,1000,34.76984,-84.03099,29,279,567.2332,79,3.79,122.1,334.54
1/15/2029,15.88171,327.8757,55.30869,17.20346,-15.36024,49.76717,1000,34.76984,-84.03099,29,390,387.4453,2,0.89,117.69,191.5
1/16/2029,4.255898,330.3904,48.26452,16.11921,-17.24579,49.48421,1000,34.76984,-84.03099,29,50,127.0421,26,9.69,185.84,27.71
1/17/2029,17.4211,48.03982,53.62939,13.81436,-19.97672,47.60544,1000,34.76984,-84.03099,29,217,954.9277,7,7.32,176.31,146.48
1/18/2029,14.72409,154.699,61.80291,11.77716,-18.17653,41.73085,1000,34.76984,-84.03099,29,330,646.4944,14,1.03,154.76,471.99
1/19/2029,0.7131147,120.6821,37.34523,14.00156,-19.70891,47.71203,1000,34.76984,-84.03099,29,241,184.1002,15,3.08,190.52,359.61
1/20/2029,0.6197333,305.311,40.39481,13.02759,-19.78412,45.83929,1000,34.76984,-84.03099,29,359,138.4455,57,7.8,93.45,139.86
1/21/2029,6.932369,216.1479,42.80196,14.76702,-17.9779,47.51194,1000,34.76984,-84.03099,29,149,243.6661,64,8.05,184.85,368.65
1/22/2029,16.12526,21.93712,50.16354,15.18244,-18.55072,48.9156,1000,34.76984,-84.03099,29,322,237.1694,46,2.92,140.35,373.53
1/23/2029,19.21278,125.296,52.96881,15.62772,-17.3364,48.59185,1000,34.76984,-84.03099,29,94,398.7521,90,2.66,197.84,470.92
1/24/2029,9.911007,281.2842,64.06299,10.96611,-19.81534,41.74755,1000,34.76984,-84.03099,29,565,282.7127,3,8.17,50.57,167.19
1/25/2029,14.53494,257.8759,48.88874,13.81077,-18.70428,46.32583,1000,34.76984,-84.03099,29,565,212.2212,72,5,195.33,338.31
1/26/2029,14.3021,68.04618,62.49572,12.55364,-18.632,43.73928,1000,34.76984,-84.03099,29,317,435.1935,22,8.62,61.05,413.47
1/27/2029,16.86441,13.31303,48.46248,15.63389,-17.5061,48.77387,1000,34.76984,-84.03099,29,207,389.9457,62,7.96,36.03,385.9
1/28/2029,17.26368,316.8802,54.5777,15.49413,-15.01502,46.00328,1000,34.76984,-84.03099,29,300,395.2036,100,9.66,170.51,207.05
1/29/2029,7.76414,106.512,33.50687,12.69948,-15.23484,40.63381,1000,34.76984,-84.03099,29,322,241.4536,41,7.65,95.24,388.08
1/30/2029,11.51196,107.2577,55.27,2.854792,-18.40465,24.11423,1000,34.76984,-84.03099,29,88,769.55,38,3.11,53.33,338.87
1/31/2029,14.13078,149.5479,67.44633,12.7968,-18.26708,43.86069,1000,34.76984,-84.03099,29,268,612.4744,23,7.02,151.91,261.15
2/1/2029,13.42816,295.1157,39.33013,12.66833,-14.40457,39.74122,1000,34.76984,-84.03099,29,287,742.1139,88,7.41,196.28,294.9
2/2/2029,4.339659,38.57287,69.82936,11.58208,-19.25438,42.41854,1000,34.76984,-84.03099,29,286,68.7896,61,6.67,185.81,201.37
2/3/2029,5.506874,214.1149,68.18879,14.69445,-14.77306,44.16195,1000,34.76984,-84.03099,29,278,558.3119,33,9.82,80.42,7.75
2/4/2029,19.11157,143.7953,25.59872,15.1517,-17.96031,48.2637,1000,34.76984,-84.03099,29,143,328.4073,56,9.14,79.71,93.29
2/5/2029,16.54527,204.2254,49.96542,10.60363,-19.4277,40.63495,1000,34.76984,-84.03099,29,410,564.1766,95,6.54,72.81,479.58
2/6/2029,2.446985,25.22311,50.1183,14.58743,-17.55297,46.72784,1000,34.76984,-84.03099,29,94,530.8835,58,3.08,113.54,44
2/7/2029,8.773932,256.6034,31.5782,13.52713,-16.06663,43.12088,1000,34.76984,-84.03099,29,446,648.8994,66,4.95,98.92,429.42
2/8/2029,0.2743316,131.5279,49.67827,1.447669,-15.8606,18.75593,1000,34.76984,-84.03099,29,113,659.1063,59,0.3,52.63,479.38
2/9/2029,1.830125,287.0377,68.5697,5.285767,-15.99347,26.56501,1000,34.76984,-84.03099,29,210,340.2383,98,9.3,158.49,139.29
2/10/2029,2.666104,23.38011,52.40854,17.77541,-13.72795,49.27877,1000,34.76984,-84.03099,29,157,640.2837,12,1.62,101.81,221.44
2/11/2029,1.576722,119.7782,38.66636,14.15178,-18.92767,47.23123,1000,34.76984,-84.03099,29,293,515.6692,70,3.92,160.98,29.05
2/12/2029,18.48084,110.9922,42.53608,14.96118,-15.83611,45.75848,1000,34.76984,-84.03099,29,96,650.1754,78,9.93,153.99,345.98
2/13/2029,13.02097,284.5811,44.86126,15.77011,-17.47489,49.01512,1000,34.76984,-84.03099,29,313,543.3338,27,2.29,29.56,353.11
2/14/2029,5.651425,357.9243,37.92756,5.390841,-19.61791,30.39959,1000,34.76984,-84.03099,29,292,448.5224,29,2.61,1.74,259.06
2/15/2029,16.10308,8.667655,45.2387,7.195049,-16.59229,30.98238,1000,34.76984,-84.03099,29,270,851.888,78,3,47.53,70.48
2/16/2029,10.02282,87.29346,53.17337,14.73771,-12.51867,41.99409,1000,34.76984,-84.03099,29,508,327.7367,51,1.83,188.71,259.29
2/17/2029,5.504223,164.2893,50.74199,13.79315,-18.65125,46.23755,1000,34.76984,-84.03099,29,508,784.6526,22,2.78,2.66,145.81
2/18/2029,12.35386,60.13972,63.81144,10.95244,-19.78299,41.68786,1000,34.76984,-84.03099,29,365,335.9142,83,9.48,101.81,217.25
2/19/2029,16.38762,213.2477,57.11781,7.294969,-16.66034,31.25028,1000,34.76984,-84.03099,29,311,441.0967,21,2.4,125.36,477.33
2/20/2029,15.66181,132.3537,54.2546,13.2902,-17.67671,44.25711,1000,34.76984,-84.03099,29,324,515.4336,59,4.05,130.67,269.98
2/21/2029,1.654773,226.1428,49.67784,15.50118,-9.701227,40.70359,1000,34.76984,-84.03099,29,170,879.3754,67,2.38,193.63,279.78
2/22/2029,11.24549,313.9339,64.0209,15.02034,-18.97133,49.01202,1000,34.76984,-84.03099,29,239,84.30701,87,9.85,188.1,377.29
2/23/2029,10.57362,278.5216,61.10161,3.561149,-16.12273,23.24503,1000,34.76984,-84.03099,29,282,497.0614,75,9.02,192.77,213.48
2/24/2029,0.470829,262.8558,44.00673,14.94717,-18.97909,48.87344,1000,34.76984,-84.03099,29,263,442.9455,71,8.66,20.73,51.79
2/25/2029,16.21226,290.4994,32.03939,10.47922,-19.57225,40.53068,1000,34.76984,-84.03099,29,326,568.3213,3,6.86,166.91,46.87
2/26/2029,16.6762,211.8227,43.61547,13.06452,-19.83544,45.96447,1000,34.76984,-84.03099,29,399,792.2321,79,9.49,161.91,190.33
2/27/2029,9.942602,59.15022,52.0678,5.176743,-18.66478,29.01826,1000,34.76984,-84.03099,29,87,678.8879,11,8.28,24.51,197.83
2/28/2029,7.048706,306.7382,69.97248,8.028577,-17.83093,33.88809,1000,34.76984,-84.03099,29,461,267.4933,87,6.12,108.14,146.1
3/1/2029,7.291292,159.3624,34.83086,17.74074,-12.13171,47.61319,1000,34.76984,-84.03099,29,162,780.3189,36,2.29,101.06,387.49
3/2/2029,15.57111,184.122,29.13391,13.98353,-19.61826,47.58533,1000,34.76984,-84.03099,29,430,498.1093,31,3.13,153.22,99.73
3/3/2029,17.75153,157.5197,70.55722,12.23024,-17.30051,41.76099,1000,34.76984,-84.03099,29,146,294.3394,27,8.25,24.67,86.75
3/4/2029,10.49894,279.4389,39.16741,10.96132,-18.64074,40.56337,1000,34.76984,-84.03099,29,208,599.0353,23,0.56,25.66,1.61
3/5/2029,11.64513,47.44553,66.37365,12.94291,-17.19311,43.07893,1000,34.76984,-84.03099,29,347,686.8907,99,2.43,32.38,223.8
3/6/2029,4.512241,275.2997,58.35508,3.915629,-17.10169,24.93295,1000,34.76984,-84.03099,29,196,284.6786,42,2.67,110.03,250.96
3/7/2029,15.15442,17.8545,68.03546,13.45803,-15.20181,42.11788,1000,34.76984,-84.03099,29,207,680.5009,10,5.09,8.16,397.08
3/8/2029,7.240368,93.42539,53.16429,6.450998,-17.71883,30.62083,1000,34.76984,-84.03099,29,453,499.3476,55,0.94,138.1,64.39
3/9/2029,14.25891,88.44316,56.04144,15.50314,-17.23235,48.23862,1000,34.76984,-84.03099,29,130,314.3193,73,3.3,12.47,211.37
3/10/2029,14.78095,129.9757,64.75495,11.70076,-19.49217,42.89369,1000,34.76984,-84.03099,29,333,472.9111,7,6.15,90.69,416.6
3/11/2029,5.081535,14.87926,64.21858,12.09185,-14.41531,38.59901,1000,34.76984,-84.03099,29,333,449.2478,54,2.15,66.19,415.45
3/12/2029,18.15528,301.359,67.63305,14.07028,-18.04763,46.18819,1000,34.76984,-84.03099,29,384,407.1637,38,2.89,178.08,488.27
3/13/2029,0.7192445,17.53246,49.25376,15.23782,-14.74723,45.22287,1000,34.76984,-84.03099,29,231,400.9212,57,8.65,88.49,63.03
3/14/2029,1.950788,225.6185,42.41375,13.62553,-19.95732,47.20837,1000,34.76984,-84.03099,29,295,520.3938,13,2.51,180.16,263.38
3/15/2029,4.372559,22.27624,49.6646,13.3788,-18.12349,44.88109,1000,34.76984,-84.03099,29,217,521.0146,33,3.12,162.02,195.09
3/16/2029,11.27641,244.0108,29.53122,11.47457,-19.10024,42.04937,1000,34.76984,-84.03099,29,308,334.618,11,6.71,47.82,133.79
3/17/2029,3.789561,303.7422,26.86375,16.60512,-16.58282,49.79306,1000,34.76984,-84.03099,29,267,733.3098,66,3.91,112.63,196.82
3/18/2029,9.301595,116.2583,41.90373,14.32374,-19.49772,48.14521,1000,34.76984,-84.03099,29,240,474.7867,82,2.64,189.2,218.01
3/19/2029,9.354691,149.4045,39.07222,10.63312,-15.13791,36.40415,1000,34.76984,-84.03099,29,247,578.2605,6,6.44,193.13,174.03
3/20/2029,10.38663,282.7807,44.01062,17.9253,-14.03042,49.88102,1000,34.76984,-84.03099,29,79,934.4016,61,4.39,119.21,109.03
3/21/2029,6.548935,23.939,56.79245,15.90478,-18.16467,49.97423,1000,34.76984,-84.03099,29,400,324.2228,79,3.66,181.82,495.24
3/22/2029,1.602552,350.2933,42.67183,15.00885,-13.84999,43.86769,1000,34.76984,-84.03099,29,255,588.7665,80,1.01,144.52,196.94
3/23/2029,15.58129,25.32563,50.84731,12.43723,-18.85416,43.72863,1000,34.76984,-84.03099,29,359,416.9785,98,1.67,156.01,19.59
3/24/2029,7.901569,325.7378,48.34634,15.04636,-19.80245,49.89518,1000,34.76984,-84.03099,29,359,566.0903,97,8.85,144.38,31.11
3/25/2029,19.24074,141.1122,52.24751,12.1448,-19.95158,44.24118,1000,34.76984,-84.03099,29,553,671.6497,76,5.53,38.51,454.83
3/26/2029,3.612061,150.2748,59.41245,12.64718,-15.25627,40.55062,1000,34.76984,-84.03099,29,298,920.0753,94,5.35,46.86,218.08
3/27/2029,0.1100087,86.95893,58.8073,13.87321,-18.78154,46.52797,1000,34.76984,-84.03099,29,212,790.5436,70,1.64,45.78,343.43
3/28/2029,12.06239,76.46867,44.34856,9.175984,-18.74119,37.09315,1000,34.76984,-84.03099,29,379,697.0637,81,4.33,157.61,478.53
3/29/2029,3.614969,149.7944,27.77094,8.371654,-18.30541,35.04872,1000,34.76984,-84.03099,29,97,296.2574,43,7.33,97.54,0.73
3/30/2029,10.69215,349.8784,54.99993,19.14815,-5.986574,44.28287,1000,34.76984,-84.03099,29,483,373.0503,22,5.33,53.1,16.02
3/31/2029,11.71066,191.4708,44.33915,8.494074,-18.53593,35.52408,1000,34.76984,-84.03099,29,408,504.8622,3,1.39,12.85,323.63
4/1/2029,18.31926,104.2124,42.31852,14.97775,-19.64482,49.60033,1000,34.76984,-84.03099,29,183,392.1812,33,4.35,13.54,141.58
4/2/2029,6.874677,80.77148,77.7682,6.021082,-19.30504,31.3472,1000,34.76984,-84.03099,29,226,247.0613,54,0.16,45.49,27.85
4/3/2029,10.25208,127.591,37.9876,15.52598,-18.19283,49.24479,1000,34.76984,-84.03099,29,89,591.1107,47,1.68,132.67,130.49
4/4/2029,13.61799,181.2157,63.06372,13.63114,-16.06691,43.32919,1000,34.76984,-84.03099,29,411,477.3238,64,9.15,113.52,338.68
4/5/2029,12.04288,135.1619,32.00461,20.14769,-9.703756,49.99913,1000,34.76984,-84.03099,29,278,113.0177,8,6.78,153.92,59.3
4/6/2029,8.268667,5.395103,58.39231,14.90794,-18.59441,48.41028,1000,34.76984,-84.03099,29,329,276.1859,23,7.98,145.56,255.05
4/7/2029,3.957562,224.0077,44.66101,13.86719,-19.01138,46.74576,1000,34.76984,-84.03099,29,112,461.2253,50,0.43,173.22,485.07
4/8/2029,1.006317,295.1962,38.58835,16.54037,-15.9916,49.07233,1000,34.76984,-84.03099,29,362,399.816,80,7.76,23.07,333.58
4/9/2029,9.771634,71.2363,47.2611,12.11722,-18.85787,43.0923,1000,34.76984,-84.03099,29,287,287.1999,71,1.98,77.91,411.92
4/10/2029,12.88297,132.2492,32.29827,16.74014,-15.40082,48.8811,1000,34.76984,-84.03099,29,310,70.76472,31,3.4,149.31,392.59
4/11/2029,8.489548,326.8804,56.22652,15.56169,-16.37739,47.50078,1000,34.76984,-84.03099,29,112,616.9243,95,2.29,96.68,283.86
4/12/2029,5.389725,71.68957,66.75027,13.9879,-15.18509,43.16088,1000,34.76984,-84.03099,29,231,247.9079,78,2.17,65.44,286.66
4/13/2029,5.541183,98.59949,41.74354,12.74148,-16.86541,42.34837,1000,34.76984,-84.03099,29,380,604.3768,66,3.29,163.83,432.95
4/14/2029,9.388279,87.97191,56.62581,12.05125,-15.52756,39.63005,1000,34.76984,-84.03099,29,250,472.8004,53,6,112.13,477.81
4/15/2029,5.335775,189.0918,58.30375,12.73511,-18.195,43.66523,1000,34.76984,-84.03099,29,589,633.9546,28,7.22,18.55,105.8
4/16/2029,0.1059508,22.27821,53.03279,14.986,-19.73845,49.71045,1000,34.76984,-84.03099,29,589,458.0001,82,0.25,165.63,233.68
4/17/2029,3.006709,230.7121,38.87319,16.923,-11.72011,45.56611,1000,34.76984,-84.03099,29,322,429.0305,51,8.93,41.1,124.71
4/18/2029,8.538617,259.4584,62.45488,23.73895,-2.301624,49.77952,1000,34.76984,-84.03099,29,137,628.9138,82,0.94,171.86,353.26
4/19/2029,19.34944,118.5555,55.22786,13.57838,-18.42842,45.58519,1000,34.76984,-84.03099,29,364,691.2161,95,2.52,140.73,380.55
4/20/2029,14.92966,217.0511,67.05199,11.20927,-19.59273,42.01127,1000,34.76984,-84.03099,29,269,497.5417,49,4.22,111.19,198.96
4/21/2029,0.7036161,213.4616,53.53933,14.14945,-18.39234,46.69124,1000,34.76984,-84.03099,29,265,639.0916,65,7.69,189.78,449.31
4/22/2029,18.87486,336.2802,41.40605,8.958864,-17.59167,35.5094,1000,34.76984,-84.03099,29,411,395.0862,39,7.71,107.43,91.1
4/23/2029,17.48434,323.0962,72.27401,12.61802,-19.83146,45.06749,1000,34.76984,-84.03099,29,223,893.4305,40,6.28,45.76,133.51
4/24/2029,8.543576,108.0228,35.07227,12.2586,-16.49315,41.01034,1000,34.76984,-84.03099,29,167,168.1635,10,6.03,184.93,455.28
4/25/2029,16.74542,14.90347,45.38276,7.162161,-19.68052,34.00484,1000,34.76984,-84.03099,29,341,492.9811,2,7.86,59.84,428.16
4/26/2029,12.95244,154.1396,40.81818,9.608886,-14.76031,33.97808,1000,34.76984,-84.03099,29,144,83.50527,78,5.61,105.42,253.63
4/27/2029,15.33252,173.8382,51.28587,8.261248,-19.76865,36.29114,1000,34.76984,-84.03099,29,407,502.6995,52,1.97,164.62,234.9
4/28/2029,18.20275,161.154,41.32983,11.82906,-19.05069,42.70881,1000,34.76984,-84.03099,29,143,787.3972,9,5.24,181.13,443.04
4/29/2029,19.73977,238.083,64.28797,10.60942,-19.81461,41.03345,1000,34.76984,-84.03099,29,245,432.4597,39,4.48,67.51,329.03
4/30/2029,10.87095,46.27969,38.74535,11.34558,-19.13901,41.83018,1000,34.76984,-84.03099,29,323,727.6292,34,0.33,182.69,178.73
5/1/2029,19.08821,222.3024,65.05164,11.92966,-19.98103,43.84034,1000,34.76984,-84.03099,29,299,695.8115,45,3.4,186.32,446.1
5/2/2029,5.231696,342.1289,47.70435,9.767592,-19.70782,39.24301,1000,34.76984,-84.03099,29,258,278.7533,21,7.82,6.47,468.12
5/3/2029,5.380765,307.1867,32.73241,12.34006,-18.08646,42.76658,1000,34.76984,-84.03099,29,243,519.7678,19,9.82,101.82,362.61
5/4/2029,4.760077,24.40776,73.6822,13.81249,-19.50722,47.1322,1000,34.76984,-84.03099,29,317,93.3336,71,2.23,160.6,213.47
5/5/2029,12.43399,154.653,72.81366,10.47626,-19.73774,40.69026,1000,34.76984,-84.03099,29,310,123.5971,8,7.87,169.47,276.74
5/6/2029,14.85165,332.9301,45.34303,16.28132,-16.99004,49.55268,1000,34.76984,-84.03099,29,233,164.175,30,3.25,189.72,404.02
5/7/2029,17.87044,335.2498,43.00782,10.55992,-18.92251,40.04236,1000,34.76984,-84.03099,29,274,143.2167,30,6.51,17.21,417.36
5/8/2029,14.27022,280.7273,40.54025,14.47192,-16.67692,45.62076,1000,34.76984,-84.03099,29,320,337.9159,44,8.17,35.65,278.58
5/9/2029,19.48012,331.2957,44.48898,14.97889,-17.95155,47.90933,1000,34.76984,-84.03099,29,85,855.0522,55,8.17,69.2,77.64
5/10/2029,12.66262,357.2965,47.57764,10.9162,-18.62467,40.45708,1000,34.76984,-84.03099,29,363,519.2396,18,9.49,53.65,188.51
5/11/2029,18.42067,237.4321,70.03678,14.1243,-18.11888,46.36748,1000,34.76984,-84.03099,29,281,773.0587,11,1.26,41.72,415.52
5/12/2029,3.844714,354.7579,50.39756,15.31265,-15.02143,45.64673,1000,34.76984,-84.03099,29,300,529.7317,38,9.39,14.1,21.39
5/13/2029,14.9808,25.76371,25.12429,13.08563,-17.68768,43.85894,1000,34.76984,-84.03099,29,197,692.6212,76,9.02,191.27,347.16
5/14/2029,5.696331,125.8159,40.48219,16.00826,-14.09837,46.11488,1000,34.76984,-84.03099,29,298,753.1019,69,8.91,91.09,315.64
5/15/2029,10.2501,310.898,56.94806,3.718267,-17.61346,25.04999,1000,34.76984,-84.03099,29,325,403.2233,74,1.49,187.13,176.71
5/16/2029,14.78248,224.0439,27.15014,16.1721,-13.07591,45.4201,1000,34.76984,-84.03099,29,181,503.7261,14,5.2,96.09,479.68
5/17/2029,3.67934,86.40678,60.48547,13.02515,-19.82253,45.87284,1000,34.76984,-84.03099,29,181,718.4283,64,8.2,45.82,265.04
5/18/2029,3.766186,138.3049,58.03394,16.21523,-16.65484,49.08531,1000,34.76984,-84.03099,29,544,561.5457,55,3.69,181.03,64.83
5/19/2029,18.41828,233.2141,58.69403,14.40419,-17.17539,45.98378,1000,34.76984,-84.03099,29,118,997.6201,60,6.36,196.37,275.36
5/20/2029,2.396302,15.05548,25.17895,14.83984,-18.23106,47.91073,1000,34.76984,-84.03099,29,382,904.7898,99,8.38,149.23,43.26
5/21/2029,6.62809,166.0087,44.76221,14.77334,-14.06264,43.60933,1000,34.76984,-84.03099,29,71,48.69628,23,3.36,187.81,359.23
5/22/2029,19.28524,268.8156,51.67075,12.21439,-18.3626,42.79139,1000,34.76984,-84.03099,29,272,113.2666,46,5.22,182.35,451.32
5/23/2029,7.796186,112.5579,36.87352,14.71358,-18.66205,48.08921,1000,34.76984,-84.03099,29,240,144.1069,88,0.3,157.58,369.51
5/24/2029,2.150791,69.82786,36.14523,9.418184,-16.83587,35.67223,1000,34.76984,-84.03099,29,206,508.2431,90,6.12,110.37,146.58
5/25/2029,15.51565,189.3969,61.30611,16.62058,-15.82961,49.07077,1000,34.76984,-84.03099,29,322,339.1321,49,5.77,72.72,200.15
5/26/2029,15.08167,36.90711,44.33569,8.891141,-17.66871,35.451,1000,34.76984,-84.03099,29,106,360.2888,11,4.34,32.91,187.03
5/27/2029,14.99564,112.7629,46.1173,13.96774,-16.36574,44.30122,1000,34.76984,-84.03099,29,327,350.187,23,9.98,175.11,187.18
5/28/2029,1.506402,242.1164,59.47618,13.33894,-19.81938,46.49726,1000,34.76984,-84.03099,29,360,415.9743,95,3.05,138.14,348.92
5/29/2029,14.0014,61.20552,79.67406,13.99612,-13.94254,41.93479,1000,34.76984,-84.03099,29,199,365.6603,90,7.39,192.22,466.83
5/30/2029,14.43469,50.15658,41.3374,17.50572,-13.22071,48.23214,1000,34.76984,-84.03099,29,322,732.1566,15,3.17,105.75,362.93
5/31/2029,1.748219,330.0463,58.65673,5.260964,-19.81076,30.33269,1000,34.76984,-84.03099,29,322,513.9986,67,4.99,97.96,198.36
6/1/2029,9.06947,37.27292,21.22396,4.289758,-18.18448,26.764,1000,34.76984,-84.03099,29,379,885.2485,39,9.17,112.37,290.6
6/2/2029,6.259056,52.0909,41.2639,12.50253,-17.05949,42.06455,1000,34.76984,-84.03099,29,160,246.8357,83,0.75,92.46,307.95
6/3/2029,4.477987,2.795334,42.69993,15.7898,-18.15643,49.73603,1000,34.76984,-84.03099,29,447,305.007,41,0.86,192.9,151.29
6/4/2029,3.166015,278.6589,41.44579,14.67945,-18.63265,47.99154,1000,34.76984,-84.03099,29,249,362.459,97,0.29,176.6,135.77
6/5/2029,19.87065,83.16972,63.62831,14.60766,-19.10377,48.31908,1000,34.76984,-84.03099,29,289,226.169,31,6.59,152.05,434.7
6/6/2029,9.972368,73.39073,59.37043,12.53028,-19.82684,44.88741,1000,34.76984,-84.03099,29,389,454.5669,99,0.86,157.49,326.43
6/7/2029,0.1407409,77.61463,46.06771,13.28005,-18.18698,44.74709,1000,34.76984,-84.03099,29,250,663.3511,4,5.57,103.53,31.24
6/8/2029,18.24007,94.64973,31.33459,12.75736,-19.72634,45.24105,1000,34.76984,-84.03099,29,370,302.8036,18,0.87,57.55,305.33
6/9/2029,13.94001,186.2974,31.67777,12.82759,-16.3381,41.99329,1000,34.76984,-84.03099,29,110,227.9657,63,4.48,4.42,184.96
6/10/2029,19.07392,15.91739,59.02043,7.947542,-18.89122,34.7863,1000,34.76984,-84.03099,29,338,529.9052,26,2.47,90.95,48.27
6/11/2029,1.141677,146.5217,38.87428,16.33468,-15.29819,47.96755,1000,34.76984,-84.03099,29,249,445.9054,44,0.71,43.49,237.67
6/12/2029,6.589614,276.2,46.48284,5.855953,-19.3637,31.07561,1000,34.76984,-84.03099,29,322,506.4772,62,0.85,61.91,80.78
6/13/2029,12.12946,237.5491,70.63525,11.7698,-18.73463,42.27424,1000,34.76984,-84.03099,29,322,362.4327,22,9.87,9.88,374.71
6/14/2029,11.2477,43.5477,40.98793,16.52903,-16.77411,49.83216,1000,34.76984,-84.03099,29,386,469.3709,11,9.65,94.03,491.19
6/15/2029,12.50861,132.6475,49.31819,13.61583,-15.32649,42.55816,1000,34.76984,-84.03099,29,133,336.27,46,9.21,95.07,126.18
6/16/2029,17.16494,316.5906,42.38862,15.06587,-16.13454,46.26629,1000,34.76984,-84.03099,29,344,515.1052,58,8.96,134.06,254.41
6/17/2029,9.260779,291.8119,45.15331,10.36273,-16.38564,37.11109,1000,34.76984,-84.03099,29,244,759.7146,65,6.62,8.74,272.48
6/18/2029,15.89565,262.3631,48.69995,13.52625,-17.69224,44.74474,1000,34.76984,-84.03099,29,77,329.5746,2,9.99,2.18,153.86
6/19/2029,10.83939,84.46358,63.52073,10.87643,-18.43984,40.19269,1000,34.76984,-84.03099,29,406,927.3341,78,0.58,55.87,472.28
6/20/2029,1.937273,39.03666,50.5112,13.79232,-19.49701,47.08165,1000,34.76984,-84.03099,29,474,270.7596,64,8.77,153.91,12.25
6/21/2029,2.698648,67.752,66.93893,12.20272,-18.9063,43.31174,1000,34.76984,-84.03099,29,225,178.7575,60,9.37,33.91,326.72
6/22/2029,11.52436,207.0593,40.45531,14.00876,-19.93795,47.95547,1000,34.76984,-84.03099,29,213,354.4826,7,7.49,61.27,91.07
6/23/2029,14.84831,339.0326,49.9653,13.40583,-17.80141,44.61308,1000,34.76984,-84.03099,29,111,675.5561,35,2.15,41.53,403.95
6/24/2029,19.56582,309.4946,61.05546,8.208277,-16.49943,32.91598,1000,34.76984,-84.03099,29,407,407.9567,0,1.93,68.44,62.04
6/25/2029,18.66262,280.1047,53.9712,12.17768,-17.05974,41.41511,1000,34.76984,-84.03099,29,268,543.0466,51,5.76,1.67,351.92
6/26/2029,5.313481,49.72133,44.30649,10.27303,-15.78543,36.33148,1000,34.76984,-84.03099,29,289,651.3969,84,1.74,155.21,160.79
6/27/2029,4.011271,173.6295,41.40213,13.3859,-16.17731,42.94912,1000,34.76984,-84.03099,29,116,477.4234,7,5.88,172.83,99.12
6/28/2029,13.64624,239.0243,41.67706,3.880004,-19.47447,27.23448,1000,34.76984,-84.03099,29,421,425.1363,8,0.48,191.57,416.34
6/29/2029,9.231543,299.7212,37.3262,12.45986,-16.38983,41.30955,1000,34.76984,-84.03099,29,256,342.7749,80,5.67,82.23,389.46
6/30/2029,17.09632,79.30991,41.10942,7.872632,-19.96374,35.70901,1000,34.76984,-84.03099,29,283,642.2194,21,4.74,88.45,172.32
7/1/2029,8.140708,257.4911,46.67634,11.83353,-19.35525,43.0223,1000,34.76984,-84.03099,29,214,520.6851,65,2.69,75.43,366.56
7/2/2029,6.838688,351.5859,32.69461,15.44032,-18.92168,49.80231,1000,34.76984,-84.03099,29,326,314.8123,37,6.78,69.83,311.99
7/3/2029,18.4775,298.1343,56.05235,17.75194,-13.47271,48.97659,1000,34.76984,-84.03099,29,339,316.4097,49,0.93,13.21,220.17
7/4/2029,12.03942,143.5915,53.90641,14.564,-19.54138,48.66937,1000,34.76984,-84.03099,29,245,609.7316,94,9.56,54.89,78.46
7/5/2029,6.506776,262.5771,55.72476,13.4986,-19.88481,46.882,1000,34.76984,-84.03099,29,422,107.8798,95,0.93,140.27,301.84
7/6/2029,15.18069,259.6923,40.95527,10.12516,-19.86484,40.11517,1000,34.76984,-84.03099,29,422,620.447,47,7.03,106.72,439.9
7/7/2029,18.70881,200.5837,59.41234,11.92867,-18.17933,42.03666,1000,34.76984,-84.03099,29,304,953.0157,83,8.1,157.84,302.75
7/8/2029,0.4693532,83.11337,47.21111,10.35768,-19.19564,39.91101,1000,34.76984,-84.03099,29,112,700.3267,51,1.2,54,244.07
7/9/2029,6.741084,176.7256,34.01785,6.64372,-17.10548,30.39292,1000,34.76984,-84.03099,29,461,266.8383,80,6.23,164.05,450.27
7/10/2029,3.030989,74.50524,46.40179,12.06606,-19.74759,43.87971,1000,34.76984,-84.03099,29,307,837.163,2,1.19,113.42,239.91
7/11/2029,5.20918,296.9217,41.02707,13.31326,-17.85765,44.48417,1000,34.76984,-84.03099,29,259,769.0105,98,9.4,139.78,16.06
7/12/2029,16.03913,209.18,48.14612,13.2726,-15.78342,42.32861,1000,34.76984,-84.03099,29,316,681.3976,13,4.22,35.1,395.76
7/13/2029,12.34111,237.594,43.69183,8.866137,-19.68999,37.42227,1000,34.76984,-84.03099,29,273,798.2167,91,5.04,169.53,336.86
7/14/2029,6.330482,251.1444,27.82076,15.69973,-13.23146,44.63092,1000,34.76984,-84.03099,29,159,80.96146,19,1.71,193.34,98.13
7/15/2029,3.090842,35.67377,40.51221,12.61514,-16.25029,41.48058,1000,34.76984,-84.03099,29,442,897.2833,98,8.85,173.4,63.72
7/16/2029,13.60056,329.6889,46.47795,13.98392,-16.26307,44.2309,1000,34.76984,-84.03099,29,120,510.7307,2,2.79,39.85,146.18
7/17/2029,17.20364,243.2361,39.8059,15.7293,-18.48141,49.94,1000,34.76984,-84.03099,29,387,294.0184,69,6.36,107.38,423.8
7/18/2029,0.470953,146.2959,77.45999,11.94592,-19.2301,43.12194,1000,34.76984,-84.03099,29,107,469.0527,70,5.05,195.86,275.29
7/19/2029,7.402717,126.7208,51.21079,13.82087,-17.20525,44.84698,1000,34.76984,-84.03099,29,296,715.7324,46,9.41,10.34,225.17
7/20/2029,11.2864,118.5158,41.29271,18.69845,-7.24839,44.64529,1000,34.76984,-84.03099,29,202,527.4283,81,6.85,11.88,13.19
7/21/2029,5.372089,279.8035,48.84443,15.74225,-17.7026,49.1871,1000,34.76984,-84.03099,29,175,959.6516,5,5.91,142.16,193.63
7/22/2029,17.78732,2.749758,47.726,12.82336,-16.7775,42.42422,1000,34.76984,-84.03099,29,404,616.4359,60,8.92,65.76,357.78
7/23/2029,9.989925,133.564,38.0508,12.19636,-17.81135,42.20407,1000,34.76984,-84.03099,29,226,709.0524,95,8.65,146.26,1.62
7/24/2029,1.276798,90.78095,55.77382,13.10456,-17.70854,43.91766,1000,34.76984,-84.03099,29,248,947.9398,63,8.21,121.43,321.88
7/25/2029,17.72837,342.2226,59.59732,12.96031,-15.24107,41.1617,1000,34.76984,-84.03099,29,386,623.8145,17,1.69,131.82,305.21
7/26/2029,0.76226,140.3144,54.65535,14.525,-18.18853,47.23853,1000,34.76984,-84.03099,29,233,571.1475,6,1.96,17.07,20.32
7/27/2029,17.13366,274.5339,49.15107,10.19024,-10.76416,31.14465,1000,34.76984,-84.03099,29,368,496.1398,46,2.86,194.46,332.23
7/28/2029,19.99661,166.0054,41.14501,14.73144,-17.37148,46.83437,1000,34.76984,-84.03099,29,244,372.3082,46,8.67,82.36,416.85
7/29/2029,10.5469,261.6949,47.46632,15.85115,-17.11076,48.81306,1000,34.76984,-84.03099,29,323,728.7641,93,5.7,112.48,354.88
7/30/2029,7.319561,311.0068,41.9346,11.04831,-18.83901,40.93562,1000,34.76984,-84.03099,29,334,642.2774,13,7.22,196.79,275.94
7/31/2029,0.5204535,95.82522,54.32614,10.5911,-18.14621,39.3284,1000,34.76984,-84.03099,29,254,655.289,44,5.11,172.82,349.55
8/1/2029,16.48499,58.32534,45.76752,14.19395,-18.8562,47.2441,1000,34.76984,-84.03099,29,341,276.5215,50,7.21,82.09,105.75
8/2/2029,1.753299,168.0833,62.00571,16.07679,-16.49893,48.65251,1000,34.76984,-84.03099,29,288,666.093,64,2.04,179.55,52.14
8/3/2029,3.069704,277.9111,47.42824,15.20165,-17.85292,48.25622,1000,34.76984,-84.03099,29,246,333.7058,75,5.67,98.7,210.76
8/4/2029,13.79566,250.5716,49.5577,16.23872,-14.50481,46.98225,1000,34.76984,-84.03099,29,317,559.1157,67,9.38,83.07,229.59
8/5/2029,7.073888,308.7621,36.59315,13.60202,-18.13231,45.33634,1000,34.76984,-84.03099,29,253,518.3643,63,4.52,168.04,212.57
8/6/2029,7.59822,321.257,40.8193,11.44194,-17.7536,40.63747,1000,34.76984,-84.03099,29,127,127.5171,75,7.35,149.89,420.37
8/7/2029,12.68908,112.0489,47.12197,14.58634,-14.56073,43.73341,1000,34.76984,-84.03099,29,396,253.1958,32,0.79,32.17,240.06
8/8/2029,6.747476,267.9943,40.48021,3.342038,-18.70715,25.39123,1000,34.76984,-84.03099,29,156,333.823,37,5.56,126.36,137.12
8/9/2029,16.31821,21.53518,71.13263,13.96841,-13.92816,41.86497,1000,34.76984,-84.03099,29,485,197.106,24,1.91,125.72,472.15
8/10/2029,18.16221,47.64294,59.04163,11.6395,-19.70722,42.98622,1000,34.76984,-84.03099,29,79,338.1941,24,8.1,157.92,488.21
8/11/2029,12.81722,300.9511,32.91511,14.68073,-18.91859,48.28005,1000,34.76984,-84.03099,29,232,472.2977,17,2.5,52.44,467.94
8/12/2029,19.99539,204.0984,45.36952,12.66831,-17.30177,42.63839,1000,34.76984,-84.03099,29,237,214.5653,70,2.95,183.67,27.24
8/13/2029,3.800371,319.2553,62.15953,13.08581,-18.31737,44.48899,1000,34.76984,-84.03099,29,185,470.4843,0,9.43,88.04,125.68
8/14/2029,16.64729,112.91,54.9829,15.83134,-16.85538,48.51807,1000,34.76984,-84.03099,29,334,185.5261,79,7.86,194.7,295.3
8/15/2029,7.435998,200.9821,53.99877,13.11029,-18.35982,44.5804,1000,34.76984,-84.03099,29,125,444.0092,14,2.73,49.87,269.57
8/16/2029,17.18129,234.1361,32.60287,4.98343,-19.05019,29.01705,1000,34.76984,-84.03099,29,282,577.8224,71,9.97,100.13,284.73
8/17/2029,10.00553,108.8832,44.07227,18.09753,-12.62632,48.82138,1000,34.76984,-84.03099,29,386,738.2561,24,4.3,59.43,24.01
8/18/2029,9.888965,205.0642,19.20869,13.06623,-18.95108,45.08354,1000,34.76984,-84.03099,29,197,361.4698,23,3.43,45.79,365.76
8/19/2029,12.77109,244.8374,54.9381,15.07701,-16.78476,46.93878,1000,34.76984,-84.03099,29,245,948.3284,29,7.24,93.96,205.01
8/20/2029,15.2837,97.20049,55.79795,11.5027,-17.38104,40.38644,1000,34.76984,-84.03099,29,245,253.2745,39,8.06,4.44,481.24
8/21/2029,7.599116,96.80563,45.16717,14.18447,-17.41291,45.78185,1000,34.76984,-84.03099,29,434,985.0613,12,4.24,117.11,31.21
8/22/2029,18.761,224.8638,38.48058,14.82323,-19.02291,48.66937,1000,34.76984,-84.03099,29,281,389.2794,31,0.36,28.94,257.94
8/23/2029,13.24751,49.76734,59.71443,12.19906,-19.70955,44.10766,1000,34.76984,-84.03099,29,309,266.7585,89,2.59,129.08,159.07
8/24/2029,9.504236,310.9186,39.21945,15.46749,-18.71078,49.64576,1000,34.76984,-84.03099,29,118,848.5325,27,7.15,60.7,452.32
8/25/2029,17.74141,168.4409,44.3273,12.91761,-18.45201,44.28723,1000,34.76984,-84.03099,29,344,348.5712,9,1.7,121.64,326.38
8/26/2029,17.08983,252.5947,62.13546,15.57498,-16.88559,48.03556,1000,34.76984,-84.03099,29,424,662.3485,18,3.43,139.16,8.1
8/27/2029,12.29778,311.3655,58.672,4.021235,-18.59595,26.63842,1000,34.76984,-84.03099,29,99,875.1521,84,9.93,60.57,25.75
8/28/2029,7.198986,179.5263,50.79788,15.03993,-18.61124,48.69109,1000,34.76984,-84.03099,29,466,383.7513,36,3.75,181.23,420.58
8/29/2029,13.19558,101.7708,55.5437,16.43871,-16.01344,48.89086,1000,34.76984,-84.03099,29,140,574.3083,89,7.97,164.02,338.45
8/30/2029,4.337008,185.9351,74.46247,16.77397,-14.98359,48.53153,1000,34.76984,-84.03099,29,348,351.445,36,8.06,124.29,484.16
8/31/2029,9.597746,224.89,61.79515,13.49622,-18.08235,45.07478,1000,34.76984,-84.03099,29,166,630.6994,83,8.86,34.06,101.16
9/1/2029,14.41102,27.01675,52.24566,12.29502,-19.3338,43.92384,1000,34.76984,-84.03099,29,368,643.9093,3,2.75,38.32,139.84
9/2/2029,16.36425,317.7533,35.46663,10.01332,-15.64684,35.67347,1000,34.76984,-84.03099,29,368,183.4644,8,9.65,71.75,210.01
9/3/2029,2.493606,170.8815,58.01918,14.15915,-19.98314,48.30145,1000,34.76984,-84.03099,29,338,303.2466,77,8.36,182.55,259.51
9/4/2029,5.442389,1.094813,47.13547,14.60586,-19.61527,48.827,1000,34.76984,-84.03099,29,216,336.7241,0,9.91,179.14,257.95
9/5/2029,3.827889,203.9327,50.91362,13.58468,-19.5353,46.70465,1000,34.76984,-84.03099,29,222,208.4753,40,5.9,149.19,226.93
9/6/2029,16.2114,183.8001,46.97867,13.17979,-17.33856,43.69815,1000,34.76984,-84.03099,29,294,858.8083,54,2.43,166.77,423.41
9/7/2029,17.64011,25.51927,37.75376,12.05205,-17.67316,41.77727,1000,34.76984,-84.03099,29,108,367.4154,67,8.97,12.22,3.71
9/8/2029,5.769368,127.7876,31.58899,15.97839,-16.98181,48.93859,1000,34.76984,-84.03099,29,304,315.5519,94,8.54,177.27,119.42
9/9/2029,16.98211,179.2923,38.14585,16.18964,-14.73933,47.1186,1000,34.76984,-84.03099,29,234,448.6619,50,6.48,30.67,406.25
9/10/2029,7.965154,84.80823,68.72089,13.69342,-19.86587,47.2527,1000,34.76984,-84.03099,29,317,775.7076,74,4.09,15.98,82.94
9/11/2029,17.50058,355.113,54.16381,11.16964,-19.7138,42.05307,1000,34.76984,-84.03099,29,335,754.4742,21,2.34,9.18,493.7
9/12/2029,5.222758,296.7831,42.1008,9.716999,-19.48494,38.91894,1000,34.76984,-84.03099,29,85,509.5768,24,1.53,132.57,21.75
9/13/2029,12.17439,113.0116,45.81416,12.7438,-13.8013,39.28891,1000,34.76984,-84.03099,29,452,276.1057,38,2.72,111.21,257.68
9/14/2029,0.6366682,224.965,41.04933,11.43196,-18.04744,40.91136,1000,34.76984,-84.03099,29,230,667.092,13,3.88,159.66,370.27
9/15/2029,12.0884,24.0983,43.04095,12.36105,-18.53862,43.26073,1000,34.76984,-84.03099,29,288,450.7781,72,1.63,61.04,117.05
9/16/2029,2.765977,163.0142,36.17311,14.86181,-18.13895,47.86258,1000,34.76984,-84.03099,29,131,630.8835,76,7.41,40.61,172.82
9/17/2029,18.7851,344.3196,25.65701,14.95678,-16.35364,46.2672,1000,34.76984,-84.03099,29,317,444.2843,45,3.4,25.24,342.46
9/18/2029,2.155662,299.2683,57.2779,16.84354,-8.21971,41.9068,1000,34.76984,-84.03099,29,247,531.0488,68,1.28,91.52,421.15
9/19/2029,9.135815,250.0908,35.76895,14.34567,-16.57068,45.26203,1000,34.76984,-84.03099,29,331,438.9967,74,3.37,5.4,351.49
9/20/2029,17.24608,179.8421,47.85965,12.04201,-19.07893,43.16295,1000,34.76984,-84.03099,29,187,671.2018,3,7.19,54.6,420.5
9/21/2029,5.520655,279.5024,51.34495,9.863855,-16.87757,36.60529,1000,34.76984,-84.03099,29,461,552.8544,29,1.01,168.15,498.77
9/22/2029,15.65412,70.19397,44.42855,13.11731,-17.44124,43.67585,1000,34.76984,-84.03099,29,286,551.6031,83,5.77,22.61,260
9/23/2029,16.25711,355.2392,31.70784,16.02567,-15.65568,47.70703,1000,34.76984,-84.03099,29,192,489.9388,42,6.94,117.4,102.57
9/24/2029,4.985139,119.3042,28.34332,15.61523,-16.84309,48.07355,1000,34.76984,-84.03099,29,556,724.1494,94,4.39,167.76,259.42
9/25/2029,13.9142,51.96495,61.92963,10.19749,-18.12147,38.51646,1000,34.76984,-84.03099,29,556,527.5634,74,4.9,100.05,396.93
9/26/2029,12.59309,329.8663,68.31359,12.83352,-19.71375,45.38079,1000,34.76984,-84.03099,29,315,760.4572,54,8.46,120.98,437.33
9/27/2029,11.18454,142.9833,48.47537,13.13013,-15.29202,41.55229,1000,34.76984,-84.03099,29,231,217.0735,67,5.91,124.35,175.44
9/28/2029,6.591364,234.1828,38.58661,8.593824,-12.90315,30.09079,1000,34.76984,-84.03099,29,417,489.1858,75,2.95,195.82,366.94
9/29/2029,17.42047,322.5507,61.37445,12.89753,-19.84958,45.64465,1000,34.76984,-84.03099,29,315,290.8003,63,3.19,174.32,86.13
9/30/2029,18.53618,316.5818,49.54612,16.88633,-15.40583,49.1785,1000,34.76984,-84.03099,29,302,708.8828,52,9,182.98,328.91
10/1/2029,12.73846,201.357,50.16173,15.38062,-16.54278,47.30403,1000,34.76984,-84.03099,29,367,466.1987,10,9.96,149.63,159.07
10/2/2029,7.842155,351.467,45.51899,13.1409,-15.10935,41.39115,1000,34.76984,-84.03099,29,238,521.1459,73,1.02,125.21,51.09
10/3/2029,11.98839,57.3158,50.02781,14.53287,-19.79314,48.85888,1000,34.76984,-84.03099,29,236,561.4601,25,9.92,85.59,194.14
10/4/2029,2.45651,307.0732,47.19191,14.55597,-18.98094,48.09289,1000,34.76984,-84.03099,29,425,546.1276,92,2.34,117.1,310.85
10/5/2029,1.310499,270.7987,56.1299,14.60547,-19.71697,48.92791,1000,34.76984,-84.03099,29,36,554.0033,24,8.1,77.89,446.21
10/6/2029,16.53397,342.4464,26.96846,17.48841,-15.0035,49.98032,1000,34.76984,-84.03099,29,456,439.4415,49,4.89,173.32,464.74
10/7/2029,2.076328,199.8871,44.1161,5.414283,-19.02574,29.8543,1000,34.76984,-84.03099,29,88,574.8627,8,8.31,32.07,48.17
10/8/2029,19.15468,114.4715,40.82278,9.610698,-14.37533,33.59673,1000,34.76984,-84.03099,29,411,532.573,12,3.11,139.65,152.39
10/9/2029,3.577816,6.668873,54.29295,15.32678,-14.91237,45.56592,1000,34.76984,-84.03099,29,239,529.668,28,0.8,128.69,452.15
10/10/2029,14.00291,340.6981,31.79754,14.85048,-19.40801,49.10897,1000,34.76984,-84.03099,29,303,619.5455,69,0.36,192.55,132.45
10/11/2029,8.217121,247.703,58.8244,14.58074,-19.42404,48.58551,1000,34.76984,-84.03099,29,233,202.2288,22,3.69,43.16,186.66
10/12/2029,8.666435,10.5134,38.81287,13.79618,-19.45368,47.04604,1000,34.76984,-84.03099,29,213,706.6282,66,4.35,73,11.65
10/13/2029,18.50097,133.2145,45.58608,15.01565,-17.38932,47.42062,1000,34.76984,-84.03099,29,294,311.6143,52,0.81,183.24,458.19
10/14/2029,10.20458,107.6354,20.07018,13.38913,-17.58763,44.36589,1000,34.76984,-84.03099,29,276,397.5417,30,5.13,196.78,375.43
10/15/2029,15.95338,177.801,49.95791,13.01331,-18.24446,44.27109,1000,34.76984,-84.03099,29,183,539.0751,21,1.52,22.74,373.22
10/16/2029,15.49615,313.4384,62.1282,14.16625,-18.77348,47.10597,1000,34.76984,-84.03099,29,375,316.4926,29,5.77,170.27,125.52
10/17/2029,17.27107,295.8277,41.64691,14.50049,-18.55457,47.55556,1000,34.76984,-84.03099,29,375,704.569,6,7.96,122.59,352.84
10/18/2029,8.000902,261.5023,57.55806,2.886976,-19.921,25.69495,1000,34.76984,-84.03099,29,535,812.3379,6,5.11,64.51,136.81
10/19/2029,3.685412,48.59253,59.41531,12.19549,-17.07693,41.46792,1000,34.76984,-84.03099,29,299,602.0823,6,9.44,0.12,52.43
10/20/2029,14.9402,183.1108,63.19511,13.644,-18.01767,45.30567,1000,34.76984,-84.03099,29,157,648.698,67,0.43,181.39,125.46
10/21/2029,14.87183,270.7568,40.7672,12.44695,-15.34073,40.23463,1000,34.76984,-84.03099,29,359,838.9342,73,6.72,114.36,434.51
10/22/2029,14.6793,212.732,32.84642,14.35699,-17.88604,46.60003,1000,34.76984,-84.03099,29,59,507.0226,42,0.03,100.79,115.39
10/23/2029,3.952694,302.4652,65.04877,-3.595038,-19.65056,12.46048,1000,34.76984,-84.03099,29,258,336.0015,0,1,128.72,53.36
10/24/2029,3.001966,267.214,43.96143,18.079,-11.36596,47.52395,1000,34.76984,-84.03099,29,463,242.0976,60,0.75,94.18,308.97
10/25/2029,15.03069,235.8118,50.52362,13.74895,-19.20966,46.70755,1000,34.76984,-84.03099,29,201,580.879,32,9.67,119.85,243.83
10/26/2029,10.24651,273.7357,56.79427,15.28462,-17.87621,48.44545,1000,34.76984,-84.03099,29,143,791.5155,93,1.51,52.7,135.02
10/27/2029,9.828182,245.4242,62.03337,13.83065,-19.13209,46.79338,1000,34.76984,-84.03099,29,519,385.4173,79,1.11,125.95,326.76
10/28/2029,1.469271,4.960284,49.79364,13.25459,-17.27843,43.78761,1000,34.76984,-84.03099,29,119,807.0375,77,6.65,61.02,204.86
10/29/2029,6.38873,322.1574,46.49803,15.20433,-19.57724,49.98589,1000,34.76984,-84.03099,29,466,191.5893,47,8.72,140.58,251.41
10/30/2029,15.86316,75.57568,37.14932,0.5786743,-17.53023,18.68758,1000,34.76984,-84.03099,29,82,797.1277,66,1.18,144.86,73.7
10/31/2029,18.62105,350.9554,59.35484,15.33077,-17.63173,48.29326,1000,34.76984,-84.03099,29,345,777.2551,12,7.84,81.87,65.84
11/1/2029,13.85696,344.7394,31.54345,15.12778,-16.91758,47.17314,1000,34.76984,-84.03099,29,259,916.4436,38,5.61,42.16,339.67
11/2/2029,14.88522,257.7924,45.64338,18.08476,-12.88526,49.05478,1000,34.76984,-84.03099,29,177,521.9314,91,9.62,143.02,358.53
11/3/2029,5.801219,224.1356,66.47481,17.34139,-14.04396,48.72674,1000,34.76984,-84.03099,29,368,518.1366,17,3.16,76.68,451.27
11/4/2029,1.127987,256.6121,59.0242,5.098654,-17.48658,27.68389,1000,34.76984,-84.03099,29,146,455.1291,20,2.61,89.63,125.36
11/5/2029,15.62874,228.8906,60.00314,15.25563,-18.55931,49.07057,1000,34.76984,-84.03099,29,295,505.1193,84,6.09,135.52,191.37
11/6/2029,2.091815,185.4964,40.64572,14.39325,-19.63128,48.41779,1000,34.76984,-84.03099,29,372,136.1904,30,3.24,45.97,335.76
11/7/2029,2.507279,261.5063,43.164,7.229839,-16.59644,31.05612,1000,34.76984,-84.03099,29,296,304.4516,9,4.74,197.1,176.46
11/8/2029,4.11381,156.7597,52.12802,13.86034,-19.79649,47.51716,1000,34.76984,-84.03099,29,301,417.7404,1,3.57,90.06,65.58
11/9/2029,13.90083,134.8752,48.96915,14.89354,-18.0303,47.81739,1000,34.76984,-84.03099,29,301,553.1656,50,5.2,84.83,181.37
11/10/2029,5.944758,204.1532,40.06302,15.69322,-16.01934,47.40578,1000,34.76984,-84.03099,29,548,500.5074,76,8.2,5.96,428.59
11/11/2029,16.52582,157.6956,51.21928,7.159515,-19.32268,33.64171,1000,34.76984,-84.03099,29,274,114.3605,73,3.39,80.5,365.27
11/12/2029,15.43417,99.33454,44.81631,15.31632,-17.94342,48.57606,1000,34.76984,-84.03099,29,232,434.3945,55,3.07,178.13,430.12
11/13/2029,17.17527,110.8037,47.72791,7.426272,-16.20218,31.05472,1000,34.76984,-84.03099,29,106,296.4816,48,9.29,141.91,303.6
11/14/2029,6.311971,78.24849,76.83744,12.98374,-15.63533,41.6028,1000,34.76984,-84.03099,29,292,711.5726,4,8.76,173.76,188.99
11/15/2029,12.47752,284.2539,45.35336,11.83401,-16.45211,40.12012,1000,34.76984,-84.03099,29,181,378.9327,3,1.78,50.48,95.14
11/16/2029,6.524492,237.0707,26.51994,9.646811,-17.57939,36.87301,1000,34.76984,-84.03099,29,169,172.7239,59,1.1,110,159.08
11/17/2029,5.598207,187.8616,51.77127,3.794491,-19.39333,26.98231,1000,34.76984,-84.03099,29,146,530.3203,15,4.68,23.26,402.98
11/18/2029,7.283698,13.38465,51.66702,8.40542,-16.72012,33.53096,1000,34.76984,-84.03099,29,185,459.8718,37,8.64,5.74,131.11
11/19/2029,0.02957821,10.51898,41.12134,15.53801,-14.43504,45.51105,1000,34.76984,-84.03099,29,395,419.9593,29,7.44,40.28,309.89
11/20/2029,17.55432,94.61608,27.95374,14.78312,-19.16188,48.72813,1000,34.76984,-84.03099,29,208,53.89256,48,2.68,191.63,478.32
11/21/2029,3.744392,289.1727,53.92353,14.75651,-14.1866,43.69961,1000,34.76984,-84.03099,29,373,961.9741,39,9.42,10.9,74.6
11/22/2029,13.1895,27.40999,59.71338,19.2476,-11.06151,49.55671,1000,34.76984,-84.03099,29,373,568.654,58,8.98,47.8,265.76
11/23/2029,16.98049,19.76595,61.64662,10.32204,-19.57771,40.2218,1000,34.76984,-84.03099,29,305,168.9072,73,4.53,87.24,256.73
11/24/2029,0.7338548,165.2781,51.59654,13.96613,-18.69108,46.62334,1000,34.76984,-84.03099,29,328,171.3107,48,3.11,103.83,365.95
11/25/2029,13.41792,314.6735,39.28225,11.59431,-18.41121,41.59983,1000,34.76984,-84.03099,29,183,589.364,26,5.54,119.99,158.96
11/26/2029,4.967601,275.9479,55.47386,17.11995,-13.24555,47.48544,1000,34.76984,-84.03099,29,190,333.1628,43,8.87,89.16,121.07
11/27/2029,7.009763,208.3241,50.85109,14.22764,-17.03982,45.49509,1000,34.76984,-84.03099,29,309,284.6647,46,8.09,30.12,23.11
11/28/2029,18.06955,241.1998,53.48746,15.96694,-17.35699,49.29087,1000,34.76984,-84.03099,29,307,299.3149,46,6.57,127.42,287.39
11/29/2029,1.038818,223.1996,32.04427,14.80776,-19.0982,48.71371,1000,34.76984,-84.03099,29,189,454.364,77,7.82,92.76,73.93
11/30/2029,7.816729,159.1738,30.19783,16.62792,-15.17526,48.4311,1000,34.76984,-84.03099,29,362,723.8732,11,0.01,152.55,353.41
12/1/2029,9.008569,244.8584,58.52794,11.63299,-16.58679,39.85276,1000,34.76984,-84.03099,29,261,733.7737,5,4.04,123.49,322.9
12/2/2029,5.823826,290.7299,45.47897,15.95138,-12.83801,44.74077,1000,34.76984,-84.03099,29,74,495.7375,79,0.74,43.67,296.64
12/3/2029,3.763297,319.5251,51.90527,7.256383,-19.5532,34.06597,1000,34.76984,-84.03099,29,433,553.2512,53,3.09,55.78,157.51
12/4/2029,19.36533,180.4578,47.88103,10.8789,-18.49053,40.24832,1000,34.76984,-84.03099,29,44,662.9354,21,3.3,60.46,440.35
12/5/2029,14.3201,68.29942,55.57062,11.30347,-16.77241,39.37936,1000,34.76984,-84.03099,29,404,454.8017,11,6.21,160.13,237.45
12/6/2029,15.35122,256.0759,51.68553,13.47836,-17.48083,44.43755,1000,34.76984,-84.03099,29,169,626.0771,40,7.81,120.83,495.92
12/7/2029,9.674777,290.0142,27.08488,14.86961,-17.21451,46.95373,1000,34.76984,-84.03099,29,242,239.6474,49,9.13,165.71,435.24
12/8/2029,10.73436,140.8377,72.71386,16.44936,-15.87541,48.77412,1000,34.76984,-84.03099,29,254,802.453,6,1.8,57,193.39
12/9/2029,4.658728,183.9933,57.88246,13.9351,-16.04177,43.91198,1000,34.76984,-84.03099,29,374,834.1241,99,7.9,20.75,135.53
12/10/2029,16.58182,200.7482,70.82279,9.649603,-12.68174,31.98095,1000,34.76984,-84.03099,29,61,519.4457,53,3.95,158.52,74.22
12/11/2029,18.37163,324.4974,73.26691,11.69007,-17.15796,40.5381,1000,34.76984,-84.03099,29,322,528.2119,76,1.39,128.69,74.82
12/12/2029,8.412007,246.2916,65.22818,14.02666,-16.66083,44.71415,1000,34.76984,-84.03099,29,344,272.9317,41,2.6,7.94,98.09
12/13/2029,19.46841,189.813,52.79533,14.68805,-18.79142,48.16753,1000,34.76984,-84.03099,29,246,743.8618,89,9.1,66.93,304.01
12/14/2029,4.950094,56.50672,53.61671,9.801691,-18.34387,37.94725,1000,34.76984,-84.03099,29,361,505.979,65,0.87,21.38,435.11
12/15/2029,17.55905,242.5876,25.28369,12.32279,-17.10535,41.75094,1000,34.76984,-84.03099,29,51,744.038,5,5.45,56.91,205.34
12/16/2029,3.775046,136.9721,31.7704,15.55802,-17.77176,48.8878,1000,34.76984,-84.03099,29,443,466.6906,48,2.21,194.99,152.2
12/17/2029,13.60906,194.4155,53.31038,10.59258,-14.02631,35.21147,1000,34.76984,-84.03099,29,211,530.8892,19,7.45,92.7,458.28
12/18/2029,2.054822,351.4278,35.04275,17.18288,-15.54005,49.90581,1000,34.76984,-84.03099,29,341,947.9598,78,1.28,68.04,156.63
12/19/2029,12.60232,71.80373,52.00941,14.73174,-16.70226,46.16575,1000,34.76984,-84.03099,29,274,601.0818,52,1.81,68.65,37.37
12/20/2029,5.370747,326.2018,52.63351,16.88888,-14.04678,47.82454,1000,34.76984,-84.03099,29,221,615.9305,17,9.17,4.26,49.85
12/21/2029,0.0169158,285.2326,51.79871,12.74477,-19.2168,44.70634,1000,34.76984,-84.03099,29,342,692.1383,57,8.58,188.07,391.54
12/22/2029,11.70535,344.4998,49.52112,16.47036,-14.52598,47.4667,1000,34.76984,-84.03099,29,285,467.7838,70,7.96,84.67,402.46
12/23/2029,7.287168,10.19772,61.31505,12.6853,-19.86167,45.23226,1000,34.76984,-84.03099,29,146,392.4469,36,2.21,170.03,304.77
12/24/2029,14.38031,250.2767,46.32693,9.098434,-17.70786,35.90472,1000,34.76984,-84.03099,29,555,797.8854,76,8.24,42.84,397.26
12/25/2029,2.439206,204.1575,54.52727,12.93707,-18.46851,44.34264,1000,34.76984,-84.03099,29,99,889.2131,25,1.76,182.62,368.93
12/26/2029,5.697213,154.7975,63.3966,14.47779,-12.86467,41.82024,1000,34.76984,-84.03099,29,422,813.8079,86,2.41,12.76,357.69
12/27/2029,11.59688,171.4412,43.77402,14.97202,-17.15136,47.09541,1000,34.76984,-84.03099,29,84,834.1548,92,9.72,157.44,461.15
12/28/2029,5.650205,63.41446,24.08702,13.78227,-17.12262,44.68717,1000,34.76984,-84.03099,29,383,469.7117,77,0.26,36.45,494.63
12/29/2029,15.28481,236.6104,60.81277,16.91759,-8.412105,42.24728,1000,34.76984,-84.03099,29,212,287.2275,89,3.94,51.45,229.11
12/30/2029,8.87353,316.3684,38.1593,8.182123,-17.54586,33.91011,1000,34.76984,-84.03099,29,199,165.6,36,4.4,90.25,356.12
12/31/2029,10.07257,9.126763,37.51903,14.1375,-16.63922,44.91423,1000,34.76984,-84.03099,29,430,721.4036,56,7.04,143.09,136.3
1/1/2030,10.03268,30.1152,34.89557,10.67719,-15.815,37.16937,1000,34.76984,-84.03099,30,144,670.3925,88,1.87,181.19,409.81
1/2/2030,7.775373,351.0206,63.21793,13.16155,-16.04831,42.37141,1000,34.76984,-84.03099,30,393,524.3842,79,9.47,114.75,21.14
1/3/2030,12.84391,213.7692,28.02509,11.85068,-18.49179,42.19314,1000,34.76984,-84.03099,30,249,615.5801,99,6.58,47.63,376.82
1/4/2030,0.511477,220.8719,45.4316,14.1399,-16.76778,45.04759,1000,34.76984,-84.03099,30,172,582.8875,62,7.51,91.35,316.78
1/5/2030,5.561143,61.13728,71.36277,14.39646,-14.22057,43.0135,1000,34.76984,-84.03099,30,524,229.4979,48,0.32,107.4,400.2
1/6/2030,13.73414,17.2778,58.16687,12.3419,-19.47745,44.16124,1000,34.76984,-84.03099,30,524,168.8007,33,5.86,173.59,347.98
1/7/2030,7.996129,76.63046,64.2358,3.653111,-14.09137,21.39759,1000,34.76984,-84.03099,30,492,870.3207,95,1.85,4.14,403.69
1/8/2030,16.9355,21.36695,53.04863,12.60919,-16.4591,41.67747,1000,34.76984,-84.03099,30,322,600.7014,31,2.28,129.53,66.05
1/9/2030,2.809803,180.8541,47.11585,14.45286,-19.41412,48.31984,1000,34.76984,-84.03099,30,219,443.8896,94,1.9,127.19,149.78
1/10/2030,16.06618,318.6157,28.13473,16.22052,-17.39631,49.83735,1000,34.76984,-84.03099,30,274,260.03,91,8.12,21.93,69.81
1/11/2030,9.265546,282.6923,52.8583,13.29256,-19.42217,46.00729,1000,34.76984,-84.03099,30,177,659.5969,40,8.68,197.07,50.77
1/12/2030,4.781065,196.1472,28.57332,12.83835,-17.67092,43.34761,1000,34.76984,-84.03099,30,401,389.4767,18,6.81,111.68,358.31
1/13/2030,0.3442359,172.319,58.33034,13.53854,-14.44858,41.52566,1000,34.76984,-84.03099,30,315,726.2554,22,4.93,130.26,40.55
1/14/2030,2.698135,0.7447958,45.99486,13.52431,-19.5089,46.55752,1000,34.76984,-84.03099,30,273,541.2428,32,7.36,53.09,298.07
1/15/2030,14.40277,141.378,35.38797,15.03237,-16.04134,46.10608,1000,34.76984,-84.03099,30,74,560.2313,31,6.29,52.52,241.75
1/16/2030,16.72906,314.5636,38.68209,9.377841,-17.57627,36.33195,1000,34.76984,-84.03099,30,275,376.3627,18,5.48,149.05,352.97
1/17/2030,11.54583,309.7893,50.73552,6.788854,-18.82783,32.40554,1000,34.76984,-84.03099,30,284,363.435,79,6.8,101.21,440.46
1/18/2030,3.432095,133.1948,43.57095,15.88351,-15.84139,47.60841,1000,34.76984,-84.03099,30,325,738.7344,72,8.97,88.83,426.17
1/19/2030,2.647147,307.5395,53.90467,14.9061,-19.29089,49.10309,1000,34.76984,-84.03099,30,325,443.5614,44,1.81,153.96,34.12
1/20/2030,17.53634,222.4941,48.92658,15.77954,-16.82778,48.38687,1000,34.76984,-84.03099,30,452,802.4599,98,3.73,38.29,345.93
1/21/2030,8.810478,28.74294,65.20538,13.76811,-16.63355,44.16977,1000,34.76984,-84.03099,30,259,214.2674,86,2.66,83.83,419.77
1/22/2030,11.71091,271.0475,63.59923,15.34743,-18.89599,49.59084,1000,34.76984,-84.03099,30,199,637.5045,63,4.13,149.9,314.16
1/23/2030,14.05833,324.3604,37.54266,12.19573,-18.99116,43.38263,1000,34.76984,-84.03099,30,325,497.0466,33,7.1,107.53,469.4
1/24/2030,8.793827,347.2718,52.05829,10.78438,-19.04022,40.60899,1000,34.76984,-84.03099,30,112,568.6578,96,7.34,89.17,136.32
1/25/2030,6.013879,77.48,53.56789,13.74725,-14.2812,41.7757,1000,34.76984,-84.03099,30,280,364.8466,60,5.4,127.59,459.62
1/26/2030,10.79507,105.9354,51.68787,18.97406,-11.87086,49.81898,1000,34.76984,-84.03099,30,232,442.3827,19,2.18,51.24,56.95
1/27/2030,2.727644,139.5455,53.50414,14.72375,-17.22853,46.67603,1000,34.76984,-84.03099,30,271,570.5674,72,3.78,147.01,99.52
1/28/2030,15.84905,159.4284,60.7574,9.08913,-18.89794,37.0762,1000,34.76984,-84.03099,30,247,649.2314,18,9.58,66.96,406.51
1/29/2030,15.56372,274.4213,44.51001,5.764714,-18.96364,30.49307,1000,34.76984,-84.03099,30,119,593.3096,90,8.79,36.92,160.84
1/30/2030,10.26706,84.37294,56.90356,9.939154,-19.26792,39.14622,1000,34.76984,-84.03099,30,516,724.1809,89,8.53,66.71,291.62
1/31/2030,15.41374,223.9694,73.39029,15.0655,-19.42042,49.55141,1000,34.76984,-84.03099,30,281,421.1183,18,6.07,59.16,216.88
2/1/2030,13.70669,187.0959,41.77604,16.95806,-15.64754,49.56366,1000,34.76984,-84.03099,30,227,672.4729,74,6.7,146.33,103.44
2/2/2030,5.044798,169.4198,40.16769,12.37728,-19.05939,43.81396,1000,34.76984,-84.03099,30,156,358.2292,96,4.45,84.94,51.87
2/3/2030,8.419844,153.4853,54.63544,16.15639,-14.49129,46.80408,1000,34.76984,-84.03099,30,265,685.704,67,5.06,111.35,77.25
2/4/2030,14.17257,320.0038,43.4926,15.13643,-16.28233,46.55518,1000,34.76984,-84.03099,30,204,618.3762,76,4.83,113.67,325.95
2/5/2030,13.19824,147.8186,47.35059,10.06685,-19.66215,39.79586,1000,34.76984,-84.03099,30,335,344.7269,84,8.41,154.54,426.59
2/6/2030,10.46354,123.7447,37.73254,10.45617,-19.4347,40.34705,1000,34.76984,-84.03099,30,134,477.266,99,7.75,17.65,124.99
2/7/2030,18.9549,179.6932,56.4903,15.25394,-19.19041,49.69829,1000,34.76984,-84.03099,30,184,491.6107,47,3.57,167.86,83.22
2/8/2030,16.38146,83.31958,36.0495,15.93779,-12.02956,43.90513,1000,34.76984,-84.03099,30,216,518.3065,45,3.18,22.35,377.05
2/9/2030,8.12601,134.9647,40.71049,11.91711,-19.98097,43.81518,1000,34.76984,-84.03099,30,171,513.4108,17,3.18,182.01,104.03
2/10/2030,3.099177,271.2723,62.31488,8.309002,-15.8244,32.4424,1000,34.76984,-84.03099,30,412,253.9141,59,3.96,33.43,312.08
2/11/2030,11.5163,221.857,48.09118,13.91517,-16.40863,44.23898,1000,34.76984,-84.03099,30,412,953.3523,48,0.47,119.13,50.23
2/12/2030,18.81994,59.35905,54.52113,15.63515,-18.53823,49.80853,1000,34.76984,-84.03099,30,221,438.7351,93,2.78,11.2,45.86
2/13/2030,14.82916,47.83104,62.57418,16.01825,-17.84784,49.88434,1000,34.76984,-84.03099,30,281,712.8206,37,9.36,155.3,332.27
2/14/2030,6.056977,5.259018,36.75592,14.15944,-19.8591,48.17799,1000,34.76984,-84.03099,30,275,258.9863,0,9.04,46.34,240.94
2/15/2030,1.635182,3.752046,62.91418,1.720238,-16.40063,19.84111,1000,34.76984,-84.03099,30,212,559.024,96,9.18,195.2,491.39
2/16/2030,0.6251168,354.2343,48.85604,10.34965,-17.39522,38.09451,1000,34.76984,-84.03099,30,181,414.2778,68,0.22,37.63,448.17
2/17/2030,1.52005,308.1318,44.14134,8.757141,-19.75691,37.27119,1000,34.76984,-84.03099,30,348,613.6068,18,1.65,62.02,27.83
2/18/2030,9.983297,187.0346,48.82415,13.38438,-19.03785,45.80661,1000,34.76984,-84.03099,30,292,407.8918,32,2.37,36.73,478.49
2/19/2030,6.618322,263.3145,54.3629,15.56401,-17.4976,48.62563,1000,34.76984,-84.03099,30,240,445.8467,81,5.46,150.92,328.69
2/20/2030,11.51493,310.6574,48.01983,13.86087,-18.04029,45.76203,1000,34.76984,-84.03099,30,406,634.7153,15,4.62,4.5,497.01
2/21/2030,14.94158,332.9891,40.97779,15.98419,-17.43917,49.40755,1000,34.76984,-84.03099,30,96,581.9085,91,8.63,161.57,88.75
2/22/2030,10.49617,195.1154,59.61614,9.906645,-19.76844,39.58173,1000,34.76984,-84.03099,30,484,782.4299,50,7.35,88.68,169.65
2/23/2030,11.26861,29.34719,32.53071,14.54227,-17.71045,46.79499,1000,34.76984,-84.03099,30,58,590.48,0,5.71,97.66,138.57
2/24/2030,11.0378,280.8745,53.65555,16.10569,-16.78878,49.00016,1000,34.76984,-84.03099,30,372,362.6174,69,6.97,61.48,477.12
2/25/2030,0.005352497,202.6333,11.20673,17.2818,-12.65836,47.22195,1000,34.76984,-84.03099,30,190,628.7166,29,7.4,18.09,259.36
2/26/2030,1.00841,186.6715,62.54095,10.1596,-18.8917,39.2109,1000,34.76984,-84.03099,30,199,650.0446,65,6.87,40.28,410.2
2/27/2030,5.332285,349.2262,43.11397,14.20011,-18.47989,46.88011,1000,34.76984,-84.03099,30,183,687.1227,28,7.23,80.85,314.13
2/28/2030,1.079385,69.91206,53.81822,7.162004,-19.16191,33.48592,1000,34.76984,-84.03099,30,245,56.49603,45,6.57,160.06,418.77
3/1/2030,5.718332,205.7377,51.04858,10.19862,-18.62135,39.01859,1000,34.76984,-84.03099,30,213,331.8086,60,3.99,161.42,205.25
3/2/2030,4.933023,299.6755,61.18252,15.05055,-18.62714,48.72824,1000,34.76984,-84.03099,30,340,455.9865,100,6.39,162.27,55.4
3/3/2030,0.8134723,167.9026,59.09538,11.45914,-14.73507,37.65334,1000,34.76984,-84.03099,30,134,679.4377,92,8.65,25.03,181.44
3/4/2030,14.26088,70.53836,69.42853,14.33555,-13.98496,42.65606,1000,34.76984,-84.03099,30,411,189.6377,74,8.08,164.31,297.77
3/5/2030,14.80618,54.95387,69.07477,14.81565,-19.89809,49.5294,1000,34.76984,-84.03099,30,211,236.0698,32,3.98,15.82,152.72
3/6/2030,5.566913,347.3259,28.34161,16.6862,-11.42968,44.80207,1000,34.76984,-84.03099,30,74,663.9827,81,4.7,181.89,157.18
3/7/2030,3.601594,328.3878,45.68578,16.42212,-17.08958,49.93382,1000,34.76984,-84.03099,30,404,703.3259,47,3.35,117.45,413.23
3/8/2030,3.709333,133.7807,58.95698,16.53115,-16.12097,49.18327,1000,34.76984,-84.03099,30,236,557.0104,38,2.66,107.31,152.13
3/9/2030,14.11087,113.2901,37.84002,16.61562,-11.21202,44.44326,1000,34.76984,-84.03099,30,256,774.2205,87,3.09,152.59,83.96
3/10/2030,12.02743,198.5022,49.99734,11.62261,-19.43128,42.6765,1000,34.76984,-84.03099,30,214,581.7845,50,4.14,81.25,176.91
3/11/2030,17.80101,268.7732,32.59113,17.74484,-10.27416,45.76384,1000,34.76984,-84.03099,30,227,413.8486,77,5.31,70.33,292.07
3/12/2030,6.388282,202.8237,58.45763,14.64465,-18.98025,48.26954,1000,34.76984,-84.03099,30,249,487.4885,14,2.03,10.63,330.13
3/13/2030,6.877388,23.61412,73.74499,16.55556,-16.24771,49.35883,1000,34.76984,-84.03099,30,219,634.0653,82,7.15,119.26,337.48
3/14/2030,2.745662,226.6282,35.7731,14.01572,-19.96565,47.99709,1000,34.76984,-84.03099,30,62,292.6426,50,8.96,157.93,144.68
3/15/2030,17.38723,88.75747,42.7515,15.43521,-14.2311,45.10152,1000,34.76984,-84.03099,30,259,660.0017,89,4.93,22.82,172.01
3/16/2030,12.37784,248.1693,56.89189,11.8416,-19.57556,43.25876,1000,34.76984,-84.03099,30,119,602.4548,18,6.18,40.07,66.4
3/17/2030,19.08703,98.47876,48.19665,13.42682,-19.88953,46.74317,1000,34.76984,-84.03099,30,373,473.5329,100,5.56,89.7,323.48
3/18/2030,10.65747,116.3399,55.0655,10.68818,-16.54127,37.91764,1000,34.76984,-84.03099,30,142,784.6667,32,3.8,64.54,195.33
3/19/2030,8.286795,121.8439,45.02617,15.60752,-15.28543,46.50048,1000,34.76984,-84.03099,30,393,694.5094,44,1.02,48.59,0.46
3/20/2030,7.963778,178.887,54.6827,9.002901,-16.77752,34.78332,1000,34.76984,-84.03099,30,216,368.1973,14,9.67,25.64,306.46
3/21/2030,8.045067,277.9103,56.48594,13.59333,-18.43884,45.6255,1000,34.76984,-84.03099,30,167,437.6931,67,8.97,112.84,9.95
3/22/2030,7.80357,199.3546,53.48421,16.90787,-11.8927,45.70845,1000,34.76984,-84.03099,30,300,424.2514,28,2.35,145.38,296.63
3/23/2030,19.80952,301.4638,71.01566,10.61664,-16.11007,37.34336,1000,34.76984,-84.03099,30,51,607.0425,15,7.38,160.35,467.21
3/24/2030,15.63036,9.648786,33.92128,15.54597,-12.98248,44.07442,1000,34.76984,-84.03099,30,269,562.6318,99,2.13,158.78,11.84
3/25/2030,14.59998,233.1344,42.70911,15.72568,-17.70545,49.15681,1000,34.76984,-84.03099,30,169,294.0797,74,2.16,153.58,362.59
3/26/2030,8.854822,101.0951,33.64366,14.45996,-19.82748,48.74739,1000,34.76984,-84.03099,30,293,471.1237,95,5.63,190.15,73.32
3/27/2030,2.867813,316.3123,63.07949,11.1985,-18.79147,41.18847,1000,34.76984,-84.03099,30,383,153.7682,1,2.46,153.28,381.87
3/28/2030,6.549915,208.9044,53.10166,13.57315,-16.28791,43.43422,1000,34.76984,-84.03099,30,383,488.2534,30,6.51,91.86,219.98
3/29/2030,16.31075,260.3809,69.57523,12.77691,-19.0264,44.58022,1000,34.76984,-84.03099,30,406,323.4827,70,3.82,102.14,373.33
3/30/2030,2.417383,137.5737,53.95229,14.80193,-19.1308,48.73466,1000,34.76984,-84.03099,30,282,235.6699,76,4.62,72.9,204.06
3/31/2030,8.563766,342.7077,36.34864,9.398808,-17.00853,35.80615,1000,34.76984,-84.03099,30,347,386.4562,26,0.06,104.62,432.93
4/1/2030,10.73751,192.6371,63.33507,11.78029,-17.15211,40.7127,1000,34.76984,-84.03099,30,269,665.9728,91,8.64,62.05,127.85
4/2/2030,19.10979,182.8957,26.65452,12.19461,-15.7056,40.09481,1000,34.76984,-84.03099,30,305,584.4668,63,1.59,194.88,28.49
4/3/2030,11.54474,220.046,55.84985,14.33091,-16.52197,45.1838,1000,34.76984,-84.03099,30,385,779.2407,2,6.89,162.9,345.46
4/4/2030,16.1843,182.3611,58.6353,16.27327,-17.32145,49.86798,1000,34.76984,-84.03099,30,105,506.205,15,6.86,0.46,445.94
4/5/2030,8.330303,343.5375,43.14105,8.674682,-14.81168,32.16105,1000,34.76984,-84.03099,30,386,591.7001,6,1.55,5.62,293.49
4/6/2030,4.341438,121.4027,38.58029,9.359136,-16.95028,35.66856,1000,34.76984,-84.03099,30,146,154.9469,34,5.04,38.09,153.27
4/7/2030,5.677685,275.0601,56.58878,15.80121,-18.12991,49.73233,1000,34.76984,-84.03099,30,389,877.6954,77,7.41,126.74,469.43
4/8/2030,12.25019,22.25079,73.12657,16.2885,-16.25041,48.82742,1000,34.76984,-84.03099,30,155,413.1951,92,5.95,99.22,34.25
4/9/2030,15.7337,359.0897,43.72785,12.69218,-16.73703,42.1214,1000,34.76984,-84.03099,30,381,456.3552,49,9.41,83.26,219
4/10/2030,3.938584,346.1662,55.83046,3.283193,-19.24637,25.81275,1000,34.76984,-84.03099,30,381,430.8323,85,1.1,11.92,329.77
4/11/2030,13.74702,75.06757,32.03155,16.0285,-15.7539,47.8109,1000,34.76984,-84.03099,30,370,617.4989,30,6.51,138.87,124.15
4/12/2030,16.96726,106.6285,77.44796,5.994762,-18.9818,30.97133,1000,34.76984,-84.03099,30,127,302.2126,39,1.36,141.64,48.39
4/13/2030,18.15457,105.7936,30.95931,9.555107,-19.72043,38.83064,1000,34.76984,-84.03099,30,304,370.3036,55,1.23,43.1,210.82
4/14/2030,19.75552,356.6558,47.70285,14.04275,-17.5692,45.6547,1000,34.76984,-84.03099,30,381,254.1782,87,6.25,60.69,178.4
4/15/2030,16.66589,257.0002,53.72396,14.28788,-18.79641,47.37218,1000,34.76984,-84.03099,30,90,328.6609,34,0.61,191.89,376.83
4/16/2030,1.605303,216.215,39.91986,12.62364,-17.16096,42.40824,1000,34.76984,-84.03099,30,278,851.691,21,0.28,68.98,289.77
4/17/2030,19.15672,17.54916,51.48022,13.76266,-19.00924,46.53456,1000,34.76984,-84.03099,30,278,681.6655,52,6.38,37.5,282.91
4/18/2030,7.299308,22.47683,63.5363,16.46305,-16.6571,49.58319,1000,34.76984,-84.03099,30,131,428.6007,79,1.01,54.3,271.44
4/19/2030,1.884956,128.3666,46.0634,15.83049,-17.48975,49.15073,1000,34.76984,-84.03099,30,276,948.0959,86,8.06,121.04,316.59
4/20/2030,15.7114,129.6328,75.37712,12.8181,-18.66764,44.30385,1000,34.76984,-84.03099,30,141,702.4404,70,9.88,72.81,380.11
4/21/2030,13.90559,73.00162,54.2548,11.96171,-16.26034,40.18377,1000,34.76984,-84.03099,30,421,645.1555,17,1.21,6.73,467.32
4/22/2030,9.615644,22.29006,49.26666,15.09816,-19.74937,49.94568,1000,34.76984,-84.03099,30,239,630.1548,4,8.68,144.3,368.09
4/23/2030,14.56765,318.5381,58.70276,12.69891,-17.00928,42.4071,1000,34.76984,-84.03099,30,380,601.9094,43,1.03,194.89,349.95
4/24/2030,13.99925,74.37753,55.29129,16.90935,-12.28911,46.10781,1000,34.76984,-84.03099,30,67,381.9077,20,3.55,183.59,209.62
4/25/2030,6.467036,351.5133,47.09639,4.562555,-18.88401,28.00912,1000,34.76984,-84.03099,30,359,242.3741,5,5.77,94.92,25.09
4/26/2030,15.30234,204.414,60.77263,5.948145,-18.62267,30.51896,1000,34.76984,-84.03099,30,152,423.9061,99,0.21,161.57,39.64
4/27/2030,6.475416,297.2034,46.61906,17.02784,-9.787973,43.84365,1000,34.76984,-84.03099,30,180,558.3713,97,8.55,103.41,10.32
4/28/2030,13.86345,197.0596,37.8655,16.40155,-10.57696,43.38005,1000,34.76984,-84.03099,30,141,716.0528,59,8.01,172.71,322.92
4/29/2030,1.97258,69.05473,52.82464,13.20581,-19.97973,46.39136,1000,34.76984,-84.03099,30,287,612.9731,18,6.87,153.91,333.73
4/30/2030,17.54277,73.90537,49.11915,12.72142,-17.89609,43.33892,1000,34.76984,-84.03099,30,271,443.9339,50,6.68,155.51,370.26
5/1/2030,2.947707,295.5117,55.39778,17.43308,-12.72773,47.59389,1000,34.76984,-84.03099,30,212,217.0411,64,5.58,165.11,137.84
5/2/2030,17.96839,51.65252,50.78719,9.166191,-15.1097,33.44208,1000,34.76984,-84.03099,30,420,286.0415,28,7.16,44.29,22.92
5/3/2030,18.48406,3.028193,51.9268,18.37864,-12.83578,49.59306,1000,34.76984,-84.03099,30,420,604.5906,82,6.47,174.13,308.51
5/4/2030,4.589994,103.9183,61.92722,12.96912,-19.56726,45.50549,1000,34.76984,-84.03099,30,354,513.7905,63,7.68,49.32,457.26
5/5/2030,7.670034,81.34238,45.80104,14.892,-11.93545,41.71946,1000,34.76984,-84.03099,30,248,823.6144,71,0.05,164.81,408.28
5/6/2030,7.782546,123.7771,16.90035,17.42021,-14.59083,49.43126,1000,34.76984,-84.03099,30,258,329.8958,4,2.51,118.15,121.76
5/7/2030,6.92495,262.5966,41.26757,10.79061,-16.73018,38.3114,1000,34.76984,-84.03099,30,203,654.5159,96,6.25,177.45,351.91
5/8/2030,3.402503,222.7855,50.01725,13.62381,-16.75582,44.00344,1000,34.76984,-84.03099,30,134,468.6632,48,2.58,167.35,489.58
5/9/2030,9.087361,51.25221,57.38576,11.98395,-12.79869,36.76658,1000,34.76984,-84.03099,30,441,868.5472,69,2.52,86.78,286.33
5/10/2030,8.527612,26.83587,41.69664,13.01037,-16.09565,42.11639,1000,34.76984,-84.03099,30,253,558.9526,48,4.19,149.73,415.35
5/11/2030,17.03596,231.5102,48.79377,9.408432,-14.56437,33.38124,1000,34.76984,-84.03099,30,211,558.5764,2,8.44,140.13,33.56
5/12/2030,12.56631,347.759,48.43143,15.38983,-18.32764,49.1073,1000,34.76984,-84.03099,30,388,508.8094,23,9.64,128.1,169.49
5/13/2030,17.50557,105.1527,56.12273,11.57402,-16.29519,39.44324,1000,34.76984,-84.03099,30,144,517.1981,18,2.33,124.98,103.58
5/14/2030,17.74227,257.9401,60.37863,14.06666,-10.80036,38.93369,1000,34.76984,-84.03099,30,287,554.333,98,2.97,191.31,69.98
5/15/2030,0.1490617,80.88203,52.9999,13.6407,-19.7201,47.0015,1000,34.76984,-84.03099,30,133,501.6962,49,7.91,144.48,23.22
5/16/2030,2.319047,208.5137,36.76175,13.44298,-19.20722,46.09319,1000,34.76984,-84.03099,30,303,560.986,71,0.05,79.99,3.7
5/17/2030,11.31773,307.2964,40.16195,15.12345,-17.85912,48.10602,1000,34.76984,-84.03099,30,211,666.5161,18,0.64,59.16,20.81
5/18/2030,6.47081,93.52917,53.78553,13.2829,-16.23338,42.79918,1000,34.76984,-84.03099,30,277,402.2512,33,2.34,65.15,119.79
5/19/2030,12.12806,259.5332,36.32046,14.12946,-17.2006,45.45951,1000,34.76984,-84.03099,30,286,711.3298,40,3.94,6.54,351.72
5/20/2030,1.971486,53.86854,63.23807,11.71868,-18.6639,42.10125,1000,34.76984,-84.03099,30,194,271.0373,18,0.8,185.6,422.25
5/21/2030,1.268373,43.47801,46.92244,15.08051,-19.7125,49.87352,1000,34.76984,-84.03099,30,131,768.2694,34,2.59,152.11,263.57
5/22/2030,14.83479,292.1856,31.94143,12.66088,-17.75721,43.07898,1000,34.76984,-84.03099,30,305,385.3793,19,5.89,6.15,466.58
5/23/2030,17.48146,175.1721,49.28096,16.72598,-16.15425,49.6062,1000,34.76984,-84.03099,30,200,18.43298,13,5.43,24.35,336.72
5/24/2030,8.854338,99.5698,58.33255,13.549,-15.0618,42.15981,1000,34.76984,-84.03099,30,299,545.5723,65,0.54,92.53,447.2
5/25/2030,3.959734,152.6682,37.32925,10.65039,-17.2502,38.55098,1000,34.76984,-84.03099,30,203,389.927,65,5.9,40.81,62.37
5/26/2030,6.784147,305.7447,47.21359,13.65616,-16.44327,43.75558,1000,34.76984,-84.03099,30,242,589.7604,43,4.26,153.6,353.28
5/27/2030,19.12724,100.14,60.94693,7.745836,-18.59394,34.08561,1000,34.76984,-84.03099,30,336,798.4088,40,1.5,194.69,148.6
5/28/2030,12.11859,92.59692,57.04739,11.68039,-19.10753,42.46832,1000,34.76984,-84.03099,30,245,402.5469,6,6.11,106.4,457.8
5/29/2030,9.852761,265.8896,56.41576,5.467079,-19.88732,30.82148,1000,34.76984,-84.03099,30,292,671.8755,69,2.39,30.8,466.53
5/30/2030,11.22822,233.1431,38.9671,14.91269,-14.82777,44.65315,1000,34.76984,-84.03099,30,278,696.6482,45,8.89,110.92,69.42
5/31/2030,10.912,116.6929,36.34964,13.11393,-18.76118,44.98903,1000,34.76984,-84.03099,30,269,450.9827,63,0.89,35.13,310.25
6/1/2030,8.871798,130.2665,53.57684,9.330795,-18.00168,36.66327,1000,34.76984,-84.03099,30,371,214.9524,72,7.74,42.45,150.32
6/2/2030,9.289841,234.7683,34.95807,15.50748,-18.52529,49.54025,1000,34.76984,-84.03099,30,173,789.9371,71,8.19,91.76,229.05
6/3/2030,18.47795,74.48606,31.93942,10.55756,-17.45714,38.57227,1000,34.76984,-84.03099,30,178,517.4376,5,5.38,136.13,23.04
6/4/2030,10.86777,200.4487,41.87915,9.835273,-18.70164,38.37218,1000,34.76984,-84.03099,30,460,457.1259,94,1.71,159.99,176.72
6/5/2030,2.507386,84.18493,35.4157,14.20559,-17.58388,45.99506,1000,34.76984,-84.03099,30,85,338.1104,2,2.93,163.78,306.13
6/6/2030,9.719969,266.8978,53.49429,17.59337,-13.05871,48.24545,1000,34.76984,-84.03099,30,411,870.6738,94,4.72,175.86,41.75
6/7/2030,14.47839,356.8625,63.83334,13.67242,-15.58998,42.93481,1000,34.76984,-84.03099,30,111,398.2726,23,2.66,73.82,228.16
6/8/2030,11.18552,103.4789,38.97593,13.6724,-13.94979,41.2946,1000,34.76984,-84.03099,30,351,189.6164,60,5.61,12.61,311.01
6/9/2030,2.763758,40.90433,43.21053,14.06251,-17.20707,45.33208,1000,34.76984,-84.03099,30,217,618.2734,43,6.41,193.64,57.09
6/10/2030,15.16881,308.8058,44.61592,14.39076,-17.16029,45.94181,1000,34.76984,-84.03099,30,179,99.55013,43,6.69,176.29,123.01
6/11/2030,15.15955,14.72679,59.21711,17.74998,-14.20698,49.70694,1000,34.76984,-84.03099,30,421,547.1902,100,2.75,123.48,381.26
6/12/2030,17.80631,43.40209,44.5176,13.70658,-17.68193,45.09509,1000,34.76984,-84.03099,30,146,730.8917,9,9.54,112.47,88.46
6/13/2030,5.55595,77.653,64.25373,1.837821,-18.74231,22.41795,1000,34.76984,-84.03099,30,387,627.4454,94,7.16,125.47,129.54
6/14/2030,0.3664327,150.429,49.86392,14.76552,-19.37914,48.91018,1000,34.76984,-84.03099,30,425,510.1479,37,8.42,138.43,339.2
6/15/2030,12.76059,151.5881,52.79421,17.1958,-14.68184,49.07345,1000,34.76984,-84.03099,30,188,569.9688,81,7.01,82.14,330.82
6/16/2030,19.28822,108.3156,52.9702,4.70999,-16.55013,25.9701,1000,34.76984,-84.03099,30,312,331.2981,37,0.13,61.95,54.32
6/17/2030,16.24812,216.6586,66.93916,16.53289,-13.68445,46.75023,1000,34.76984,-84.03099,30,312,473.7114,21,6.13,16.7,302.77
6/18/2030,15.87656,144.8301,32.53599,13.94977,-17.88619,45.78572,1000,34.76984,-84.03099,30,391,141.2528,48,9.97,117.96,99.6
6/19/2030,5.443836,263.8965,70.4557,16.76918,-16.40744,49.9458,1000,34.76984,-84.03099,30,177,89.22583,97,6.08,83.28,234.18
6/20/2030,5.488442,339.1386,60.50948,19.54961,-10.78181,49.88103,1000,34.76984,-84.03099,30,294,527.6213,93,8.96,136.26,453.1
6/21/2030,4.158483,158.2409,45.87709,13.57466,-19.20605,46.35537,1000,34.76984,-84.03099,30,184,760.3337,42,7.72,160.4,87.35
6/22/2030,16.23619,348.826,48.48787,17.03261,-15.39179,49.45701,1000,34.76984,-84.03099,30,234,389.8774,49,5.05,146.72,209.71
6/23/2030,6.539272,32.84032,36.89748,14.82314,-16.24649,45.89278,1000,34.76984,-84.03099,30,358,31.12364,49,9.01,198.42,248.76
6/24/2030,9.463824,195.3322,55.54584,10.35165,-17.05106,37.75436,1000,34.76984,-84.03099,30,101,815.9517,23,3.99,197.31,301.27
6/25/2030,0.2506018,261.5063,40.75151,14.16309,-16.02171,44.34788,1000,34.76984,-84.03099,30,367,585.7228,74,6.98,93.72,208.51
6/26/2030,8.583416,130.0987,53.62766,15.07428,-18.01792,48.16649,1000,34.76984,-84.03099,30,75,507.7661,0,5.9,25.36,333.29
6/27/2030,2.805839,14.70906,38.2536,14.49993,-17.56463,46.56448,1000,34.76984,-84.03099,30,376,301.0138,64,6.86,153.27,361.08
6/28/2030,3.5484,187.4708,56.74418,7.577412,-16.92625,32.08107,1000,34.76984,-84.03099,30,237,470.9605,42,4.6,109.04,143.16
6/29/2030,14.25328,67.22337,48.55671,13.84919,-17.83699,45.53537,1000,34.76984,-84.03099,30,500,350.0687,58,6.11,104.84,151.52
6/30/2030,17.50305,53.54964,38.32989,14.42578,-17.34978,46.20134,1000,34.76984,-84.03099,30,500,723.0986,15,3.66,136.26,289.07
7/1/2030,14.03167,198.6374,45.97707,10.50571,-18.65463,39.66606,1000,34.76984,-84.03099,30,431,609.9442,91,2.19,74.27,166.87
7/2/2030,13.34241,358.8795,42.40646,10.60268,-15.32387,36.52923,1000,34.76984,-84.03099,30,54,472.6096,5,6.75,64.6,467.75
7/3/2030,17.00644,172.0464,43.12361,14.84375,-15.38737,45.07488,1000,34.76984,-84.03099,30,266,322.6057,38,8.15,16.24,124.72
7/4/2030,15.32242,313.0027,73.81455,12.72694,-19.99005,45.44394,1000,34.76984,-84.03099,30,309,835.8821,99,8.17,128.15,235.18
7/5/2030,2.326179,36.41251,60.14524,15.31964,-19.31936,49.95864,1000,34.76984,-84.03099,30,143,584.0658,94,7.37,2.19,417.12
7/6/2030,15.04291,294.1328,56.96621,13.51777,-17.0217,44.05723,1000,34.76984,-84.03099,30,314,620.9791,40,5.63,132.78,71.57
7/7/2030,18.16553,181.439,72.07247,12.5219,-15.31943,40.36324,1000,34.76984,-84.03099,30,242,307.5566,89,9.2,70.39,239.86
7/8/2030,14.24406,321.1844,50.42627,11.84439,-17.72491,41.41368,1000,34.76984,-84.03099,30,329,647.0582,68,2.26,78.22,324.95
7/9/2030,16.82078,287.3383,50.83813,13.82969,-19.89601,47.5554,1000,34.76984,-84.03099,30,223,344.9006,82,8.72,26.86,269.23
7/10/2030,17.98578,131.7407,54.84586,13.96178,-18.89585,46.81941,1000,34.76984,-84.03099,30,35,262.2822,16,8.37,154.34,305.75
7/11/2030,6.693278,281.9906,47.5484,14.25982,-19.64485,48.16449,1000,34.76984,-84.03099,30,589,708.5022,99,2.01,177.31,439.27
7/12/2030,8.468753,293.6809,36.58508,12.93856,-17.26524,43.14236,1000,34.76984,-84.03099,30,209,340.8986,38,8.18,94.01,400.35
7/13/2030,3.619592,313.6504,49.24974,7.756655,-18.48622,33.99953,1000,34.76984,-84.03099,30,159,669.3203,81,4.73,14.78,16.62
7/14/2030,7.841016,14.50539,52.93155,10.16603,-17.61551,37.94757,1000,34.76984,-84.03099,30,218,460.6621,97,0.35,76.53,201.43
7/15/2030,6.005746,318.5373,49.98983,19.04708,-10.82878,48.92295,1000,34.76984,-84.03099,30,290,428.3138,72,6.25,47.32,335.87
7/16/2030,6.776496,2.023931,69.30654,15.52012,-17.04927,48.08952,1000,34.76984,-84.03099,30,273,493.7307,65,8.87,147.19,24.07
7/17/2030,15.35964,287.9725,65.29237,14.40084,-19.68844,48.49011,1000,34.76984,-84.03099,30,316,203.2314,85,2.97,170.13,244.17
7/18/2030,18.82559,234.3467,47.33177,9.760506,-18.11955,37.64056,1000,34.76984,-84.03099,30,114,472.0285,3,9.47,142.84,406.41
7/19/2030,13.94785,314.239,37.89316,16.70667,-15.73349,49.14682,1000,34.76984,-84.03099,30,320,439.2733,92,9.51,150.5,40.22
7/20/2030,8.893348,188.8482,52.91897,11.66323,-19.13889,42.46535,1000,34.76984,-84.03099,30,413,749.1749,100,9.28,38.85,37.81
7/21/2030,16.58121,90.15581,53.35236,13.36975,-16.15822,42.89771,1000,34.76984,-84.03099,30,218,238.736,75,7.63,182.19,25.91
7/22/2030,1.934924,257.8596,45.82236,9.696156,-19.53503,38.92734,1000,34.76984,-84.03099,30,394,708.1256,19,8.83,124.02,249.3
7/23/2030,6.053432,339.8395,33.00653,7.609335,-19.38831,34.60698,1000,34.76984,-84.03099,30,108,465.1585,74,4.98,162.76,289.12
7/24/2030,18.00845,241.7125,32.23318,16.07346,-13.70657,45.85349,1000,34.76984,-84.03099,30,309,823.8016,26,2.02,195.69,426.48
7/25/2030,6.535715,282.7652,63.6689,13.26383,-17.40512,43.93279,1000,34.76984,-84.03099,30,149,588.1322,68,9.5,58.99,349.66
7/26/2030,9.652895,211.3376,61.07116,12.53624,-15.81575,40.88824,1000,34.76984,-84.03099,30,339,427.9445,61,4.23,69.44,14.62
7/27/2030,4.820859,274.8139,46.21749,15.52633,-17.11146,48.16412,1000,34.76984,-84.03099,30,254,464.244,71,8.97,57.73,236.67
7/28/2030,17.90083,26.47928,62.34446,15.2941,-16.6336,47.22179,1000,34.76984,-84.03099,30,175,176.0413,10,8.76,156.2,20.65
7/29/2030,14.22353,238.3316,34.96731,10.52672,-18.7605,39.81394,1000,34.76984,-84.03099,30,289,805.1606,93,4.02,103.1,417.86
7/30/2030,19.0868,341.3647,43.25127,13.3324,-15.77523,42.44003,1000,34.76984,-84.03099,30,257,252.3937,70,6.72,107.44,301.63
7/31/2030,15.62026,300.605,60.76445,16.24868,-16.81751,49.31487,1000,34.76984,-84.03099,30,148,249.2711,92,7.47,75.8,409.72
8/1/2030,13.44132,234.0852,46.62216,13.41077,-19.50739,46.32893,1000,34.76984,-84.03099,30,448,820.9253,98,8.28,196.36,142.53
8/2/2030,0.5489087,306.9062,51.9512,14.80946,-15.14176,44.76068,1000,34.76984,-84.03099,30,139,129.9599,72,4.27,66.57,320.28
8/3/2030,10.34381,285.2424,34.48413,14.63542,-19.05472,48.32556,1000,34.76984,-84.03099,30,493,184.7352,21,5.05,190.91,280.07
8/4/2030,18.74715,61.62601,64.45193,11.34763,-19.04593,41.74119,1000,34.76984,-84.03099,30,128,312.4488,67,6.93,177.72,137.07
8/5/2030,15.04712,55.23767,54.82281,12.21502,-18.90102,43.33106,1000,34.76984,-84.03099,30,398,651.5388,43,6.1,182.3,307.31
8/6/2030,5.779811,72.50591,43.56801,0.6913204,-19.11169,20.49433,1000,34.76984,-84.03099,30,220,841.0637,50,5.68,15.51,474.5
8/7/2030,6.137737,265.9611,26.93332,3.731046,-19.98891,27.45101,1000,34.76984,-84.03099,30,181,414.6217,10,8.84,29.63,127.16
8/8/2030,16.83591,164.6132,63.21494,7.052917,-16.16981,30.27565,1000,34.76984,-84.03099,30,325,576.1782,67,7.57,77.26,477.47
8/9/2030,11.23888,322.5398,46.79805,0.6488295,-17.85586,19.15352,1000,34.76984,-84.03099,30,101,644.7626,94,7.06,150.92,454.13
8/10/2030,1.533899,336.2308,39.61877,12.8733,-17.43423,43.18082,1000,34.76984,-84.03099,30,329,414.8017,30,3.35,12.05,375.46
8/11/2030,11.42383,86.60951,59.15863,16.20546,-15.83481,48.24574,1000,34.76984,-84.03099,30,265,312.9337,94,1.88,83.59,304.85
8/12/2030,17.53608,138.9974,43.9503,14.8953,-19.35301,49.1436,1000,34.76984,-84.03099,30,206,153.2851,69,8.95,93.14,395.4
8/13/2030,1.852632,93.92755,55.39317,12.01277,-16.39162,40.41716,1000,34.76984,-84.03099,30,246,416.7277,42,5.05,23.09,156.87
8/14/2030,14.28376,309.2779,66.10647,5.820511,-19.92693,31.56796,1000,34.76984,-84.03099,30,116,670.5382,94,6.29,84.44,441.67
8/15/2030,16.53898,153.0034,55.56377,4.71902,-18.12567,27.56371,1000,34.76984,-84.03099,30,348,462.154,94,6.66,73.15,166.7
8/16/2030,8.18829,163.4561,50.29225,9.520073,-16.99985,36.04,1000,34.76984,-84.03099,30,297,655.0169,5,5.84,61.17,131.29
8/17/2030,3.747954,193.5495,37.1966,11.62591,-17.65769,40.9095,1000,34.76984,-84.03099,30,195,471.8264,83,5.54,113.53,300.39
8/18/2030,0.362289,297.6254,65.68639,6.77915,-19.65751,33.21581,1000,34.76984,-84.03099,30,187,428.136,10,5.83,166.39,30.17
8/19/2030,17.0234,176.6662,57.38881,14.69309,-19.17744,48.56363,1000,34.76984,-84.03099,30,176,356.7249,46,1.96,89.2,61.23
8/20/2030,18.82723,318.3009,33.96023,15.81207,-18.29596,49.9201,1000,34.76984,-84.03099,30,276,379.2913,52,6.39,32.5,405.32
8/21/2030,17.05859,79.51501,51.10516,14.18044,-18.17356,46.53444,1000,34.76984,-84.03099,30,332,444.8748,92,9.57,112.57,460.48
8/22/2030,17.72647,86.54789,51.45151,12.22331,-16.4031,40.84972,1000,34.76984,-84.03099,30,281,90.19857,96,6.12,110.51,389.85
8/23/2030,6.352233,182.9924,49.9776,18.36668,-7.788896,44.52225,1000,34.76984,-84.03099,30,164,276.2236,29,3.78,164.09,356.06
8/24/2030,10.37273,77.95482,53.78691,2.979788,-18.80603,24.7656,1000,34.76984,-84.03099,30,250,514.7826,75,2.15,132.98,37.38
8/25/2030,2.393765,341.1503,52.43539,18.06961,-12.45574,48.59495,1000,34.76984,-84.03099,30,118,864.8683,2,0.52,124.23,107.56
8/26/2030,9.715313,37.9209,56.41915,12.50623,-15.08375,40.09621,1000,34.76984,-84.03099,30,512,593.2668,77,6.52,157.35,382.86
8/27/2030,15.00215,275.5855,28.32279,14.70662,-17.84899,47.26223,1000,34.76984,-84.03099,30,512,778.7582,3,9.7,17.42,473.39
8/28/2030,3.377535,46.31153,58.35773,14.82807,-18.88437,48.5405,1000,34.76984,-84.03099,30,509,252.9533,70,5.86,19.45,308.24
8/29/2030,7.882179,4.019966,59.04799,10.87108,-19.67903,41.42119,1000,34.76984,-84.03099,30,254,537.6125,23,5.79,198.2,438.49
8/30/2030,5.784946,23.37989,54.33778,6.170332,-19.82154,32.1622,1000,34.76984,-84.03099,30,233,518.3777,36,7.79,158.66,320.62
8/31/2030,18.01904,223.3312,48.08119,10.24384,-16.19857,36.68626,1000,34.76984,-84.03099,30,314,918.9859,39,9.59,172.44,393.14
9/1/2030,5.22781,337.4089,56.45391,14.41033,-19.97383,48.79449,1000,34.76984,-84.03099,30,99,956.2297,25,3.81,106.79,112.5
9/2/2030,15.02547,343.1382,55.26401,15.82206,-16.01415,47.65828,1000,34.76984,-84.03099,30,346,646.4652,78,8.68,191.92,0.56
9/3/2030,19.83405,77.93757,57.07312,10.24319,-15.86866,36.35504,1000,34.76984,-84.03099,30,267,500.9783,84,3.18,125.77,60.66
9/4/2030,18.08268,122.3699,34.70147,10.75384,-18.86123,40.3689,1000,34.76984,-84.03099,30,182,283.6577,22,9.21,113.22,356.12
9/5/2030,8.667084,324.6417,62.42466,14.41557,-19.63,48.46114,1000,34.76984,-84.03099,30,190,154.7173,47,6.37,140.56,205.46
9/6/2030,3.37491,158.2146,37.22097,10.47213,-15.58835,36.5326,1000,34.76984,-84.03099,30,162,477.9186,18,7.63,177.63,18.01
9/7/2030,19.30711,353.2174,63.02597,14.51887,-18.41444,47.45219,1000,34.76984,-84.03099,30,467,481.755,6,9.14,46.57,146.18
9/8/2030,11.44283,347.939,36.0708,17.01523,-12.37539,46.40585,1000,34.76984,-84.03099,30,104,602.1823,26,1.2,34.37,54.64
9/9/2030,18.87829,339.8885,50.90634,16.3333,-15.03943,47.70602,1000,34.76984,-84.03099,30,340,294.1062,85,4.25,6.89,470.88
9/10/2030,3.137815,141.4976,67.1665,14.50088,-14.84463,43.84639,1000,34.76984,-84.03099,30,129,573.5236,41,2.94,169.7,437.55
9/11/2030,13.64866,320.557,26.00105,11.93147,-18.23763,42.10057,1000,34.76984,-84.03099,30,355,381.0558,26,0.39,52.8,354.64
9/12/2030,4.782827,299.4175,53.91878,15.44916,-13.43094,44.32925,1000,34.76984,-84.03099,30,264,775.3973,96,5.82,2.39,482.09
9/13/2030,2.002492,154.8216,51.04658,13.25297,-17.78409,44.29004,1000,34.76984,-84.03099,30,247,328.3295,22,7.03,70.86,118.2
9/14/2030,8.667935,324.7675,54.23633,4.910017,-18.77266,28.59269,1000,34.76984,-84.03099,30,277,358.7595,91,6.83,53.62,469.27
9/15/2030,0.430975,68.57408,40.01731,16.92251,-15.761,49.60601,1000,34.76984,-84.03099,30,163,582.1919,4,7.18,174.75,498.1
9/16/2030,4.30063,42.9383,45.41039,13.96826,-18.91825,46.85477,1000,34.76984,-84.03099,30,336,213.6643,38,3.45,20.67,9.92
9/17/2030,10.85852,0.5809879,65.62652,8.826978,-19.07341,36.72737,1000,34.76984,-84.03099,30,221,842.6605,94,6.4,65.56,457.94
9/18/2030,2.200322,123.2129,65.46692,11.30275,-19.98473,42.59023,1000,34.76984,-84.03099,30,424,270.3747,78,0.71,18.58,301.12
9/19/2030,10.59975,25.72359,34.60015,14.30532,-18.8648,47.47544,1000,34.76984,-84.03099,30,424,598.8387,100,6.21,52.76,485.35
9/20/2030,6.509653,138.3475,54.30708,14.22156,-19.8392,48.28232,1000,34.76984,-84.03099,30,378,321.5714,93,5.01,65.92,140.27
9/21/2030,19.48682,188.3985,36.69398,11.30666,-12.87542,35.48874,1000,34.76984,-84.03099,30,243,141.2948,0,8.33,67.97,211.18
9/22/2030,12.91726,310.7859,46.29051,12.64321,-17.40259,42.68901,1000,34.76984,-84.03099,30,365,437.7162,33,0.97,152.37,293.76
9/23/2030,7.661218,165.3589,49.00814,14.3837,-18.83635,47.60375,1000,34.76984,-84.03099,30,120,535.6772,67,0.83,72.35,446.38
9/24/2030,15.8964,215.9846,55.59951,11.46631,-18.28067,41.21329,1000,34.76984,-84.03099,30,269,22.01664,80,1.39,167.13,293.67
9/25/2030,1.983149,301.9003,32.00226,14.91058,-14.26085,44.082,1000,34.76984,-84.03099,30,319,557.0474,100,2.12,160.89,113.71
9/26/2030,11.10972,67.30164,42.5467,10.84173,-16.78651,38.46997,1000,34.76984,-84.03099,30,261,622.9878,93,0.46,40.91,342.1
9/27/2030,13.36968,189.3065,34.54218,17.88818,-13.93735,49.71371,1000,34.76984,-84.03099,30,223,370.1323,41,7.31,117.31,193.86
9/28/2030,6.145705,308.3606,42.50072,4.017274,-19.57541,27.60995,1000,34.76984,-84.03099,30,184,557.3214,49,1.32,117.22,295.79
9/29/2030,8.928395,263.4933,66.71714,15.75994,-17.82497,49.34484,1000,34.76984,-84.03099,30,120,556.3704,21,2.96,112.72,411.59
9/30/2030,19.47502,155.6333,56.01183,14.35886,-12.55857,41.2763,1000,34.76984,-84.03099,30,363,526.358,41,0.65,73.29,219.21
10/1/2030,15.22925,250.3563,64.65434,13.63098,-19.2433,46.50526,1000,34.76984,-84.03099,30,61,241.4711,9,3.38,115.82,87.51
10/2/2030,9.24579,125.7927,41.75551,10.73026,-19.71453,41.17506,1000,34.76984,-84.03099,30,351,762.0042,39,4.28,124.66,380.25
10/3/2030,13.66952,3.637505,62.48868,8.763843,-18.77264,36.30032,1000,34.76984,-84.03099,30,269,458.5606,9,0.17,176.02,205.75
10/4/2030,6.014809,236.8694,52.01543,15.11335,-19.08522,49.31191,1000,34.76984,-84.03099,30,285,751.0475,22,8.36,132.13,131.05
10/5/2030,17.70243,260.488,64.92532,14.53566,-18.63419,47.70551,1000,34.76984,-84.03099,30,254,283.2521,46,3.37,17.16,43.28
10/6/2030,17.39358,338.4835,60.51943,9.624636,-13.84554,33.09481,1000,34.76984,-84.03099,30,141,709.0766,84,5.24,77.3,255.96
10/7/2030,12.42858,56.05632,75.76325,15.38858,-18.27753,49.0547,1000,34.76984,-84.03099,30,176,679.9873,66,6.05,66.98,334.68
10/8/2030,3.485324,199.6788,52.37815,14.42755,-17.07692,45.93201,1000,34.76984,-84.03099,30,313,531.3109,72,7.64,141.24,107.82
10/9/2030,12.52873,350.4642,26.24921,15.15048,-15.95879,46.25975,1000,34.76984,-84.03099,30,281,322.1497,21,4.41,11.34,275.79
10/10/2030,8.980614,272.146,25.8362,16.56714,-16.56505,49.69933,1000,34.76984,-84.03099,30,299,327.3189,31,8.32,74.79,195.48
10/11/2030,19.82979,100.6579,47.96005,10.04323,-19.01165,39.09812,1000,34.76984,-84.03099,30,319,649.0504,2,5.4,187.61,106.95
10/12/2030,14.84371,143.2723,58.33345,11.19511,-18.63388,41.02411,1000,34.76984,-84.03099,30,132,572.0289,61,0.41,31.09,256.68
10/13/2030,13.21858,149.2796,72.11739,16.76193,-9.272141,42.79601,1000,34.76984,-84.03099,30,262,451.7325,18,0.15,17.59,462.21
10/14/2030,11.98305,338.758,53.88863,13.26226,-16.11218,42.63669,1000,34.76984,-84.03099,30,180,305.6871,71,9.96,83.4,288.8
10/15/2030,1.713414,48.68252,44.42781,12.15413,-18.53819,42.84645,1000,34.76984,-84.03099,30,379,469.3307,10,4.72,164.95,202.24
10/16/2030,8.136748,150.1579,47.3775,16.57102,-15.06719,48.20924,1000,34.76984,-84.03099,30,234,393.98,14,3.8,140.45,87.08
10/17/2030,12.04518,110.3548,41.66273,14.7389,-17.16887,46.64668,1000,34.76984,-84.03099,30,214,743.4227,33,6.2,146.34,327.88
10/18/2030,16.94546,309.9061,52.95457,12.08685,-19.78135,43.95505,1000,34.76984,-84.03099,30,399,118.8492,14,4.84,166.99,277.29
10/19/2030,5.663024,244.5085,46.67053,15.20658,-19.37159,49.78476,1000,34.76984,-84.03099,30,271,307.5044,84,5.39,78.24,486.18
10/20/2030,16.48492,74.45091,51.90529,11.83761,-18.52128,42.19651,1000,34.76984,-84.03099,30,144,543.6873,56,1.03,90.01,388.24
10/21/2030,13.52897,168.0032,44.89897,14.78529,-19.29505,48.86563,1000,34.76984,-84.03099,30,346,504.3988,51,1.14,169.2,464.07
10/22/2030,3.168995,79.64006,47.37928,16.22472,-12.27126,44.72069,1000,34.76984,-84.03099,30,97,250.9367,17,8.74,198.48,70.27
10/23/2030,1.21237,186.8538,53.42574,14.35299,-19.61881,48.3248,1000,34.76984,-84.03099,30,441,628.9733,81,8.04,179.04,293.41
10/24/2030,19.96394,30.5074,65.30714,12.64937,-15.25104,40.54979,1000,34.76984,-84.03099,30,118,448.3398,5,7.29,137.51,236.47
10/25/2030,11.4137,228.8349,57.07166,13.08581,-19.20674,45.37837,1000,34.76984,-84.03099,30,186,719.6314,37,8.7,78.86,5.66
10/26/2030,3.599534,22.71844,40.59521,12.69109,-18.28649,43.66868,1000,34.76984,-84.03099,30,211,278.1891,90,7.25,157.03,305.7
10/27/2030,19.77383,296.8187,52.24782,12.79467,-17.70403,43.29336,1000,34.76984,-84.03099,30,158,603.1058,32,6.13,159.46,183.24
10/28/2030,16.67446,37.28176,50.19311,19.58016,-9.474956,48.63528,1000,34.76984,-84.03099,30,219,398.7059,16,1.75,125.02,196.29
10/29/2030,3.173676,135.3167,56.31953,15.25845,-18.73459,49.2515,1000,34.76984,-84.03099,30,165,164.0326,89,3.27,63.75,64.76
10/30/2030,13.32227,249.8046,48.29831,12.06525,-18.46478,42.59528,1000,34.76984,-84.03099,30,408,268.169,5,0.76,164.58,371.25
10/31/2030,15.72021,335.518,31.49799,12.04568,-19.18675,43.2781,1000,34.76984,-84.03099,30,194,185.6738,30,7.29,46.3,446.01
11/1/2030,15.59291,171.188,51.86794,8.750435,-17.93606,35.43693,1000,34.76984,-84.03099,30,157,779.5876,36,7.69,151.83,421.34
11/2/2030,5.943851,165.8052,32.36246,14.33784,-19.08575,47.76143,1000,34.76984,-84.03099,30,413,457.1329,0,2.51,15.65,49.46
11/3/2030,16.31021,75.37093,56.03429,16.10736,-17.75684,49.97156,1000,34.76984,-84.03099,30,413,343.4714,77,3.96,10.94,337.79
11/4/2030,16.06485,6.545148,33.13015,15.39022,-18.92295,49.70338,1000,34.76984,-84.03099,30,371,765.5436,57,8.2,141.64,426.24
11/5/2030,6.0035,237.8553,47.32276,14.22495,-18.69473,47.14464,1000,34.76984,-84.03099,30,383,89.57738,55,5.02,138.29,425
11/6/2030,17.03596,211.8695,49.27562,13.20713,-18.74451,45.15878,1000,34.76984,-84.03099,30,298,260.548,2,5.33,143.26,167.16
11/7/2030,18.79779,177.0056,33.5836,16.67272,-15.18796,48.53339,1000,34.76984,-84.03099,30,263,241.6852,73,9.02,94.66,185.13
11/8/2030,0.08849621,288.3638,52.11157,10.98984,-19.91327,41.89295,1000,34.76984,-84.03099,30,205,447.1083,15,7.46,32.13,349.46
11/9/2030,9.251422,110.1056,47.02081,7.84831,-12.74143,28.43805,1000,34.76984,-84.03099,30,397,748.0922,91,5.79,49.78,419.76
11/10/2030,8.923911,304.5709,51.83779,15.61972,-17.46273,48.70217,1000,34.76984,-84.03099,30,327,369.8761,86,8.24,1.45,323.66
11/11/2030,14.76313,181.7787,42.91467,15.07433,-14.49056,44.63921,1000,34.76984,-84.03099,30,154,440.7227,38,9.75,4.23,344.64
11/12/2030,15.22037,118.6804,40.79625,6.038353,-19.07129,31.148,1000,34.76984,-84.03099,30,38,374.5256,56,1.24,89.92,148.2
11/13/2030,15.63248,329.5678,40.01204,10.3315,-15.15248,35.81548,1000,34.76984,-84.03099,30,372,597.5978,36,2.4,57.64,347.06
11/14/2030,16.4664,241.4651,44.88625,13.9579,-19.8646,47.78041,1000,34.76984,-84.03099,30,205,584.4862,81,6.74,20.1,442.97
11/15/2030,6.064939,294.4763,37.85714,14.45217,-18.58816,47.4925,1000,34.76984,-84.03099,30,294,755.1732,40,0.86,39.42,491.87
11/16/2030,17.8207,339.7366,50.19931,13.1111,-18.57153,44.79372,1000,34.76984,-84.03099,30,294,473.6328,44,9.47,124.94,438.48
11/17/2030,5.681478,72.52792,46.75224,13.94135,-17.77579,45.65849,1000,34.76984,-84.03099,30,315,497.9562,97,1.09,177.85,163.38
11/18/2030,3.71702,135.8298,38.03141,14.99394,-18.03765,48.02552,1000,34.76984,-84.03099,30,114,402.2893,89,5.3,172.72,215.67
11/19/2030,8.010091,82.7607,41.16125,9.090993,-19.82322,38.0052,1000,34.76984,-84.03099,30,358,739.1373,77,9.18,103.34,223.94
11/20/2030,11.42608,74.29294,41.50207,9.470926,-17.72626,36.66811,1000,34.76984,-84.03099,30,218,599.369,85,1.29,8.94,452.53
11/21/2030,0.8064795,256.7549,39.34761,13.19882,-19.26518,45.66282,1000,34.76984,-84.03099,30,151,365.7949,29,8.71,184.83,486.68
11/22/2030,8.030854,322.5727,58.81596,13.96379,-19.35605,47.28363,1000,34.76984,-84.03099,30,377,364.4673,41,3.34,148.03,281.75
11/23/2030,3.273978,95.37422,39.48406,11.06448,-18.59789,40.72685,1000,34.76984,-84.03099,30,324,349.4319,80,4.04,186.96,320.79
11/24/2030,5.933634,1.296387,45.80423,5.363542,-10.23444,20.96153,1000,34.76984,-84.03099,30,166,250.0512,40,3.05,131.99,396.77
11/25/2030,2.612634,130.804,62.91224,15.02016,-19.86946,49.90978,1000,34.76984,-84.03099,30,219,631.5457,84,0.7,96.22,263.57
11/26/2030,15.44762,134.3121,47.18327,2.704923,-19.48571,24.89555,1000,34.76984,-84.03099,30,142,567.7114,82,5.11,184.27,385.08
11/27/2030,17.62589,74.73978,39.89201,14.16144,-18.76383,47.08672,1000,34.76984,-84.03099,30,385,624.0172,15,3.48,174.23,187.78
11/28/2030,10.7028,129.756,58.02924,14.71512,-17.76355,47.19378,1000,34.76984,-84.03099,30,252,652.8846,74,0.74,10.48,226.9
11/29/2030,13.05451,185.3633,50.95593,6.493337,-19.42583,32.41251,1000,34.76984,-84.03099,30,354,618.0858,53,6.3,27.54,193.86
11/30/2030,0.2733493,233.6278,51.03323,10.6245,-19.98188,41.23088,1000,34.76984,-84.03099,30,52,201.6976,7,9.25,73.18,337.56
12/1/2030,16.70381,328.4752,42.91504,10.56726,-18.96766,40.10218,1000,34.76984,-84.03099,30,319,716.8257,5,3.92,89.82,295.1
12/2/2030,10.49338,16.64974,57.49625,6.357721,-19.38689,32.10233,1000,34.76984,-84.03099,30,214,885.5874,73,8.73,177.78,288.51
12/3/2030,5.660643,107.9947,50.07853,14.91783,-13.14024,42.97589,1000,34.76984,-84.03099,30,327,487.5446,89,9.79,2.82,49.63
12/4/2030,19.81999,111.8605,57.68324,14.88518,-19.72834,49.4987,1000,34.76984,-84.03099,30,146,340.0955,65,4.43,163.42,331.56
12/5/2030,18.8948,307.7502,28.08714,13.03628,-19.55456,45.62713,1000,34.76984,-84.03099,30,250,833.9214,43,1.02,63.36,314.54
12/6/2030,11.98526,297.6136,53.13492,16.09008,-16.82245,49.00262,1000,34.76984,-84.03099,30,304,550.0587,36,0.73,43.39,138.48
12/7/2030,3.44521,301.159,53.13062,16.3707,-16.47789,49.21929,1000,34.76984,-84.03099,30,316,199.0699,39,7.58,83.82,332.91
12/8/2030,16.45624,337.6228,75.93711,17.95509,-12.49281,48.40299,1000,34.76984,-84.03099,30,379,450.3368,45,5.99,31.6,405.27
12/9/2030,8.756889,354.3102,62.50926,13.13283,-15.97278,42.23844,1000,34.76984,-84.03099,30,379,748.5695,72,2.84,74.96,446.77
12/10/2030,9.837547,253.2466,44.81847,11.9561,-8.861805,32.774,1000,34.76984,-84.03099,30,321,178.5695,50,0.27,192.06,222.62
12/11/2030,6.546465,28.35743,40.96567,11.69149,-19.23025,42.61323,1000,34.76984,-84.03099,30,351,312.2751,79,4.29,39.82,320.38
12/12/2030,13.14685,154.2514,50.7579,14.6446,-19.52245,48.81164,1000,34.76984,-84.03099,30,399,855.134,36,6.15,134.63,58.3
12/13/2030,9.015451,219.4112,37.37735,12.66289,-17.76239,43.08816,1000,34.76984,-84.03099,30,285,871.4136,28,4.17,87.2,66.03
12/14/2030,6.660028,272.4897,50.30707,11.88371,-18.66213,42.42955,1000,34.76984,-84.03099,30,203,744.7136,74,7.2,89.47,131.82
12/15/2030,17.84879,10.28754,41.36564,13.49704,-16.85574,43.84983,1000,34.76984,-84.03099,30,287,619.678,11,3.73,125.95,307.69
12/16/2030,1.210055,157.3771,43.53081,13.7558,-19.39911,46.9107,1000,34.76984,-84.03099,30,277,649.3408,28,1.09,37.13,191.11
12/17/2030,12.23701,337.2701,51.71338,12.44572,-18.38238,43.27383,1000,34.76984,-84.03099,30,186,665.3593,34,0.22,69.11,138.38
12/18/2030,13.20377,355.9408,40.43382,16.02533,-17.31517,49.36583,1000,34.76984,-84.03099,30,373,727.9738,34,6.02,63.87,349.75
12/19/2030,14.77767,0.5690575,45.68678,12.74747,-16.49442,41.98936,1000,34.76984,-84.03099,30,79,273.0803,99,2.36,69.57,31.03
12/20/2030,12.93924,300.9038,60.07792,13.32146,-19.35378,45.99669,1000,34.76984,-84.03099,30,430,583.4818,26,5.9,162.7,481.23
12/21/2030,10.28171,133.2564,49.52968,11.61605,-17.06411,40.29622,1000,34.76984,-84.03099,30,74,852.0284,23,9.01,49.06,371.81
12/22/2030,8.710333,225.8138,39.46266,11.32314,-19.37231,42.01859,1000,34.76984,-84.03099,30,305,739.7631,22,1.44,146.73,233.74
12/23/2030,7.237512,274.8367,38.0421,19.86898,-10.07378,49.81174,1000,34.76984,-84.03099,30,254,683.528,45,4.09,105.77,396.37
12/24/2030,7.660207,287.3788,32.23909,17.74859,-14.13432,49.6315,1000,34.76984,-84.03099,30,340,824.6949,78,5.86,109.04,345.83
12/25/2030,6.876449,170.0316,32.51573,11.287,-19.38691,41.96092,1000,34.76984,-84.03099,30,237,747.202,18,1.89,133.92,58.94
12/26/2030,19.19411,306.6077,39.37058,11.8244,-14.43073,38.07953,1000,34.76984,-84.03099,30,181,367.6835,37,7.41,77.93,73.34
12/27/2030,3.121686,283.5299,71.769,14.21031,-19.11089,47.53152,1000,34.76984,-84.03099,30,267,605.927,35,3.53,110.94,401.73
12/28/2030,12.94369,90.29159,48.80668,12.87892,-17.2459,43.00374,1000,34.76984,-84.03099,30,334,355.9429,89,6.63,87.19,102.52
12/29/2030,9.325594,225.3516,29.90069,12.58095,-19.0824,44.2443,1000,34.76984,-84.03099,30,172,560.3914,65,5.16,155.66,74.98
12/30/2030,7.522439,232.7836,46.02902,9.072752,-17.56834,35.71384,1000,34.76984,-84.03099,30,315,201.9073,12,9.75,146.26,451.7
12/31/2030,10.1432,214.9828,47.18617,5.12048,-19.9745,30.21546,1000,34.76984,-84.03099,30,175,336.0064,49,4.6,111.43,21.83
1/1/2031,0.2902651,138.0645,52.32149,11.2523,-16.2249,38.72951,1000,34.76984,-84.03099,31,84,517.641,92,3.5,109.04,139.94
1/2/2031,1.21583,191.4032,42.3163,9.387177,-17.4578,36.23215,1000,34.76984,-84.03099,31,295,76.05434,57,8.35,113.88,34.28
1/3/2031,8.074078,227.8359,58.4303,12.70834,-18.84022,44.2569,1000,34.76984,-84.03099,31,201,949.5038,72,6.41,120.28,57.77
1/4/2031,16.7955,348.68,73.12296,5.524597,-19.85749,30.90669,1000,34.76984,-84.03099,31,201,460.2414,74,9.56,17.18,423.34
1/5/2031,19.16367,260.8342,35.20883,17.30625,-12.37049,46.98298,1000,34.76984,-84.03099,31,140,636.0723,92,9.35,39,293.91
1/6/2031,7.281576,288.8216,51.35006,13.42835,-11.91852,38.77523,1000,34.76984,-84.03099,31,225,845.1017,96,1.02,174.37,388.35
1/7/2031,7.799553,48.04802,36.47683,8.86031,-19.5359,37.25652,1000,34.76984,-84.03099,31,281,639.3538,3,8.74,124.96,144.69
1/8/2031,14.46401,261.3281,50.32573,17.37609,-14.12523,48.87741,1000,34.76984,-84.03099,31,273,541.995,26,5.63,42.24,31.68
1/9/2031,17.31866,95.88603,41.568,11.56054,-17.41699,40.53807,1000,34.76984,-84.03099,31,99,520.0035,62,8.03,109.19,140.05
1/10/2031,1.006043,233.9595,41.2728,5.295267,-18.35766,28.94819,1000,34.76984,-84.03099,31,298,511.0866,79,9.34,192.55,35.56
1/11/2031,3.967276,168.642,49.15376,7.52193,-19.30248,34.34634,1000,34.76984,-84.03099,31,76,783.0894,2,1.37,43.03,167.02
1/12/2031,13.76737,341.4467,68.33627,-0.1401892,-19.97123,19.69085,1000,34.76984,-84.03099,31,491,485.191,41,1.16,175.21,272.26
1/13/2031,14.56843,123.735,31.31156,9.235857,-19.82544,38.29716,1000,34.76984,-84.03099,31,137,492.6494,64,6.51,195.71,341.72
1/14/2031,15.51785,246.4041,43.53939,15.69239,-16.35269,47.73747,1000,34.76984,-84.03099,31,359,323.495,74,0.22,64.7,40.67
1/15/2031,7.16649,75.773,61.10843,9.585802,-14.53144,33.70305,1000,34.76984,-84.03099,31,197,688.2432,14,7.4,26.96,209.92
1/16/2031,17.68383,315.0854,49.01468,16.44551,-16.33125,49.22227,1000,34.76984,-84.03099,31,185,646.5986,41,5.87,90.17,145.96
1/17/2031,17.95194,211.0927,59.4819,12.64149,-15.24304,40.52602,1000,34.76984,-84.03099,31,342,607.2417,0,7.86,163.61,346.85
1/18/2031,3.164141,63.4042,60.71886,15.25826,-15.82378,46.34031,1000,34.76984,-84.03099,31,102,354.7967,65,1.38,22.86,255.8
1/19/2031,15.33087,134.1778,28.25422,10.03644,-16.61053,36.68342,1000,34.76984,-84.03099,31,391,266.5037,7,9.78,136.8,144.29
1/20/2031,0.280807,71.04476,53.59365,14.95447,-19.92266,49.83159,1000,34.76984,-84.03099,31,270,515.053,32,5.81,126.46,291.71
1/21/2031,9.689089,166.6081,25.32845,6.959182,-16.25361,30.17198,1000,34.76984,-84.03099,31,188,341.5776,11,5.8,63.5,425.58
1/22/2031,18.03849,197.2607,33.08304,15.70079,-17.31281,48.71439,1000,34.76984,-84.03099,31,245,589.8492,67,6.46,82.49,94.98
1/23/2031,5.893773,14.09383,51.8942,11.83854,-18.32898,42.00606,1000,34.76984,-84.03099,31,245,95.81047,96,1.98,81.73,427.69
1/24/2031,9.106468,353.6483,50.35488,16.44895,-15.29058,48.18847,1000,34.76984,-84.03099,31,420,353.426,20,2.08,139.88,478.56
1/25/2031,12.28827,121.6901,64.64574,14.28222,-18.89481,47.45925,1000,34.76984,-84.03099,31,246,509.4943,36,9.89,162.92,67.13
1/26/2031,0.5463552,301.591,51.99857,14.51534,-19.96244,48.99312,1000,34.76984,-84.03099,31,358,416.4775,20,2.44,134.12,389.28
1/27/2031,4.72502,316.1109,53.3474,14.28819,-9.842881,38.41926,1000,34.76984,-84.03099,31,177,200.0495,0,2.66,43.76,110.57
1/28/2031,4.413548,99.49998,52.0807,14.96723,-14.62336,44.55782,1000,34.76984,-84.03099,31,232,227.9122,46,8.12,110.51,165.29
1/29/2031,7.714066,42.61867,34.53959,15.29325,-18.55996,49.14647,1000,34.76984,-84.03099,31,350,507.4143,18,5.56,11.88,466.94
1/30/2031,13.39954,314.9095,61.48256,11.38666,-17.33047,40.10379,1000,34.76984,-84.03099,31,320,323.4302,48,8.88,112.34,58.79
1/31/2031,3.26647,254.8435,36.59747,19.29435,-11.27282,49.86152,1000,34.76984,-84.03099,31,245,720.6472,41,3.79,131.45,42.38
2/1/2031,16.68997,210.7991,39.81497,13.1717,-18.22074,44.56414,1000,34.76984,-84.03099,31,116,131.4213,93,1.28,151.98,343.93
2/2/2031,13.17269,296.1153,43.05021,11.43464,-14.15928,37.02855,1000,34.76984,-84.03099,31,380,726.2671,0,4.57,160.05,126.94
2/3/2031,16.17176,241.7659,40.7645,17.31471,-13.78703,48.41645,1000,34.76984,-84.03099,31,185,857.3037,21,4.62,18.97,420.17
2/4/2031,8.013805,125.7205,35.14878,16.02966,-17.3368,49.39612,1000,34.76984,-84.03099,31,349,162.7637,73,3.05,147.73,40.99
2/5/2031,19.3146,264.5182,37.45898,20.26064,-8.89089,49.41218,1000,34.76984,-84.03099,31,349,349.9339,10,1.17,82.91,440.29
2/6/2031,15.85189,236.5697,52.25311,10.85135,-19.0276,40.7303,1000,34.76984,-84.03099,31,519,653.1953,61,0.42,48.07,24.2
2/7/2031,6.636134,73.28164,36.72079,11.32551,-18.32216,40.97318,1000,34.76984,-84.03099,31,48,308.4745,64,5.26,151.81,210.69
2/8/2031,3.751614,22.27817,46.1127,13.4148,-16.61688,43.44648,1000,34.76984,-84.03099,31,421,473.0275,38,3.36,31.13,2.92
2/9/2031,2.821414,125.7894,46.72279,15.4409,-12.27016,43.15196,1000,34.76984,-84.03099,31,299,501.7841,14,0.32,114.49,464.38
2/10/2031,18.65678,134.2402,39.11829,11.23255,-19.86842,42.33352,1000,34.76984,-84.03099,31,126,84.59019,49,4.84,101.81,267.29
2/11/2031,4.936025,148.9689,53.23779,14.01126,-15.76297,43.78549,1000,34.76984,-84.03099,31,421,684.6121,15,9.92,112.86,271.57
2/12/2031,18.84655,163.6875,54.29001,16.09016,-15.51845,47.69878,1000,34.76984,-84.03099,31,241,353.014,44,2.6,155.38,55.74
2/13/2031,16.19596,200.6007,41.60926,12.8245,-12.2852,37.9342,1000,34.76984,-84.03099,31,343,444.9692,57,3.94,82.65,319.51
2/14/2031,16.38944,8.540497,46.2592,11.88767,-17.28751,41.06285,1000,34.76984,-84.03099,31,293,415.028,84,3.05,119.53,439.26
2/15/2031,15.13094,348.8185,63.01752,17.11242,-11.33389,45.55873,1000,34.76984,-84.03099,31,109,469.462,36,4.84,187.44,321.02
2/16/2031,12.96902,253.7915,44.68273,19.05437,-11.58152,49.69027,1000,34.76984,-84.03099,31,555,700.6558,95,2.33,193.5,20.49
2/17/2031,15.79649,338.4899,60.53853,16.78437,-15.17087,48.73961,1000,34.76984,-84.03099,31,236,993.9164,100,9.3,183.35,148.41
2/18/2031,1.427619,113.4014,47.32821,13.50963,-18.37389,45.39315,1000,34.76984,-84.03099,31,410,435.5938,23,9.81,22,344.49
2/19/2031,5.150486,344.6198,51.39161,17.37969,-13.16548,47.92486,1000,34.76984,-84.03099,31,114,832.5186,19,7.78,23.57,473.71
2/20/2031,16.00234,109.404,44.0734,-1.795482,-17.72711,14.13614,1000,34.76984,-84.03099,31,242,104.5337,44,1.55,186.64,321.77
2/21/2031,3.571568,289.9495,45.34185,9.599522,-19.64136,38.8404,1000,34.76984,-84.03099,31,126,491.8007,4,2.66,170.7,12.35
2/22/2031,14.68994,200.9323,47.41231,9.33999,-15.63275,34.31273,1000,34.76984,-84.03099,31,298,298.3672,82,2.81,160.45,43.69
2/23/2031,17.80107,141.8284,61.70874,8.403172,-16.97472,33.78106,1000,34.76984,-84.03099,31,162,313.3217,38,4.33,4.89,33.4
2/24/2031,4.244068,229.684,49.45897,12.57275,-19.77321,44.91872,1000,34.76984,-84.03099,31,197,228.6763,43,3.59,165.04,298.97
2/25/2031,0.7290077,322.21,48.7963,14.24171,-18.49645,46.97987,1000,34.76984,-84.03099,31,247,64.72797,19,3.18,131.25,187.32
2/26/2031,19.2032,218.6066,63.51541,14.53494,-15.15769,44.22757,1000,34.76984,-84.03099,31,302,293.4137,78,5.69,91.8,433.9
2/27/2031,9.306435,112.6609,56.98842,15.82974,-16.80843,48.46792,1000,34.76984,-84.03099,31,406,584.3813,84,0.92,63.09,26.27
2/28/2031,10.46525,89.72762,58.66076,14.01285,-17.62925,45.65494,1000,34.76984,-84.03099,31,406,296.4192,60,7.7,169.83,418.83
3/1/2031,16.10643,263.2866,36.64793,14.0739,-19.99728,48.14507,1000,34.76984,-84.03099,31,372,540.7637,53,6.16,81.63,29.41
3/2/2031,12.7074,250.8254,67.77016,16.37542,-12.3079,45.05873,1000,34.76984,-84.03099,31,136,130.9991,33,2.73,79.11,126.92
3/3/2031,15.40722,27.57388,39.99687,9.307299,-17.11705,35.73164,1000,34.76984,-84.03099,31,248,418.0077,42,6.43,144.97,410.01
3/4/2031,14.26605,187.3104,35.69816,15.02997,-18.59437,48.6543,1000,34.76984,-84.03099,31,165,758.8247,100,8.34,72.81,379.92
3/5/2031,16.58541,157.8361,53.12514,16.48824,-10.1826,43.15908,1000,34.76984,-84.03099,31,288,183.6937,42,9.87,182.57,172.89
3/6/2031,16.3699,187.0274,52.2637,6.395899,-19.22892,32.02072,1000,34.76984,-84.03099,31,348,543.2473,50,2.82,182.63,384.43
3/7/2031,15.19157,208.1192,33.52448,14.47171,-19.96689,48.91032,1000,34.76984,-84.03099,31,260,824.7172,4,9.86,185.17,186.9
3/8/2031,2.844408,27.05619,48.19523,15.10864,-15.13821,45.35549,1000,34.76984,-84.03099,31,29,191.2604,60,6.66,81.96,49.08
3/9/2031,16.86623,252.4387,65.1043,16.6472,-15.31213,48.60652,1000,34.76984,-84.03099,31,467,363.5462,63,3.35,50.55,156.1
3/10/2031,2.948906,83.79109,55.29831,21.3569,-6.835833,49.54964,1000,34.76984,-84.03099,31,110,905.9745,55,2.75,125.72,333.22
3/11/2031,15.97295,179.713,46.99472,16.29078,-14.62423,47.2058,1000,34.76984,-84.03099,31,404,763.8961,50,4.8,37.6,63.99
3/12/2031,7.0584,134.1261,49.27789,6.071913,-17.47001,29.61384,1000,34.76984,-84.03099,31,107,618.492,77,6.73,138.01,19.02
3/13/2031,4.783573,143.4376,24.48964,13.22844,-17.44947,43.90636,1000,34.76984,-84.03099,31,364,329.5883,71,3.18,114.89,478.39
3/14/2031,10.19144,115.4726,29.21978,15.60892,-13.01556,44.23341,1000,34.76984,-84.03099,31,284,558.382,96,9.04,167.59,232.01
3/15/2031,16.79816,153.3494,48.43459,12.55128,-19.4149,44.51746,1000,34.76984,-84.03099,31,325,564.7158,15,5.29,166.88,164.72
3/16/2031,11.85252,129.3681,65.69674,12.04829,-12.97652,37.07311,1000,34.76984,-84.03099,31,214,382.5502,15,4.76,41.99,145.61
3/17/2031,12.95228,145.7034,20.67238,2.128439,-17.01496,21.27184,1000,34.76984,-84.03099,31,140,534.0198,73,4.32,13.68,299.23
3/18/2031,0.09798527,90.67289,65.53014,12.20632,-18.8439,43.25653,1000,34.76984,-84.03099,31,223,545.0288,50,2.94,156.3,452.65
3/19/2031,17.87042,164.1587,31.31847,15.5674,-16.64408,47.77887,1000,34.76984,-84.03099,31,272,865.4533,56,9.3,55.07,155.21
3/20/2031,11.60435,251.146,62.46048,16.13144,-16.44746,48.71035,1000,34.76984,-84.03099,31,201,579.6031,31,3.35,152.97,36.58
3/21/2031,6.07305,320.9174,55.3032,14.87039,-16.69327,46.43404,1000,34.76984,-84.03099,31,293,647.5587,69,5.87,182.32,479.13
3/22/2031,4.784141,128.0075,37.39107,13.99596,-15.93682,43.92875,1000,34.76984,-84.03099,31,225,965.2429,26,9.04,49.23,446.99
3/23/2031,0.08758307,236.3575,56.72184,7.552861,-13.35748,28.4632,1000,34.76984,-84.03099,31,191,538.2211,25,9.64,87.3,407.92
3/24/2031,6.803535,201.0837,55.52365,15.04041,-18.74606,48.82688,1000,34.76984,-84.03099,31,350,691.5271,55,3.99,62.35,232.92
3/25/2031,14.42276,157.8967,54.5305,16.49937,-12.60466,45.6034,1000,34.76984,-84.03099,31,213,687.1288,18,7.72,106.49,421.42
3/26/2031,5.953527,341.2347,45.79324,13.31013,-14.99387,41.61413,1000,34.76984,-84.03099,31,278,318.8826,97,6.67,160.83,454.15
3/27/2031,7.344628,217.8113,40.59973,16.6938,-15.25382,48.64142,1000,34.76984,-84.03099,31,339,571.1514,34,3.9,46.03,319.77
3/28/2031,1.487768,276.428,26.41647,0.3927307,-18.0753,18.86076,1000,34.76984,-84.03099,31,199,532.1088,8,4.09,79.64,332.13
3/29/2031,12.06788,161.9603,37.91786,15.99836,-15.32717,47.32388,1000,34.76984,-84.03099,31,350,96.42178,18,4.79,151.3,339.02
3/30/2031,11.62333,202.2359,52.94078,10.16352,-19.78681,40.11385,1000,34.76984,-84.03099,31,216,487.5418,31,2.04,140.97,467.56
3/31/2031,1.638842,215.7974,27.74599,12.59173,-19.68554,44.86901,1000,34.76984,-84.03099,31,132,605.715,44,5.64,167.03,242.77
4/1/2031,14.59972,243.2707,67.76945,8.226305,-17.12046,33.57307,1000,34.76984,-84.03099,31,417,412.6286,55,8.84,148.5,212.68
4/2/2031,8.404075,101.8358,44.60354,14.85544,-17.48285,47.19373,1000,34.76984,-84.03099,31,145,281.7262,35,5.03,106.01,125.58
4/3/2031,6.162237,257.6318,49.67198,9.026749,-19.73969,37.79319,1000,34.76984,-84.03099,31,440,780.8566,72,2.42,0.63,203.18
4/4/2031,15.49192,20.27814,58.75305,14.46784,-18.0098,46.94548,1000,34.76984,-84.03099,31,440,588.8627,82,2.93,72.62,326.28
4/5/2031,18.83364,99.68104,37.30081,16.05674,-17.50463,49.61811,1000,34.76984,-84.03099,31,306,904.5754,14,0.67,110.88,337.41
4/6/2031,18.24644,124.5367,68.09402,13.10578,-11.74559,37.95715,1000,34.76984,-84.03099,31,229,472.5433,34,4.97,113.83,337.43
4/7/2031,4.577639,324.8193,44.52914,13.2396,-16.61273,43.09192,1000,34.76984,-84.03099,31,167,284.8714,79,8.02,112.09,98.59
4/8/2031,13.62747,102.6006,53.92839,15.55358,-18.20807,49.31523,1000,34.76984,-84.03099,31,247,379.2947,32,2.29,187.26,235.68
4/9/2031,16.55054,322.269,39.23918,16.62697,-14.79596,48.0499,1000,34.76984,-84.03099,31,98,817.8981,22,6.09,197.02,150.9
4/10/2031,2.740784,231.3908,53.85183,16.56933,-9.476546,42.6152,1000,34.76984,-84.03099,31,338,198.0345,11,8.59,196.24,1.5
4/11/2031,19.7164,39.76819,78.23994,13.11635,-17.26597,43.49866,1000,34.76984,-84.03099,31,263,413.4297,29,4.77,31.08,146.64
4/12/2031,12.89532,266.8889,71.01779,15.14207,-16.83543,47.11956,1000,34.76984,-84.03099,31,102,360.1415,40,4.06,8.22,428.26
4/13/2031,13.57188,43.80086,61.52996,5.529344,-16.16396,27.22265,1000,34.76984,-84.03099,31,262,709.5125,84,6.16,45.12,156.48
4/14/2031,12.85076,198.7696,71.52499,11.88859,-15.92359,39.70077,1000,34.76984,-84.03099,31,48,665.8065,32,0.14,70.56,270.35
4/15/2031,19.95527,336.2689,44.76008,14.09674,-19.21988,47.41337,1000,34.76984,-84.03099,31,437,408.6898,48,6.19,73.5,314.02
4/16/2031,16.93651,256.3491,55.98443,16.41924,-16.45667,49.29514,1000,34.76984,-84.03099,31,224,951.5237,3,2.08,198.2,187.53
4/17/2031,5.888449,320.3712,60.67289,17.77636,-12.15876,47.71148,1000,34.76984,-84.03099,31,215,565.9692,85,1.38,174.68,237.44
4/18/2031,6.163234,225.6392,64.35941,14.781,-17.64124,47.20323,1000,34.76984,-84.03099,31,214,712.9908,11,9.22,54.86,188.94
4/19/2031,14.1805,69.43819,38.35875,19.88074,-9.91017,49.67166,1000,34.76984,-84.03099,31,154,565.5021,65,8.01,37.76,17.53
4/20/2031,12.52504,347.4834,53.83999,9.677536,-17.75357,37.10864,1000,34.76984,-84.03099,31,387,521.1621,93,5.56,129.12,118.95
4/21/2031,3.117282,56.79073,57.11071,14.13574,-19.21749,47.48897,1000,34.76984,-84.03099,31,297,627.1589,51,6.97,182.41,456.85
4/22/2031,2.06691,78.91776,51.50362,16.27833,-17.0072,49.56387,1000,34.76984,-84.03099,31,223,113.145,13,6.34,38.95,431.9
4/23/2031,7.708758,109.1164,51.52053,14.22128,-11.94716,40.38973,1000,34.76984,-84.03099,31,213,777.6885,44,1.52,74.77,497.05
4/24/2031,10.32085,299.9785,70.61009,10.99479,-17.93929,39.92886,1000,34.76984,-84.03099,31,350,872.9967,23,0.28,19.14,76.03
4/25/2031,12.6387,21.07298,54.74517,18.46214,-12.79216,49.71645,1000,34.76984,-84.03099,31,266,553.2625,77,0.52,183.76,410.31
4/26/2031,2.397718,99.12601,32.8363,14.19215,-14.62853,43.01283,1000,34.76984,-84.03099,31,400,846.0743,9,1.92,28.22,101.48
4/27/2031,14.34983,123.8773,22.25503,15.41433,-15.52318,46.35184,1000,34.76984,-84.03099,31,400,630.2562,88,7.1,90.4,139.28
4/28/2031,11.25458,156.7896,50.4065,13.42766,-19.02214,45.87745,1000,34.76984,-84.03099,31,321,796.6044,82,7.59,63.92,424.79
4/29/2031,8.550888,30.71194,53.60052,14.5641,-18.71997,47.84816,1000,34.76984,-84.03099,31,72,733.045,9,4.25,145.37,382.53
4/30/2031,10.21585,253.9243,51.0032,13.16469,-15.79311,42.12248,1000,34.76984,-84.03099,31,274,740.6209,32,7.41,26.65,149.51
5/1/2031,8.001624,89.00878,51.76819,14.55253,-19.8145,48.91955,1000,34.76984,-84.03099,31,159,378.0344,57,4.99,77.15,211.32
5/2/2031,12.83509,217.0752,52.73555,8.366094,-18.99264,35.72482,1000,34.76984,-84.03099,31,214,896.3375,91,1.28,25.36,273.01
5/3/2031,2.327952,291.8298,51.63762,12.49647,-18.263,43.25593,1000,34.76984,-84.03099,31,311,205.7137,52,7.99,8.46,342.28
5/4/2031,19.6471,291.3992,42.4898,16.53926,-16.16384,49.24236,1000,34.76984,-84.03099,31,238,536.0956,16,2.59,37.28,209.36
5/5/2031,8.715631,268.9329,87.53155,12.07622,-18.89372,43.04617,1000,34.76984,-84.03099,31,306,512.7924,13,8.65,47.75,422.34
5/6/2031,18.71008,237.2606,41.16613,15.11965,-18.72749,48.96679,1000,34.76984,-84.03099,31,249,542.8772,76,0.3,5.7,130.01
5/7/2031,18.37504,119.3272,46.05795,16.51873,-16.46737,49.50483,1000,34.76984,-84.03099,31,66,376.2054,56,1.25,87.68,422.6
5/8/2031,19.50523,259.576,44.711,12.01201,-18.79943,42.82346,1000,34.76984,-84.03099,31,300,377.8035,10,1.62,113.22,336.4
5/9/2031,14.39428,104.9315,70.34763,14.14845,-19.84275,48.13964,1000,34.76984,-84.03099,31,214,149.7977,12,1.71,150.07,60.89
5/10/2031,3.500924,206.0539,38.76735,21.05521,-7.39991,49.51034,1000,34.76984,-84.03099,31,265,554.4973,15,2.13,199.95,428.65
5/11/2031,19.27362,211.0747,52.18511,11.89273,-17.50244,41.2879,1000,34.76984,-84.03099,31,197,538.722,84,4.15,88.43,441.42
5/12/2031,3.797052,43.52105,30.09786,11.21041,-19.35189,41.77271,1000,34.76984,-84.03099,31,322,430.3379,84,4.98,51.04,487.78
5/13/2031,5.491525,114.1695,53.40049,15.13574,-18.09653,48.36801,1000,34.76984,-84.03099,31,215,672.2809,3,2.2,138.84,331.13
5/14/2031,4.141686,49.18369,21.01275,4.891162,-19.8791,29.66142,1000,34.76984,-84.03099,31,367,370.4379,64,4.94,87.71,72.85
5/15/2031,14.71599,351.8271,40.31732,15.37257,-16.13115,46.87629,1000,34.76984,-84.03099,31,231,580.8413,66,1.41,162.3,340.25
5/16/2031,17.94309,11.45243,43.27213,14.635,-15.88925,45.15926,1000,34.76984,-84.03099,31,239,111.1153,94,8.26,168.27,115.77
5/17/2031,8.713213,159.382,51.87268,7.96864,-17.79944,33.73672,1000,34.76984,-84.03099,31,345,376.0939,96,2.67,42.73,386.55
5/18/2031,19.00945,321.3952,48.39714,15.52764,-18.50765,49.56294,1000,34.76984,-84.03099,31,217,178.4845,100,2.26,3.87,115.63
5/19/2031,13.63928,65.86351,53.26945,10.57834,-19.48216,40.63884,1000,34.76984,-84.03099,31,293,437.2878,15,6.61,65.64,364.61
5/20/2031,9.743523,43.10593,53.64232,14.90616,-19.1419,48.95421,1000,34.76984,-84.03099,31,91,506.9381,49,6.02,88.06,453.55
5/21/2031,0.9461021,67.58034,40.67327,7.732651,-19.76001,35.22532,1000,34.76984,-84.03099,31,299,659.6794,95,8.56,160.32,409.18
5/22/2031,0.8598065,203.5018,56.6873,16.0734,-10.21657,42.36337,1000,34.76984,-84.03099,31,198,287.7012,77,6.74,150.49,18.56
5/23/2031,8.940812,51.19873,29.74584,13.33576,-18.33243,45.00396,1000,34.76984,-84.03099,31,181,803.4489,20,9.84,180.12,321.89
5/24/2031,5.072714,61.72222,65.90424,14.76848,-16.97413,46.51109,1000,34.76984,-84.03099,31,239,483.5798,93,1.32,54.21,81.76
5/25/2031,17.84515,327.8983,40.75703,4.934994,-18.22353,28.09351,1000,34.76984,-84.03099,31,249,173.7405,91,0.3,42.17,183.29
5/26/2031,1.442268,345.9499,42.24675,13.5194,-19.86559,46.90438,1000,34.76984,-84.03099,31,296,790.5115,86,9.38,40.41,52.85
5/27/2031,5.482582,173.4578,45.04518,11.44858,-18.38578,41.28295,1000,34.76984,-84.03099,31,231,670.2933,69,1.52,2.82,139.08
5/28/2031,4.861894,99.57508,56.64032,9.95823,-19.80993,39.72639,1000,34.76984,-84.03099,31,54,556.8382,84,1.96,10.7,40.16
5/29/2031,8.449449,12.57025,59.35765,11.05358,-19.60162,41.70877,1000,34.76984,-84.03099,31,507,492.9968,46,0.1,184.3,201.84
5/30/2031,17.49532,291.3789,57.36634,11.94034,-16.36838,40.24906,1000,34.76984,-84.03099,31,98,414.6076,4,2.78,66.43,425.69
5/31/2031,19.60509,26.96242,48.70981,11.63626,-19.59034,42.86286,1000,34.76984,-84.03099,31,545,121.0443,10,5.43,18.11,401.01
6/1/2031,15.51271,267.8202,64.42178,15.17999,-9.831027,40.191,1000,34.76984,-84.03099,31,157,661.6664,51,4.86,57.22,248.33
6/2/2031,10.83033,304.2234,51.78609,11.93777,-11.63911,35.51464,1000,34.76984,-84.03099,31,372,108.4638,26,2.5,95.89,439.86
6/3/2031,14.48558,150.6102,51.52088,11.8218,-15.61535,39.25895,1000,34.76984,-84.03099,31,253,552.613,9,7.27,127.86,315.73
6/4/2031,19.39224,38.25508,38.03339,15.35318,-15.68504,46.3914,1000,34.76984,-84.03099,31,226,245.2653,44,5.09,0.68,52.36
6/5/2031,5.75714,356.2411,55.09238,15.82432,-17.69121,49.33985,1000,34.76984,-84.03099,31,238,534.0947,30,1.1,11.62,139.31
6/6/2031,17.44183,318.6622,40.69321,14.85405,-15.70996,45.41806,1000,34.76984,-84.03099,31,133,414.1089,60,9.39,192.17,247.26
6/7/2031,9.82521,49.00426,28.96249,11.67071,-16.98341,40.32483,1000,34.76984,-84.03099,31,383,598.0226,23,4.2,38.85,285.21
6/8/2031,5.455476,336.6665,46.80696,12.28709,-19.94149,44.51567,1000,34.76984,-84.03099,31,284,529.728,100,1.37,89.86,427.55
6/9/2031,4.740899,352.9962,36.25315,14.21836,-16.71461,45.15133,1000,34.76984,-84.03099,31,262,167.0268,74,6.37,18.17,243.74
6/10/2031,6.479994,87.28358,61.51971,7.394826,-19.78673,34.57638,1000,34.76984,-84.03099,31,330,662.813,40,9.37,45.72,245.33
6/11/2031,5.804261,111.4006,36.53275,14.27488,-17.21773,45.7675,1000,34.76984,-84.03099,31,133,628.9905,27,6.42,130.62,436.17
6/12/2031,5.127434,54.75367,37.54302,11.4776,-16.09118,39.04638,1000,34.76984,-84.03099,31,358,293.1889,48,2.77,117.41,183.63
6/13/2031,6.91204,64.59055,52.38732,13.46402,-19.31582,46.24385,1000,34.76984,-84.03099,31,344,331.033,7,1.07,141.73,335.89
6/14/2031,19.35312,343.6665,48.12315,16.06944,-17.79088,49.92976,1000,34.76984,-84.03099,31,212,501.2835,93,6.03,32.5,360.71
6/15/2031,7.952448,337.4557,65.27007,12.12829,-19.75292,44.00951,1000,34.76984,-84.03099,31,165,635.0552,93,9.64,37.53,203.68
6/16/2031,11.37242,22.89246,70.81374,10.05857,-18.65409,38.77124,1000,34.76984,-84.03099,31,202,415.423,88,7.54,183.88,6.01
6/17/2031,0.07681131,225.9672,51.50688,16.27013,-17.21491,49.75516,1000,34.76984,-84.03099,31,304,530.0655,75,4.2,196.18,257.61
6/18/2031,15.29752,255.2573,64.94114,14.03598,-18.5427,46.61466,1000,34.76984,-84.03099,31,208,690.6403,93,9.63,108.89,115.29
6/19/2031,13.61309,53.80146,52.04597,14.95665,-17.73037,47.64367,1000,34.76984,-84.03099,31,127,472.9851,52,8.61,21.08,3.84
6/20/2031,11.29652,79.43935,44.50314,9.19993,-15.68161,34.08147,1000,34.76984,-84.03099,31,100,236.7431,69,3.72,104.67,160.75
6/21/2031,7.983671,113.6253,83.9321,9.045799,-17.52383,35.61543,1000,34.76984,-84.03099,31,304,429.4227,22,4.75,149.59,275.59
6/22/2031,2.82099,194.3667,79.47317,14.9417,-19.57817,49.46158,1000,34.76984,-84.03099,31,105,142.587,49,2.68,115.51,308.55
6/23/2031,4.371533,304.6285,28.92763,13.9477,-18.62471,46.52011,1000,34.76984,-84.03099,31,401,797.3542,29,8.73,116.27,0.25
6/24/2031,7.30919,96.8509,49.68666,12.42744,-18.86738,43.72227,1000,34.76984,-84.03099,31,401,564.6993,98,2.17,50.24,208.12
6/25/2031,8.392166,172.1899,59.04375,12.00652,-7.934779,31.94783,1000,34.76984,-84.03099,31,385,463.5204,33,9.68,155.36,313.42
6/26/2031,10.63386,93.29051,44.01198,6.247304,-18.57294,31.06755,1000,34.76984,-84.03099,31,231,732.9542,52,2.53,175.78,159.47
6/27/2031,16.72262,357.3619,60.1443,11.09902,-18.43406,40.63209,1000,34.76984,-84.03099,31,270,486.0704,93,3.69,157.21,394.3
6/28/2031,12.15927,118.0576,62.47453,14.99268,-18.84216,48.82752,1000,34.76984,-84.03099,31,329,541.2051,24,6.39,167.31,200.66
6/29/2031,10.73351,134.0763,50.15692,13.70749,-17.98836,45.40334,1000,34.76984,-84.03099,31,137,507.4106,88,5.29,178.64,153.48
6/30/2031,8.587552,171.3068,40.75871,12.68866,-17.5116,42.88893,1000,34.76984,-84.03099,31,391,589.4948,21,7.28,83.4,448.76
7/1/2031,15.86467,63.35936,41.0675,4.345351,-19.65724,28.34794,1000,34.76984,-84.03099,31,369,564.3824,29,8.13,117.95,79.04
7/2/2031,13.67641,87.16222,58.95262,13.49653,-13.67289,40.66595,1000,34.76984,-84.03099,31,96,109.1126,16,7.43,140.03,322.04
7/3/2031,9.665562,28.32314,52.41196,14.22496,-14.40864,42.85855,1000,34.76984,-84.03099,31,297,288.3742,57,3.65,2.12,205.14
7/4/2031,7.781259,291.5307,36.59857,8.973335,-15.41345,33.36012,1000,34.76984,-84.03099,31,169,292.7482,16,1.56,131.14,57.93
7/5/2031,13.56594,152.836,35.31206,15.21941,-17.1403,47.57912,1000,34.76984,-84.03099,31,394,340.3943,78,9.51,86.77,51.29
7/6/2031,14.55439,335.7409,55.27256,13.40542,-17.64779,44.45864,1000,34.76984,-84.03099,31,188,586.5032,90,8.1,32.03,176.78
7/7/2031,3.460777,306.5967,44.83425,10.54941,-16.22297,37.32179,1000,34.76984,-84.03099,31,285,598.5842,73,5.36,38.12,440.05
7/8/2031,19.85043,203.1039,37.16162,0.1945496,-19.88256,20.27166,1000,34.76984,-84.03099,31,124,574.416,31,6,120.73,117.23
7/9/2031,4.432056,226.7196,49.80676,17.29501,-13.80191,48.39192,1000,34.76984,-84.03099,31,365,916.7767,66,1.28,61.67,223.22
7/10/2031,18.4402,116.3947,50.5031,14.81391,-19.34327,48.97109,1000,34.76984,-84.03099,31,319,431.2353,32,2.5,137.81,458.76
7/11/2031,19.74183,292.4932,35.30105,12.75548,-16.30755,41.81852,1000,34.76984,-84.03099,31,320,872.4589,37,8.71,180.24,101.29
7/12/2031,4.603989,25.4491,69.77383,9.876541,-18.08867,37.84175,1000,34.76984,-84.03099,31,139,378.429,34,1.76,19.61,147.9
7/13/2031,1.520038,176.5621,56.89594,10.09081,-19.89065,40.07227,1000,34.76984,-84.03099,31,106,714.9282,1,6.08,148.87,260.1
7/14/2031,17.41845,331.6558,56.71107,12.15003,-18.35546,42.65552,1000,34.76984,-84.03099,31,395,343.0265,80,3.03,59,439.32
7/15/2031,3.256488,149.9565,61.07195,10.638,-19.3783,40.6543,1000,34.76984,-84.03099,31,183,827.7611,53,1.23,152.61,328.3
7/16/2031,6.476382,294.4914,52.03351,15.28473,-16.08294,46.65241,1000,34.76984,-84.03099,31,415,621.7752,23,0.86,91.55,376.95
7/17/2031,17.43067,51.6354,37.83991,16.96638,-13.22403,47.15679,1000,34.76984,-84.03099,31,415,568.2428,37,3.59,76.79,342.05
7/18/2031,12.15322,309.6562,49.00344,16.11525,-14.24223,46.47273,1000,34.76984,-84.03099,31,292,598.7175,26,7.99,167.05,350.14
7/19/2031,4.486487,90.38647,38.32545,14.67529,-19.07593,48.4265,1000,34.76984,-84.03099,31,290,447.034,65,9.22,18.54,303.6
7/20/2031,7.744025,333.9176,40.58029,14.8352,-18.08077,47.75117,1000,34.76984,-84.03099,31,306,615.886,46,5.11,61.17,70.46
7/21/2031,1.794567,116.9604,54.30394,10.9542,-12.5752,34.4836,1000,34.76984,-84.03099,31,330,633.3678,2,7.85,90.38,324.6
7/22/2031,16.58513,98.20578,38.26601,15.06413,-14.65188,44.78013,1000,34.76984,-84.03099,31,192,304.2759,57,4.06,101.76,346.61
7/23/2031,12.65134,159.5214,35.79531,15.32423,-15.75431,46.40276,1000,34.76984,-84.03099,31,299,649.0981,81,1.77,49.21,162.3
7/24/2031,8.231264,101.6277,38.98603,15.52029,-17.85782,48.89839,1000,34.76984,-84.03099,31,172,594.616,73,0.49,57.34,316.67
7/25/2031,16.0485,215.247,47.87474,12.93587,-18.34351,44.21525,1000,34.76984,-84.03099,31,330,342.1563,8,1.81,157.02,301.92
7/26/2031,14.3373,90.53651,61.8517,16.25917,-13.04476,45.56311,1000,34.76984,-84.03099,31,200,49.8625,42,7.49,124.5,459.18
7/27/2031,9.656924,333.917,49.15283,12.22987,-19.46306,43.9228,1000,34.76984,-84.03099,31,124,778.4781,83,4.47,75.91,30
7/28/2031,13.16955,282.4001,51.06345,12.48826,-19.79622,44.77274,1000,34.76984,-84.03099,31,325,670.7709,79,9.53,95.44,419.9
7/29/2031,18.89413,289.982,62.67571,6.004664,-19.61023,31.61956,1000,34.76984,-84.03099,31,161,523.0264,98,8.45,25.75,103.43
7/30/2031,12.00696,178.8273,57.15698,13.78003,-17.82198,45.38203,1000,34.76984,-84.03099,31,375,676.1042,91,5.99,187.88,450.92
7/31/2031,6.735634,44.25233,50.42993,6.054646,-11.85934,23.96863,1000,34.76984,-84.03099,31,251,479.9371,82,5.24,110.49,244.9
8/1/2031,19.11399,110.3558,48.01981,18.74847,-10.75769,48.25463,1000,34.76984,-84.03099,31,321,558.2417,27,3.77,58.72,475.74
8/2/2031,8.225003,158.5895,47.32118,8.811665,-13.88292,31.50625,1000,34.76984,-84.03099,31,276,608.8045,7,0.85,128.74,346.67
8/3/2031,9.639321,8.763571,57.51864,14.82016,-19.5315,49.17181,1000,34.76984,-84.03099,31,292,453.3557,83,3.35,52.63,342.11
8/4/2031,11.3005,5.58423,53.54516,12.63529,-17.33452,42.6051,1000,34.76984,-84.03099,31,88,457.9229,75,1.19,52,2.44
8/5/2031,10.66325,297.4706,54.39292,14.0154,-18.48933,46.52012,1000,34.76984,-84.03099,31,381,651.0212,22,3.41,152.07,15.29
8/6/2031,13.10847,68.0088,51.98409,14.3114,-19.55169,48.17448,1000,34.76984,-84.03099,31,366,706.4521,96,9.88,155.13,432.74
8/7/2031,17.98321,260.4697,66.92569,14.91977,-17.85782,47.69736,1000,34.76984,-84.03099,31,162,240.0998,78,3.06,141.64,179.25
8/8/2031,7.174636,139.6626,31.88613,5.614524,-16.80031,28.02936,1000,34.76984,-84.03099,31,339,575.4685,26,4.76,158.72,370.47
8/9/2031,14.36574,126.3787,58.55458,15.14109,-13.51807,43.80025,1000,34.76984,-84.03099,31,176,144.0968,79,8.22,118.13,117.7
8/10/2031,13.17719,86.3531,45.2261,15.13047,-15.03586,45.29681,1000,34.76984,-84.03099,31,410,247.2103,32,5.16,32.37,437.41
8/11/2031,19.41339,3.827019,48.67693,15.26661,-19.19777,49.73099,1000,34.76984,-84.03099,31,283,527.0324,65,3.48,87.39,384.04
8/12/2031,17.27113,146.2898,56.89948,10.63167,-19.48824,40.75158,1000,34.76984,-84.03099,31,366,686.1057,68,8.46,1.21,261.92
8/13/2031,7.778793,335.5329,54.63305,13.33132,-16.37254,43.03519,1000,34.76984,-84.03099,31,153,681.7468,10,7.12,46.15,414.3
8/14/2031,1.794412,105.5878,40.59388,16.2841,-15.3158,47.88401,1000,34.76984,-84.03099,31,141,659.3828,37,6.08,59.53,263.06
8/15/2031,12.41959,285.6471,48.6609,11.90579,-18.88294,42.69452,1000,34.76984,-84.03099,31,487,430.2231,66,9.87,146.87,431.7
8/16/2031,5.579053,236.5637,47.45869,11.74414,-14.92705,38.41533,1000,34.76984,-84.03099,31,191,814.8857,58,5.23,32.53,382.68
8/17/2031,0.2721047,346.5904,57.59257,14.85323,-18.03914,47.7456,1000,34.76984,-84.03099,31,81,291.9526,11,0.66,124.92,191.6
8/18/2031,5.43954,123.9867,55.66429,16.89456,-14.97409,48.76321,1000,34.76984,-84.03099,31,459,456.7717,77,8.34,144.14,249.32
8/19/2031,11.72125,184.9851,43.78939,7.799561,-17.70104,33.30016,1000,34.76984,-84.03099,31,102,669.017,70,7.18,57.67,146.45
8/20/2031,12.93786,140.7292,47.55813,15.01181,-15.28884,45.31247,1000,34.76984,-84.03099,31,432,280.3062,68,5.51,127.24,69.06
8/21/2031,9.198989,195.9317,35.17759,15.67157,-18.46595,49.80909,1000,34.76984,-84.03099,31,114,478.697,40,2.64,12.39,393.47
8/22/2031,14.19242,152.0046,62.93024,16.20612,-10.58387,42.9961,1000,34.76984,-84.03099,31,267,654.6224,50,5.02,124.92,446.93
8/23/2031,13.38798,159.0781,31.98866,10.95277,-18.27808,40.18363,1000,34.76984,-84.03099,31,175,661.1385,43,6.33,64.76,249.11
8/24/2031,7.671839,76.74689,52.34161,14.90569,-13.86483,43.67622,1000,34.76984,-84.03099,31,139,806.4587,14,6.43,181.31,431.83
8/25/2031,3.807302,339.6312,59.86119,16.1095,-17.52777,49.74678,1000,34.76984,-84.03099,31,397,279.1427,94,2.17,82.17,27.01
8/26/2031,19.02467,307.8234,51.54359,15.30155,-18.43651,49.03962,1000,34.76984,-84.03099,31,84,308.6074,34,7.75,186.98,251.82
8/27/2031,1.848342,185.839,60.68799,14.63631,-11.53779,40.81041,1000,34.76984,-84.03099,31,387,550.6743,24,7.02,127.36,10.34
8/28/2031,18.22798,13.79763,54.4261,12.80779,-19.61259,45.22817,1000,34.76984,-84.03099,31,316,787.8517,16,5.06,192.55,122.38
8/29/2031,5.727092,157.5091,37.2192,15.89753,-14.63378,46.42885,1000,34.76984,-84.03099,31,242,414.262,30,3.95,62.17,289.68
8/30/2031,15.76081,248.3196,61.70458,16.2795,-16.72989,49.28889,1000,34.76984,-84.03099,31,274,743.9639,68,9.97,129.19,103.55
8/31/2031,2.452316,309.5836,48.59103,9.267628,-16.89865,35.43391,1000,34.76984,-84.03099,31,119,382.3011,20,5.73,194.64,339.07
9/1/2031,7.272011,273.822,61.37076,8.662597,-18.60345,35.92864,1000,34.76984,-84.03099,31,385,251.4199,7,0.61,31.24,87.25
9/2/2031,5.497316,195.7252,53.26609,14.68707,-16.95422,46.32835,1000,34.76984,-84.03099,31,182,791.1116,80,4.31,190.15,190.6
9/3/2031,15.9095,203.6274,41.78823,10.07655,-16.80983,36.96292,1000,34.76984,-84.03099,31,146,759.9734,13,4.99,197.26,290.3
9/4/2031,6.164259,148.5615,45.04229,10.46143,-17.05083,37.9737,1000,34.76984,-84.03099,31,271,535.4725,81,9.84,57.25,397.19
9/5/2031,12.15169,101.6697,74.7563,12.0602,-15.32241,39.44281,1000,34.76984,-84.03099,31,212,515.7825,47,5.01,70.15,164.14
9/6/2031,6.188392,212.4402,51.78834,15.11138,-12.65634,42.87911,1000,34.76984,-84.03099,31,350,296.1384,50,4.4,80.47,290.24
9/7/2031,5.786847,184.1128,55.27478,12.28559,-18.93414,43.50532,1000,34.76984,-84.03099,31,311,238.7138,92,8.4,42.35,182.26
9/8/2031,3.158071,220.2541,41.72998,9.52141,-13.17819,32.22101,1000,34.76984,-84.03099,31,287,277.7438,70,7.13,165.26,421.75
9/9/2031,1.411464,256.9753,55.81719,11.6037,-15.36164,38.56903,1000,34.76984,-84.03099,31,113,456.7648,69,3.19,46.33,26.25
9/10/2031,6.38688,168.5433,26.11894,14.99987,-14.30731,44.30705,1000,34.76984,-84.03099,31,383,305.3069,12,4.46,0.37,316.54
9/11/2031,9.951409,189.679,57.69548,14.14893,-19.82452,48.12238,1000,34.76984,-84.03099,31,250,777.4387,52,2.31,141.57,201.07
9/12/2031,14.14145,134.3159,46.71161,12.59439,-19.40881,44.59759,1000,34.76984,-84.03099,31,507,223.3959,88,0.26,59.38,390.55
9/13/2031,2.272978,41.82547,19.9548,8.845197,-18.24909,35.93948,1000,34.76984,-84.03099,31,507,684.9535,36,0.59,159.23,323.28
9/14/2031,16.55048,170.1804,52.53147,11.09677,-19.79384,41.98738,1000,34.76984,-84.03099,31,481,546.3624,70,4.53,70.71,111.73
9/15/2031,5.985514,180.2639,34.40052,13.83152,-16.86423,44.52728,1000,34.76984,-84.03099,31,183,403.9691,32,9.83,163.85,251.93
9/16/2031,8.762325,200.9126,14.29642,13.08682,-17.91809,44.09174,1000,34.76984,-84.03099,31,222,737.9187,77,0.14,88.96,181.45
9/17/2031,13.50671,100.9964,42.56692,-0.7526102,-18.09311,16.58789,1000,34.76984,-84.03099,31,304,436.1456,39,1.31,16.14,424.54
9/18/2031,7.775932,4.162531,42.14055,13.48552,-19.15504,46.12609,1000,34.76984,-84.03099,31,120,708.9883,89,2.72,33.81,264.24
9/19/2031,7.99173,15.89215,45.78738,13.03604,-17.56352,43.6356,1000,34.76984,-84.03099,31,301,232.1122,56,1.41,39.78,442.23
9/20/2031,16.10917,312.5239,51.51982,14.0363,-19.20181,47.27441,1000,34.76984,-84.03099,31,290,570.8678,95,7.18,138.24,153.75
9/21/2031,15.62511,96.0192,51.92653,13.87795,-19.92706,47.68296,1000,34.76984,-84.03099,31,215,652.2713,1,9.66,152.37,54.52
9/22/2031,13.24733,345.3404,65.97287,9.706659,-18.54272,37.95604,1000,34.76984,-84.03099,31,231,510.3867,34,1.45,45,357.29
9/23/2031,8.725754,86.31512,32.88625,9.512217,-18.12405,37.14848,1000,34.76984,-84.03099,31,80,457.521,28,6.24,169.65,456.29
9/24/2031,2.855296,73.43682,65.59575,12.43607,-12.57072,37.44285,1000,34.76984,-84.03099,31,459,366.8529,39,3.08,111.61,155.06
9/25/2031,17.06949,206.3757,48.23322,14.39696,-14.81529,43.60921,1000,34.76984,-84.03099,31,217,482.4539,95,4.02,136.82,5.34
9/26/2031,12.11877,222.1905,62.59566,9.966984,-19.21639,39.15036,1000,34.76984,-84.03099,31,397,747.8971,99,9.45,135.11,319.47
9/27/2031,13.37559,295.624,76.50703,8.804564,-16.36955,33.97868,1000,34.76984,-84.03099,31,185,971.9493,87,4.3,159.39,4.34
9/28/2031,10.36507,228.7265,39.76357,17.8021,-13.17873,48.78294,1000,34.76984,-84.03099,31,349,517.6107,42,0.14,145.5,369.19
9/29/2031,18.17601,58.77299,54.29775,13.1249,-19.80318,46.05297,1000,34.76984,-84.03099,31,377,778.2,45,4.12,4.68,141.97
9/30/2031,14.31088,122.4708,51.92973,12.57258,-13.75343,38.89859,1000,34.76984,-84.03099,31,334,613.996,76,7.18,38.19,251.36
10/1/2031,7.733487,100.1801,43.5801,16.35449,-16.16979,48.87877,1000,34.76984,-84.03099,31,285,589.9619,80,8.09,93.42,246.97
10/2/2031,14.61061,327.2825,36.07501,12.09074,-15.90231,40.0838,1000,34.76984,-84.03099,31,238,276.7702,55,5.5,97.28,43
10/3/2031,4.363039,240.5062,42.11466,12.07515,-18.7957,42.94601,1000,34.76984,-84.03099,31,394,478.5892,30,3.02,17.31,166.03
10/4/2031,10.04347,356.1233,47.82943,11.61899,-18.56905,41.80703,1000,34.76984,-84.03099,31,206,278.7802,68,8.22,161.09,109.4
10/5/2031,13.28583,214.1656,62.15382,8.824085,-18.59252,36.24069,1000,34.76984,-84.03099,31,371,633.6161,16,6.91,12.04,321.98
10/6/2031,7.085296,138.8388,42.57838,15.15919,-19.46789,49.78626,1000,34.76984,-84.03099,31,371,397.7443,80,3.05,79.49,192.17
10/7/2031,3.644102,180.4234,51.64476,9.607415,-19.38582,38.60065,1000,34.76984,-84.03099,31,343,468.1918,26,3.94,19.29,482.04
10/8/2031,14.52829,99.14129,55.44444,12.74847,-17.54029,43.03724,1000,34.76984,-84.03099,31,211,791.7978,68,6.05,59.41,291.79
10/9/2031,5.285398,212.1945,73.06366,14.48169,-16.76085,45.72422,1000,34.76984,-84.03099,31,356,370.6774,51,4.09,96.76,494.33
10/10/2031,19.14848,317.9546,59.93463,10.79058,-19.30599,40.88714,1000,34.76984,-84.03099,31,204,519.1541,61,9.05,49.42,64.06
10/11/2031,8.718585,160.5489,43.77667,5.721168,-19.43117,30.8735,1000,34.76984,-84.03099,31,267,593.1909,77,6.56,58.51,360.79
10/12/2031,2.532551,192.9981,43.42275,15.47964,-18.82176,49.78104,1000,34.76984,-84.03099,31,270,600.5024,44,2.08,114.75,211.07
10/13/2031,6.667775,317.0299,51.68233,7.806196,-8.262955,23.87535,1000,34.76984,-84.03099,31,275,427.0594,98,7.2,136.91,32.28
10/14/2031,19.15751,44.1656,50.15379,13.85319,-18.7063,46.41268,1000,34.76984,-84.03099,31,346,690.0757,16,8.47,125.23,434.57
10/15/2031,17.40237,217.2892,55.59503,16.53718,-16.13647,49.21082,1000,34.76984,-84.03099,31,221,281.0049,94,5.42,161.19,149.26
10/16/2031,5.297252,51.89508,50.76306,17.61022,-10.37437,45.59482,1000,34.76984,-84.03099,31,132,227.0516,16,8.12,181.44,292.65
10/17/2031,7.02321,111.3181,41.10505,13.77326,-18.62433,46.17085,1000,34.76984,-84.03099,31,487,595.4727,70,3.18,195.91,137.56
10/18/2031,4.312403,100.275,61.99316,12.82703,-19.48325,45.1373,1000,34.76984,-84.03099,31,122,840.6046,77,0.14,104.62,200.66
10/19/2031,11.54735,245.0273,54.81665,3.511238,-17.30546,24.32794,1000,34.76984,-84.03099,31,373,581.3059,81,4.57,151.34,31.2
10/20/2031,1.417685,249.7359,51.3411,18.25127,-12.89219,49.39472,1000,34.76984,-84.03099,31,178,801.6101,40,0.4,47.55,441.62
10/21/2031,15.88404,4.409981,44.20797,12.29921,-17.87478,42.47319,1000,34.76984,-84.03099,31,189,697.5577,7,9.49,159.8,61.38
10/22/2031,4.751654,162.5909,59.20534,13.95167,-19.2743,47.17763,1000,34.76984,-84.03099,31,309,647.5687,37,5.93,172.75,424.59
10/23/2031,14.85971,297.6725,81.44761,4.611637,-19.78483,29.00811,1000,34.76984,-84.03099,31,344,739.1791,17,0.9,168.02,172.17
10/24/2031,5.140056,120.3867,55.27255,13.54859,-17.83389,44.93106,1000,34.76984,-84.03099,31,257,370.1847,93,7.58,75.89,438.61
10/25/2031,6.128264,105.0735,60.24643,16.16941,-15.24212,47.58095,1000,34.76984,-84.03099,31,251,243.0762,24,2.37,128.1,213.79
10/26/2031,7.587005,5.809364,62.33279,12.23954,-18.6512,43.13027,1000,34.76984,-84.03099,31,478,66.08391,5,1.22,146.33,142.18
10/27/2031,14.05097,134.7826,68.26352,16.69088,-16.12861,49.51036,1000,34.76984,-84.03099,31,237,441.3401,50,7.33,69,431.61
10/28/2031,19.2034,6.674495,40.54952,13.31651,-18.24696,44.87997,1000,34.76984,-84.03099,31,398,186.3791,28,3.79,51.24,235.57
10/29/2031,14.07978,325.8952,52.43346,16.07123,-15.65083,47.79329,1000,34.76984,-84.03099,31,122,524.4781,43,9.99,1.2,492.4
10/30/2031,9.136991,167.3306,37.9184,14.51796,-15.71051,44.74643,1000,34.76984,-84.03099,31,307,658.9169,8,6.24,161.85,406.8
10/31/2031,11.6531,193.2678,37.80862,15.8032,-16.93754,48.54394,1000,34.76984,-84.03099,31,235,521.4675,12,5.55,153.6,481.53
11/1/2031,12.9906,270.469,52.78795,14.05391,-19.88342,47.99125,1000,34.76984,-84.03099,31,450,262.3844,7,7.43,150.5,8.97
11/2/2031,2.486839,25.73629,55.74079,13.77496,-18.9806,46.53051,1000,34.76984,-84.03099,31,132,410.9919,19,3.3,172.29,88.19
11/3/2031,1.957507,260.7404,45.73185,11.91448,-19.79645,43.6254,1000,34.76984,-84.03099,31,179,504.8396,13,3.68,11.02,28.94
11/4/2031,14.12416,30.16314,56.77074,13.09588,-18.16869,44.36044,1000,34.76984,-84.03099,31,259,440.0742,60,8.76,163.74,68.87
11/5/2031,2.409039,340.2838,42.48866,10.2842,-17.4695,38.03789,1000,34.76984,-84.03099,31,314,600.8866,44,0.36,187.6,81.03
11/6/2031,0.3496099,142.4204,61.39511,1.716557,-13.23045,16.66357,1000,34.76984,-84.03099,31,159,510.9263,49,4.67,93.6,458.01
11/7/2031,11.37312,6.033597,45.71103,15.72985,-18.14497,49.60467,1000,34.76984,-84.03099,31,374,381.8329,49,6.47,95.5,12.32
11/8/2031,2.823749,66.71516,58.64028,12.79528,-18.33014,43.9207,1000,34.76984,-84.03099,31,82,483.4424,92,1.35,76.12,229.07
11/9/2031,3.024824,88.14859,53.10665,16.57567,-10.82849,43.97982,1000,34.76984,-84.03099,31,430,180.0764,76,8.62,138.25,59.14
11/10/2031,10.91229,93.20872,70.50666,14.93724,-17.43225,47.30672,1000,34.76984,-84.03099,31,99,691.8959,60,4.71,5.18,96.61
11/11/2031,11.15167,206.4259,56.42146,13.17746,-18.01695,44.37186,1000,34.76984,-84.03099,31,377,433.756,3,5.93,4.84,64.82
11/12/2031,15.75836,146.2454,48.44191,10.93431,-19.42255,41.29116,1000,34.76984,-84.03099,31,218,620.6842,61,6.66,188.82,479.49
11/13/2031,18.77605,10.14755,47.63739,11.92299,-18.13287,41.97884,1000,34.76984,-84.03099,31,262,680.8688,81,1.08,184.05,192.76
11/14/2031,7.744595,244.9305,31.73011,7.623659,-17.63158,32.8789,1000,34.76984,-84.03099,31,273,701.9481,60,0.19,111.24,475.78
11/15/2031,12.73396,91.44769,47.21148,0.8338528,-16.88532,18.55302,1000,34.76984,-84.03099,31,118,261.7757,31,5.67,133.18,422.54
11/16/2031,9.17318,162.8892,66.27654,15.07026,-15.44178,45.58231,1000,34.76984,-84.03099,31,316,506.5335,29,1.6,71.97,454.63
11/17/2031,6.515163,234.7459,28.94331,12.10124,-14.00302,38.20549,1000,34.76984,-84.03099,31,301,123.3932,73,9.77,99.05,399.68
11/18/2031,19.43595,163.3727,67.74794,13.8471,-10.8613,38.5555,1000,34.76984,-84.03099,31,244,361.4752,49,1.64,138.63,174.18
11/19/2031,17.0874,126.355,48.6658,6.337887,-19.23685,31.91262,1000,34.76984,-84.03099,31,476,786.2869,23,9.04,10.28,311.66
11/20/2031,10.85077,182.7957,59.33488,14.33648,-17.59771,46.27068,1000,34.76984,-84.03099,31,476,636.5377,67,5.07,82.16,228.82
11/21/2031,3.552079,169.9646,42.20815,13.64576,-18.16781,45.45933,1000,34.76984,-84.03099,31,410,685.637,44,9.84,70.61,11.74
11/22/2031,12.32893,272.4731,82.12746,16.59725,-15.3642,48.55869,1000,34.76984,-84.03099,31,402,656.8459,35,1.86,114.32,236.06
11/23/2031,1.520984,152.3405,55.73996,12.19918,-18.37769,42.77605,1000,34.76984,-84.03099,31,153,849.9817,99,9.43,53.64,436.5
11/24/2031,6.309296,101.3964,64.82954,9.184868,-19.68027,38.05,1000,34.76984,-84.03099,31,160,602.311,5,0.29,165.89,219.02
11/25/2031,15.96319,200.7174,60.83605,14.29954,-17.2751,45.87418,1000,34.76984,-84.03099,31,232,651.6466,60,0.56,78.36,243.47
11/26/2031,8.522726,119.357,30.16414,13.78011,-17.20211,44.76233,1000,34.76984,-84.03099,31,425,375.7335,8,8.74,158.27,294.76
11/27/2031,3.082433,355.4637,57.05307,15.46296,-16.70363,47.62955,1000,34.76984,-84.03099,31,342,582.0375,61,3.81,10.19,390.94
11/28/2031,2.873242,235.6664,60.69341,6.435072,-17.61484,30.48498,1000,34.76984,-84.03099,31,222,528.6139,71,1.06,145.3,343.87
11/29/2031,8.699554,49.51778,58.64251,14.73717,-17.78,47.25435,1000,34.76984,-84.03099,31,109,429.7961,36,1.83,142.15,378.26
11/30/2031,14.08837,324.3838,55.03199,13.98873,-19.94472,47.92218,1000,34.76984,-84.03099,31,378,860.0281,45,3.86,1.88,399.05
12/1/2031,4.656761,30.45792,35.55188,9.065364,-14.74393,32.87466,1000,34.76984,-84.03099,31,307,737.0625,82,8.4,71.95,61.75
12/2/2031,13.15127,343.7924,43.83473,16.22763,-11.20727,43.66253,1000,34.76984,-84.03099,31,500,306.18,77,7.19,157.54,217.33
12/3/2031,19.36131,322.7185,59.10987,13.89731,-19.11674,46.91137,1000,34.76984,-84.03099,31,500,745.99,58,6.84,174.52,165.86
12/4/2031,6.268648,19.91208,21.60308,10.16003,-19.95663,40.2767,1000,34.76984,-84.03099,31,584,386.5779,49,3.68,16.17,408.86
12/5/2031,16.48067,124.4643,46.87152,14.0242,-19.59364,47.64203,1000,34.76984,-84.03099,31,95,742.0399,1,5.51,160.59,286.11
12/6/2031,5.934867,217.4223,40.6814,12.21024,-16.61144,41.03192,1000,34.76984,-84.03099,31,312,396.0555,14,7.17,175.48,49.52
12/7/2031,0.4658961,322.1842,58.2908,10.08418,-17.57027,37.73863,1000,34.76984,-84.03099,31,338,799.9832,25,3.77,93.08,312.28
12/8/2031,11.28522,95.23161,41.8168,16.38878,-15.21162,47.98917,1000,34.76984,-84.03099,31,106,769.6673,35,0.79,189.98,15.27
12/9/2031,16.62784,34.73654,74.67407,14.42783,-17.90532,46.76098,1000,34.76984,-84.03099,31,270,90.10381,71,2.43,69.47,41.28
12/10/2031,7.958709,300.6559,36.64017,13.13776,-19.70451,45.98003,1000,34.76984,-84.03099,31,333,525.7716,65,5.42,166.43,352.82
12/11/2031,0.4455304,265.7059,66.21452,4.345929,-17.93418,26.62604,1000,34.76984,-84.03099,31,145,595.6613,91,8.75,83.91,213.12
12/12/2031,17.41957,103.1678,51.65857,14.00523,-18.03007,46.04054,1000,34.76984,-84.03099,31,188,708.9132,99,6.91,165.86,36.99
12/13/2031,11.77849,67.97349,40.47163,16.81216,-11.82778,45.45211,1000,34.76984,-84.03099,31,119,458.114,44,4.29,190.03,326.12
12/14/2031,19.61409,37.76302,58.49933,11.10098,-19.31301,41.51497,1000,34.76984,-84.03099,31,444,438.5007,79,8.57,199.04,269.31
12/15/2031,2.359018,146.238,32.43685,9.34556,-18.56021,37.25134,1000,34.76984,-84.03099,31,174,259.8857,25,3.55,47.21,344
12/16/2031,14.7381,243.2923,55.68768,13.27528,-18.50904,45.05959,1000,34.76984,-84.03099,31,191,610.894,65,5.15,142.74,354.71
12/17/2031,11.40205,157.5629,54.69733,8.408823,-18.37653,35.19417,1000,34.76984,-84.03099,31,249,238.9434,13,9.45,110.68,228.1
12/18/2031,4.700131,164.0324,42.79692,12.94739,-16.16861,42.06339,1000,34.76984,-84.03099,31,381,573.2517,84,6.51,194.57,314.86
12/19/2031,6.338597,230.0081,24.7032,4.369385,-19.89501,28.63378,1000,34.76984,-84.03099,31,266,430.6217,80,7.57,132.76,144.74
12/20/2031,7.766603,274.4316,73.3018,16.87452,-12.35459,46.10364,1000,34.76984,-84.03099,31,341,839.5948,15,8.03,58.08,360.27
12/21/2031,16.6594,52.47379,47.78818,12.76439,-19.80019,45.32896,1000,34.76984,-84.03099,31,212,890.6685,49,1.88,60.36,361.53
12/22/2031,3.99009,25.89881,46.38507,13.54362,-12.66838,39.75562,1000,34.76984,-84.03099,31,266,669.7383,27,3.73,127.38,343.81
12/23/2031,4.42606,320.9233,47.5857,11.92258,-17.89071,41.73587,1000,34.76984,-84.03099,31,247,349.6852,33,8.11,147.78,56.54
12/24/2031,7.529725,151.4081,45.75039,15.32837,-13.71508,44.37182,1000,34.76984,-84.03099,31,216,447.2577,4,2.74,13.33,255.4
12/25/2031,8.937512,247.591,34.13464,11.85431,-15.93033,39.63895,1000,34.76984,-84.03099,31,202,681.2562,54,4.83,89.96,287.01
12/26/2031,8.225349,135.8388,41.10534,17.22198,-12.8432,47.28717,1000,34.76984,-84.03099,31,140,793.95,75,3.32,20.63,456.47
12/27/2031,0.6067896,201.0672,52.55253,14.12871,-18.50346,46.76089,1000,34.76984,-84.03099,31,374,461.4088,38,3.3,61.95,314.28
12/28/2031,1.687274,44.36039,56.87974,9.977513,-16.70573,36.66076,1000,34.76984,-84.03099,31,304,717.0831,61,9.95,181.81,95.49
12/29/2031,18.72145,81.39603,44.26899,6.549129,-19.73524,32.8335,1000,34.76984,-84.03099,31,294,188.0558,88,2.58,33.02,276.06
12/30/2031,3.234599,289.5561,32.37173,3.399094,-16.88723,23.68542,1000,34.76984,-84.03099,31,198,402.7365,71,5.26,101.13,118.99
12/31/2031,0.117991,7.571726,40.05429,14.85892,-14.37623,44.09406,1000,34.76984,-84.03099,31,279,522.2037,53,3.46,163.06,170.77
1/1/2032,9.61296,273.6053,58.53191,12.76893,-18.85996,44.39781,1000,34.76984,-84.03099,32,264,482.7219,15,6.75,96.83,429.01
1/2/2032,5.308467,232.8664,37.21589,12.44221,-15.78563,40.67006,1000,34.76984,-84.03099,32,150,394.1483,12,0.91,191.48,212.09
1/3/2032,10.44524,343.139,57.1658,14.10286,-18.51175,46.71746,1000,34.76984,-84.03099,32,89,604.7767,40,6.05,192.66,226.83
1/4/2032,8.655204,10.86333,36.71718,14.67973,-19.63782,48.99728,1000,34.76984,-84.03099,32,520,329.4843,100,3.92,108.36,227.33
1/5/2032,17.31232,118.2266,51.62202,12.94005,-19.48706,45.36716,1000,34.76984,-84.03099,32,153,244.9723,80,5.92,13.79,447.96
1/6/2032,7.711104,220.3129,48.32135,15.2514,-14.07403,44.57684,1000,34.76984,-84.03099,32,484,426.5806,79,5.96,25.51,176.41
1/7/2032,13.98625,313.3559,58.00389,16.08608,-11.22162,43.39379,1000,34.76984,-84.03099,32,60,511.7327,89,4.03,186.35,54.96
1/8/2032,10.75086,59.32759,60.35469,11.79523,-19.89656,43.48702,1000,34.76984,-84.03099,32,384,552.5108,52,2.35,27.34,177.07
1/9/2032,3.632338,309.4686,56.56858,12.43178,-10.48632,35.34989,1000,34.76984,-84.03099,32,210,390.9282,5,7.68,58.85,329.13
1/10/2032,10.4432,5.130572,76.10935,17.95722,-12.16815,48.08259,1000,34.76984,-84.03099,32,372,412.3565,17,6.38,50.04,381.95
1/11/2032,19.95471,98.5182,31.88505,15.40703,-17.9318,48.74587,1000,34.76984,-84.03099,32,215,291.8383,57,8.42,118.22,448.74
1/12/2032,1.156402,37.67088,69.28333,8.241711,-18.86209,35.34551,1000,34.76984,-84.03099,32,65,629.8185,96,0.62,117.45,2.53
1/13/2032,15.98144,47.65251,46.0816,11.83978,-16.44052,40.12007,1000,34.76984,-84.03099,32,331,122.9906,1,5.24,135.5,248.29
1/14/2032,8.926741,116.9687,50.20049,13.58259,-19.46522,46.6304,1000,34.76984,-84.03099,32,343,170.2678,90,5.14,68.2,393.03
1/15/2032,10.98271,97.69616,56.34335,8.704446,-17.60007,35.00896,1000,34.76984,-84.03099,32,272,494.6256,86,2.65,189.8,53.2
1/16/2032,13.021,277.1137,44.82225,13.24976,-19.22417,45.72368,1000,34.76984,-84.03099,32,426,669.0594,36,6.56,134.46,24.1
1/17/2032,1.853852,315.6856,46.50429,14.58184,-11.16388,40.32757,1000,34.76984,-84.03099,32,164,520.0567,58,0.32,125.82,199.18
1/18/2032,2.938311,229.9297,63.33216,4.187352,-18.98158,27.35629,1000,34.76984,-84.03099,32,276,564.4374,30,9.46,122.01,41.93
1/19/2032,14.45019,329.6854,76.89001,17.265,-14.30351,48.8335,1000,34.76984,-84.03099,32,324,297.9033,5,8.45,193.3,228.93
1/20/2032,15.36114,307.1877,28.87653,9.893167,-18.3792,38.16553,1000,34.76984,-84.03099,32,187,409.6159,39,6.14,195.09,168.37
1/21/2032,3.871768,8.190093,37.76462,14.91137,-17.46349,47.28623,1000,34.76984,-84.03099,32,166,394.8324,68,1.95,194.61,52.44
1/22/2032,14.35135,123.3806,49.11525,14.35335,-16.32467,45.03137,1000,34.76984,-84.03099,32,370,542.7483,74,1.18,13.49,91.92
1/23/2032,18.26912,53.19288,55.43266,9.604939,-16.79393,36.00381,1000,34.76984,-84.03099,32,159,853.2092,37,8.2,127.03,339.09
1/24/2032,5.852366,157.9379,40.6739,13.18879,-17.42072,43.7983,1000,34.76984,-84.03099,32,384,473.5341,47,0.69,18.87,171.81
1/25/2032,7.1412,199.0487,44.33406,16.33511,-16.32332,48.99353,1000,34.76984,-84.03099,32,113,363.2713,56,3.56,91.61,254.18
1/26/2032,16.9696,322.4927,43.4992,14.06529,-19.69578,47.82637,1000,34.76984,-84.03099,32,57,902.3625,22,6.19,20.53,339.49
1/27/2032,2.353704,212.1692,48.16092,10.13652,-19.94956,40.2226,1000,34.76984,-84.03099,32,462,915.4622,76,6.91,124.13,210.23
1/28/2032,12.70499,250.7328,38.83543,16.44128,-16.56273,49.44529,1000,34.76984,-84.03099,32,129,569.1428,82,7.18,16.8,397.85
1/29/2032,12.80474,18.74748,58.48033,2.901053,-19.4189,25.221,1000,34.76984,-84.03099,32,307,352.7484,4,4.1,156.87,13.05
1/30/2032,17.99903,54.73693,39.70672,12.17626,-17.2791,41.63163,1000,34.76984,-84.03099,32,307,419.4266,33,3.78,186.68,479.75
1/31/2032,12.10242,171.0723,48.19978,14.96585,-19.69447,49.62617,1000,34.76984,-84.03099,32,387,626.5735,27,6.3,100.61,147.32
2/1/2032,3.624578,22.69522,58.77365,11.85285,-14.61518,38.32089,1000,34.76984,-84.03099,32,188,559.3102,22,1.77,120.1,321.77
2/2/2032,15.06296,204.123,68.90852,13.76427,-9.610816,37.13936,1000,34.76984,-84.03099,32,222,617.2605,84,9.75,23.07,64.73
2/3/2032,0.8890247,59.54023,58.14486,15.8615,-14.92841,46.65141,1000,34.76984,-84.03099,32,360,578.9377,55,0.94,62.92,188.25
2/4/2032,14.87067,111.2443,60.14508,14.2992,-18.50942,47.10782,1000,34.76984,-84.03099,32,134,657.7014,44,3.72,31.7,27.9
2/5/2032,2.427201,79.58045,51.4461,16.21844,-16.45731,48.8942,1000,34.76984,-84.03099,32,414,283.3556,60,5.1,47.1,374.75
2/6/2032,6.227292,160.5117,61.48071,9.033869,-19.4029,37.47063,1000,34.76984,-84.03099,32,372,220.185,22,9.87,132.79,220.05
2/7/2032,17.03032,291.93,34.73145,12.51976,-19.72696,44.76648,1000,34.76984,-84.03099,32,282,650.7472,86,9.3,145.26,278.38
2/8/2032,7.502585,16.03352,46.197,12.90256,-19.95675,45.76187,1000,34.76984,-84.03099,32,229,394.1997,80,0.26,64.78,14.03
2/9/2032,7.485055,62.73018,56.94696,10.22288,-19.9649,40.41066,1000,34.76984,-84.03099,32,159,146.0413,52,6.86,70.1,425.27
2/10/2032,12.24596,270.8277,45.61623,5.430339,-16.77888,27.63956,1000,34.76984,-84.03099,32,447,436.5785,32,1.98,171.06,316.03
2/11/2032,4.647191,270.6283,45.1902,13.94531,-17.9991,45.88971,1000,34.76984,-84.03099,32,218,611.6884,64,8.36,21.56,2.38
2/12/2032,2.771661,96.7252,55.41077,16.86218,-14.6331,48.35745,1000,34.76984,-84.03099,32,320,443.4721,15,4.93,135.93,64.35
2/13/2032,13.39964,359.0157,63.15779,13.84367,-16.65322,44.34056,1000,34.76984,-84.03099,32,234,543.8044,71,2.4,101.89,308.13
2/14/2032,1.549098,330.159,51.03653,16.32684,-6.893626,39.54731,1000,34.76984,-84.03099,32,216,586.8097,37,1.41,84.34,164.12
2/15/2032,13.50677,216.3007,54.32371,14.19856,-18.18666,46.58378,1000,34.76984,-84.03099,32,294,420.7834,26,8.38,70.25,381.65
2/16/2032,8.176809,112.7026,63.55753,15.01414,-19.58978,49.61806,1000,34.76984,-84.03099,32,307,527.5734,31,0.32,163.13,387.29
2/17/2032,19.79,209.0267,52.978,17.69088,-14.5783,49.96005,1000,34.76984,-84.03099,32,76,404.2097,93,9.35,89.36,445.55
2/18/2032,9.33803,86.39653,64.02747,17.81258,-14.3482,49.97336,1000,34.76984,-84.03099,32,227,448.5195,46,6.93,157.39,152.64
2/19/2032,11.06859,43.40187,41.48833,5.751356,-19.23432,30.73703,1000,34.76984,-84.03099,32,421,608.1034,43,3.37,78.92,386.6
2/20/2032,16.49878,178.9722,62.80954,9.542722,-18.59299,37.67843,1000,34.76984,-84.03099,32,317,832.6492,13,9.11,115.09,440.24
2/21/2032,11.38143,1.631126,74.70293,14.08712,-17.15321,45.32745,1000,34.76984,-84.03099,32,343,528.1837,1,4.58,98.69,447.91
2/22/2032,2.00887,26.31097,49.11331,9.048231,-17.24319,35.33965,1000,34.76984,-84.03099,32,343,428.9111,14,0.63,183.84,329.14
2/23/2032,0.9639025,74.11784,55.83583,14.41279,-17.32206,46.14764,1000,34.76984,-84.03099,32,348,672.272,90,0.93,56.21,89.94
2/24/2032,5.015861,14.70353,55.45797,13.66306,-18.09685,45.42298,1000,34.76984,-84.03099,32,127,427.0692,30,2.15,97.1,8.81
2/25/2032,14.46909,172.3392,39.60125,6.438995,-18.20742,31.08541,1000,34.76984,-84.03099,32,340,290.4946,39,4.2,165.72,373.74
2/26/2032,11.75334,214.9647,50.19279,12.00207,-13.3155,37.31964,1000,34.76984,-84.03099,32,184,444.7753,23,8.91,103.14,51.61
2/27/2032,17.44598,167.9545,39.04499,10.86644,-15.40497,37.13784,1000,34.76984,-84.03099,32,232,884.2639,74,0.69,111.14,415.49
2/28/2032,6.803621,24.35506,19.35764,17.80525,-14.16827,49.77877,1000,34.76984,-84.03099,32,449,38.41508,91,9.46,59.77,498.78
2/29/2032,8.19511,354.7677,39.8982,13.15239,-15.23365,41.53842,1000,34.76984,-84.03099,32,260,710.1304,93,5.86,4.4,415.58
3/1/2032,19.77858,248.325,71.43571,12.64457,-19.59949,44.88863,1000,34.76984,-84.03099,32,410,288.3317,80,0.86,187.03,140.94
3/2/2032,12.72991,353.5287,56.14781,11.19952,-18.56488,40.96392,1000,34.76984,-84.03099,32,309,557.1971,84,0.93,192.83,52.56
3/3/2032,17.85723,33.93844,50.41617,8.263201,-15.08884,31.61525,1000,34.76984,-84.03099,32,148,288.1947,49,8.17,3.81,379.37
3/4/2032,16.7872,191.9252,41.70137,8.976407,-19.61977,37.57259,1000,34.76984,-84.03099,32,450,921.9157,87,7.06,176.77,379.63
3/5/2032,18.15776,116.2079,36.28715,18.10262,-13.36623,49.57147,1000,34.76984,-84.03099,32,240,231.0943,15,5.7,137,194.17
3/6/2032,3.970582,335.4314,64.60257,8.568606,-17.97288,35.11009,1000,34.76984,-84.03099,32,241,467.6258,55,9.08,146.05,265.26
3/7/2032,2.752559,221.4313,70.24625,8.918736,-19.57806,37.41553,1000,34.76984,-84.03099,32,135,362.9261,99,0.07,174,321.33
3/8/2032,16.03633,20.12438,24.68659,9.829782,-18.98727,38.64684,1000,34.76984,-84.03099,32,328,358.7289,53,5.48,138.39,164.48
3/9/2032,15.41118,317.637,50.98457,9.203726,-16.91098,35.31843,1000,34.76984,-84.03099,32,222,800.8269,76,9.22,91.43,84.54
3/10/2032,7.380148,161.1238,50.47787,8.068979,-18.60181,34.73977,1000,34.76984,-84.03099,32,217,837.4955,94,7.47,91.98,462.68
3/11/2032,16.18815,299.8358,31.80876,13.59376,-15.94901,43.13653,1000,34.76984,-84.03099,32,188,475.4439,41,7.13,42.96,231.13
3/12/2032,7.085949,231.8299,46.52385,13.10532,-19.80131,46.01195,1000,34.76984,-84.03099,32,127,654.9487,36,2.53,58.51,167.88
3/13/2032,1.54856,321.1545,74.88761,18.86193,-11.14958,48.87345,1000,34.76984,-84.03099,32,419,355.642,66,9.64,145.6,156.3
3/14/2032,19.93397,79.30751,40.38645,16.66826,-14.60462,47.94114,1000,34.76984,-84.03099,32,189,642.2605,30,8.26,65.92,420.94
3/15/2032,1.501153,234.8712,37.29091,14.13832,-19.60808,47.88472,1000,34.76984,-84.03099,32,368,565.2682,76,7.52,63.19,66.31
3/16/2032,13.12936,195.6563,50.32191,14.07341,-14.42311,42.56993,1000,34.76984,-84.03099,32,64,924.2351,21,5.91,169.66,230.57
3/17/2032,14.64741,116.7726,42.4045,14.25436,-14.37989,42.88861,1000,34.76984,-84.03099,32,337,473.9244,53,3.78,40.71,425.19
3/18/2032,10.4314,149.6153,57.09062,14.47068,-19.97101,48.91238,1000,34.76984,-84.03099,32,215,595.2121,29,5.88,35.51,83.45
3/19/2032,2.355464,279.4128,48.57205,15.76021,-17.05468,48.57511,1000,34.76984,-84.03099,32,375,496.9441,66,3.68,137.28,435.58
3/20/2032,3.135808,306.8533,44.20731,14.2553,-17.74054,46.25115,1000,34.76984,-84.03099,32,176,290.7207,34,4.33,190.69,352.95
3/21/2032,16.1962,357.2825,58.14783,18.35236,-11.66475,48.36948,1000,34.76984,-84.03099,32,217,375.9467,52,7.94,194.79,150.13
3/22/2032,10.48432,128.8827,63.19693,18.57549,-12.75409,49.90507,1000,34.76984,-84.03099,32,236,563.3618,60,5.33,189.67,396.39
3/23/2032,12.51167,53.12954,40.31529,17.08973,-9.475101,43.65456,1000,34.76984,-84.03099,32,186,240.0539,59,6.87,81.12,93.17
3/24/2032,18.54099,124.9627,55.06189,10.02616,-18.93665,38.98896,1000,34.76984,-84.03099,32,59,839.7675,37,6.23,37.89,347.99
3/25/2032,14.87367,92.81712,62.13594,15.26337,-17.6345,48.16124,1000,34.76984,-84.03099,32,377,238.8791,63,3.44,188.52,104.59
3/26/2032,11.9771,347.0461,61.49359,9.364858,-18.41379,37.14351,1000,34.76984,-84.03099,32,136,577.342,98,7.87,72.55,121.72
3/27/2032,9.052209,39.62284,60.06775,3.436467,-16.96682,23.83975,1000,34.76984,-84.03099,32,500,427.5642,10,9.7,116.66,156.86
3/28/2032,5.978617,124.0613,50.244,16.60207,-15.83904,49.04317,1000,34.76984,-84.03099,32,92,424.6281,12,2.36,177.7,216.77
3/29/2032,19.01978,258.6868,40.24535,13.71825,-19.87809,47.31458,1000,34.76984,-84.03099,32,281,818.3665,0,7.69,8.46,239.57
3/30/2032,16.05631,34.65251,37.76094,15.18487,-18.25719,48.62692,1000,34.76984,-84.03099,32,193,140.3133,75,9.06,168.65,433.37
3/31/2032,18.71806,356.4342,50.2812,13.40792,-18.58248,45.39832,1000,34.76984,-84.03099,32,454,247.2958,74,2.57,89,131.65
4/1/2032,11.97676,174.086,52.3926,14.54883,-17.77357,46.87122,1000,34.76984,-84.03099,32,177,610.2963,63,9.59,127.71,229.85
4/2/2032,10.97749,186.6974,39.73146,16.96997,-15.87508,49.81503,1000,34.76984,-84.03099,32,23,369.6925,42,5.65,59.33,479.95
4/3/2032,3.555782,327.3225,60.76211,14.66681,-18.69544,48.02906,1000,34.76984,-84.03099,32,203,955.7969,32,0.1,109.05,486.12
4/4/2032,18.54035,234.8141,43.7809,12.35822,-19.89398,44.61043,1000,34.76984,-84.03099,32,248,572.0953,72,3.94,36.79,65.54
4/5/2032,3.014545,67.07771,61.31963,15.38196,-18.89738,49.6613,1000,34.76984,-84.03099,32,215,498.6339,57,1.99,14.76,418.87
4/6/2032,5.936342,211.8752,51.84392,12.94194,-15.24297,41.12685,1000,34.76984,-84.03099,32,382,518.8811,93,0.53,42.93,244.34
4/7/2032,1.098711,235.1754,64.27969,3.32998,-18.30124,24.96119,1000,34.76984,-84.03099,32,268,423.9303,3,1.45,78.81,258.5
4/8/2032,10.39278,18.49029,68.2056,14.95925,-18.72716,48.64566,1000,34.76984,-84.03099,32,254,777.4798,16,5.68,28.3,109.47
4/9/2032,5.248431,26.63159,60.47786,15.9934,-17.73744,49.72423,1000,34.76984,-84.03099,32,457,529.6248,9,7.66,144.14,483.1
4/10/2032,8.100404,147.9832,67.4536,13.09602,-17.33068,43.52272,1000,34.76984,-84.03099,32,316,560.8217,52,7.53,2.61,191.05
4/11/2032,8.104114,79.67702,54.55577,14.35042,-19.61786,48.31871,1000,34.76984,-84.03099,32,177,309.5891,45,4.06,64.61,7
4/12/2032,18.54305,281.1093,40.97303,10.00131,-12.84498,32.8476,1000,34.76984,-84.03099,32,188,816.7292,96,9.18,8.36,233.77
4/13/2032,19.05602,70.93936,39.22742,13.34986,-12.96183,39.66154,1000,34.76984,-84.03099,32,347,685.2424,6,9.9,180.68,189.71
4/14/2032,18.3221,104.1601,23.2173,17.69106,-13.03357,48.41569,1000,34.76984,-84.03099,32,415,201.7837,35,6.83,20.57,32.62
4/15/2032,3.661628,281.2459,51.68159,12.39454,-19.85367,44.64274,1000,34.76984,-84.03099,32,234,631.9167,74,7.1,112.47,138.06
4/16/2032,2.925553,79.40476,37.60376,14.26527,-14.84628,43.37682,1000,34.76984,-84.03099,32,75,146.2589,53,8.96,10.96,134.07
4/17/2032,12.38325,191.3051,63.91399,14.69992,-19.69058,49.09043,1000,34.76984,-84.03099,32,456,404.8595,55,3.56,142.55,411.1
4/18/2032,17.54193,279.2885,32.78469,16.0764,-15.51691,47.66972,1000,34.76984,-84.03099,32,122,386.5933,22,0.64,86.15,220.56
4/19/2032,17.95711,92.56082,42.51377,14.74911,-19.66069,49.15892,1000,34.76984,-84.03099,32,492,684.2495,52,0.01,60.03,99.78
4/20/2032,7.440385,219.2133,44.17751,11.15915,-12.88324,35.20154,1000,34.76984,-84.03099,32,492,148.8273,50,9.27,170.18,254.18
4/21/2032,9.487506,164.2043,74.47053,13.95632,-19.55209,47.46474,1000,34.76984,-84.03099,32,309,592.8528,99,1.86,127.31,351.42
4/22/2032,5.503326,192.171,38.15848,14.5626,-18.51343,47.63863,1000,34.76984,-84.03099,32,233,513.7404,31,3.29,0.64,200.27
4/23/2032,3.983231,250.3072,54.67171,10.63795,-19.26156,40.53746,1000,34.76984,-84.03099,32,206,861.0057,49,0.13,156.25,481.84
4/24/2032,15.91574,358.155,48.35788,12.4548,-17.38849,42.29809,1000,34.76984,-84.03099,32,347,788.3901,68,2.41,20.01,415.15
4/25/2032,18.49016,357.8529,59.91225,10.45399,-19.58715,40.49514,1000,34.76984,-84.03099,32,164,344.2117,89,3.07,105.91,45.46
4/26/2032,16.14343,107.8878,34.90499,11.58952,-18.06178,41.24082,1000,34.76984,-84.03099,32,426,135.1367,15,7.94,188.5,342.56
4/27/2032,4.491158,43.81322,48.26593,9.867718,-18.39746,38.1329,1000,34.76984,-84.03099,32,252,391.0029,94,9.14,109.58,45.05
4/28/2032,10.34866,78.96136,52.48191,11.68039,-18.28125,41.64203,1000,34.76984,-84.03099,32,267,802.1757,77,4.32,66.85,299.1
4/29/2032,3.081002,38.6181,44.84995,15.29426,-19.22308,49.8116,1000,34.76984,-84.03099,32,207,304.0757,34,5.4,133.47,396.43
4/30/2032,4.132237,165.9765,47.6549,13.96802,-18.12904,46.06508,1000,34.76984,-84.03099,32,109,560.6953,42,5.46,86.5,464.54
5/1/2032,3.006008,349.8444,54.45322,11.77718,-19.82336,43.37773,1000,34.76984,-84.03099,32,381,722.1301,54,2.42,146.03,433.37
5/2/2032,16.5355,15.83224,66.11179,12.56386,-19.48389,44.61162,1000,34.76984,-84.03099,32,306,185.6697,18,7.25,185.17,413.12
5/3/2032,5.159086,55.99804,42.79701,17.5673,-13.44797,48.58258,1000,34.76984,-84.03099,32,282,431.9427,23,7.24,44.05,394.56
5/4/2032,4.195533,60.35803,63.31957,5.133493,-18.66938,28.93637,1000,34.76984,-84.03099,32,220,334.4043,89,0.76,52.23,27.15
5/5/2032,4.658208,18.52866,46.02375,5.737834,-18.72445,30.20012,1000,34.76984,-84.03099,32,162,345.4478,44,1.25,134.71,212.71
5/6/2032,18.72089,295.3233,57.59746,10.40127,-19.67838,40.48092,1000,34.76984,-84.03099,32,279,107.4827,97,4.01,52.28,121.92
5/7/2032,7.095433,328.9741,49.0225,12.21599,-19.76424,44.19623,1000,34.76984,-84.03099,32,225,510.8559,28,5.23,125.65,413.32
5/8/2032,18.2916,183.5181,56.83041,14.66715,-19.77261,49.10691,1000,34.76984,-84.03099,32,204,722.9928,50,4.51,78.11,413.68
5/9/2032,6.143612,307.6641,60.55622,18.10937,-11.95118,48.16993,1000,34.76984,-84.03099,32,276,489.1525,17,1.06,134.08,441.77
5/10/2032,2.134159,317.9593,49.74225,14.61778,-13.71775,42.95332,1000,34.76984,-84.03099,32,274,917.0323,31,2.41,8.46,273.63
5/11/2032,8.529114,144.9852,54.12473,9.264586,-15.47302,34.0022,1000,34.76984,-84.03099,32,205,770.2167,13,7.29,145.85,217.77
5/12/2032,11.35028,278.7419,57.60695,12.00841,-17.64904,41.66586,1000,34.76984,-84.03099,32,434,466.3281,35,8.37,144.79,80.43
5/13/2032,9.73302,220.3792,50.37093,9.828179,-17.95588,37.61224,1000,34.76984,-84.03099,32,434,837.7714,72,9.27,24.45,224.03
5/14/2032,2.539196,97.42052,40.89541,14.36954,-19.97575,48.71482,1000,34.76984,-84.03099,32,457,677.811,70,3.71,15.89,61.96
5/15/2032,13.60643,218.5584,59.86569,17.05094,-10.56432,44.66619,1000,34.76984,-84.03099,32,135,954.1322,52,6.98,47.49,119.09
5/16/2032,9.179841,210.7576,53.20601,8.785263,-18.87111,36.44163,1000,34.76984,-84.03099,32,316,803.5651,25,8.48,3.84,11.31
5/17/2032,9.459234,213.7111,55.63395,12.47079,-16.9488,41.89037,1000,34.76984,-84.03099,32,218,684.5809,23,3.08,76.59,19.48
5/18/2032,1.536615,350.7172,29.3575,14.97398,-11.64622,41.59418,1000,34.76984,-84.03099,32,156,448.5823,93,1.48,95.19,132.58
5/19/2032,5.184728,125.5504,43.17245,12.45615,-18.03444,42.94675,1000,34.76984,-84.03099,32,391,245.2874,23,1.09,130.07,395.57
5/20/2032,15.64582,302.924,63.69361,12.43501,-16.88597,41.75598,1000,34.76984,-84.03099,32,259,717.6958,9,8.68,81.11,489.29
5/21/2032,12.3679,173.7555,56.40069,15.16279,-18.14134,48.46693,1000,34.76984,-84.03099,32,292,490.8013,42,9.32,56.88,359.44
5/22/2032,13.41273,198.995,33.33915,12.81616,-16.7687,42.40102,1000,34.76984,-84.03099,32,133,709.474,55,8.66,150.58,137.3
5/23/2032,18.05584,103.8751,34.66286,14.97036,-19.26462,49.20533,1000,34.76984,-84.03099,32,148,693.678,13,5.94,196.43,230.49
5/24/2032,16.7216,90.50848,52.79175,10.33755,-19.23908,39.91418,1000,34.76984,-84.03099,32,337,786.2555,39,0.57,189.38,185.99
5/25/2032,9.686786,321.5386,35.10078,17.58349,-14.14526,49.31223,1000,34.76984,-84.03099,32,33,573.1858,2,8,129.31,38.36
5/26/2032,17.44572,234.6802,33.40126,12.68303,-13.3273,38.69337,1000,34.76984,-84.03099,32,234,659.0195,2,1.71,61.99,151.47
5/27/2032,15.22318,148.8148,55.02048,15.83077,-17.82198,49.48353,1000,34.76984,-84.03099,32,226,350.619,72,3.15,84.67,335.52
5/28/2032,0.02831936,49.09498,66.00146,12.38619,-19.22536,43.99775,1000,34.76984,-84.03099,32,290,774.7991,5,8.27,145.65,396.05
5/29/2032,13.14238,273.6067,55.03333,14.15767,-15.43815,43.75349,1000,34.76984,-84.03099,32,127,100.173,6,8.31,64.31,189.38
5/30/2032,10.86307,352.6412,51.87819,14.14011,-16.31796,44.59819,1000,34.76984,-84.03099,32,233,418.5873,4,4.79,10.34,99.67
5/31/2032,1.219802,131.8216,70.08934,12.14341,-19.91593,44.20274,1000,34.76984,-84.03099,32,131,66.60349,81,7.81,61.11,313.67
6/1/2032,16.38467,324.1439,42.02633,12.94318,-13.22258,39.10894,1000,34.76984,-84.03099,32,361,436.9214,91,9.41,75.74,375.98
6/2/2032,2.954137,79.0362,75.51963,13.15956,-19.89644,46.21557,1000,34.76984,-84.03099,32,366,524.7889,26,1.31,70.66,21.85
6/3/2032,4.520111,317.7289,40.52968,16.02022,-16.19585,48.23629,1000,34.76984,-84.03099,32,206,835.6438,2,6.04,191.95,234.52
6/4/2032,19.27935,324.4276,46.95993,13.15277,-19.54407,45.84961,1000,34.76984,-84.03099,32,440,673.0754,76,8.34,76.17,366.67
6/5/2032,12.68184,15.54312,48.8211,10.55693,-10.13731,31.25117,1000,34.76984,-84.03099,32,82,563.2313,59,5.19,158.37,78.64
6/6/2032,8.61709,123.3795,53.40317,15.36493,-16.52297,47.25282,1000,34.76984,-84.03099,32,204,410.554,26,5.26,86.17,165.11
6/7/2032,19.50134,106.2344,37.60154,15.78832,-18.06727,49.64391,1000,34.76984,-84.03099,32,202,199.2237,49,5.04,179.27,243.26
6/8/2032,13.83487,314.1599,54.58595,15.32813,-14.84889,45.50515,1000,34.76984,-84.03099,32,445,140.5813,17,9.73,188.69,345.52
6/9/2032,3.406918,291.3755,60.48348,7.038164,-18.33979,32.41612,1000,34.76984,-84.03099,32,229,890.8933,74,0.77,119.18,293.08
6/10/2032,7.065831,195.7467,60.19989,15.8115,-16.39384,48.01683,1000,34.76984,-84.03099,32,314,399.6639,64,6.31,179.93,445.77
6/11/2032,1.875718,37.39304,50.16674,9.181905,-19.86023,38.22404,1000,34.76984,-84.03099,32,312,788.1285,34,1.45,192.7,9.38
6/12/2032,8.171068,280.0963,52.00497,15.22723,-18.46933,48.9238,1000,34.76984,-84.03099,32,339,446.6064,12,5.9,185.17,248.42
6/13/2032,14.09494,301.6448,28.95011,14.23221,-19.69768,48.1621,1000,34.76984,-84.03099,32,121,229.6082,69,4.33,84.16,145.8
6/14/2032,3.068635,334.0594,42.27604,8.161434,-14.36251,30.68537,1000,34.76984,-84.03099,32,334,488.2739,34,3.43,0.24,342
6/15/2032,15.96338,70.24787,65.04388,12.86627,-18.99618,44.72873,1000,34.76984,-84.03099,32,123,617.6621,20,7.51,5.72,218.29
6/16/2032,0.3483486,59.93115,34.83751,16.41167,-11.70273,44.52607,1000,34.76984,-84.03099,32,465,775.3326,51,4.44,149.81,8.35
6/17/2032,9.724461,288.1473,55.05977,10.94601,-19.73306,41.62508,1000,34.76984,-84.03099,32,96,801.8209,67,1.41,43.77,204.58
6/18/2032,7.111217,29.45293,74.74774,15.37041,-18.93123,49.67205,1000,34.76984,-84.03099,32,335,658.338,87,6.25,102.55,119.82
6/19/2032,8.571595,107.1125,37.19618,16.14896,-13.68171,45.97963,1000,34.76984,-84.03099,32,288,119.8158,19,4.84,160.26,218.59
6/20/2032,10.55861,237.5619,51.91473,9.166166,-12.67707,31.0094,1000,34.76984,-84.03099,32,199,593.4615,80,7.33,95.92,167.45
6/21/2032,10.72513,281.8986,45.47591,14.79197,-19.53664,49.12058,1000,34.76984,-84.03099,32,321,715.9478,56,7.83,30.87,126.46
6/22/2032,5.959319,355.0768,59.15792,14.91483,-17.53322,47.36288,1000,34.76984,-84.03099,32,98,650.9172,28,2.42,193.74,324.05
6/23/2032,10.34897,42.54567,60.30711,10.67548,-19.9006,41.25156,1000,34.76984,-84.03099,32,389,565.4312,28,2.14,64.39,339.58
6/24/2032,5.575062,93.57938,69.16744,12.13605,-16.32058,40.59268,1000,34.76984,-84.03099,32,260,620.099,89,5.16,189.86,13.16
6/25/2032,7.151264,9.048872,64.38174,6.357451,-16.87706,29.59196,1000,34.76984,-84.03099,32,84,616.3395,50,3.21,125,284.99
6/26/2032,19.57343,177.9299,37.03954,8.331151,-18.04537,34.70767,1000,34.76984,-84.03099,32,352,278.9608,44,0.65,66.37,476.07
6/27/2032,18.99011,333.2272,54.24916,13.43529,-18.25682,45.12741,1000,34.76984,-84.03099,32,115,546.8538,26,6.84,71.11,50.15
6/28/2032,16.75563,330.4022,48.7343,13.04016,-12.47213,38.55246,1000,34.76984,-84.03099,32,327,643.2745,51,7.93,30.46,207.78
6/29/2032,18.20044,305.2302,47.59604,9.275577,-17.85195,36.40311,1000,34.76984,-84.03099,32,417,470.159,15,4.47,44.16,369.91
6/30/2032,11.80947,105.4172,38.88791,10.77925,-17.36055,38.91906,1000,34.76984,-84.03099,32,216,657.5154,64,4.19,161.73,63.6
7/1/2032,5.706292,62.61018,20.77037,17.31974,-11.35539,45.99487,1000,34.76984,-84.03099,32,220,429.7725,77,8.99,130.87,452.75
7/2/2032,11.60643,328.3054,68.78214,6.913593,-19.09223,32.91941,1000,34.76984,-84.03099,32,182,904.4596,13,0.91,91.05,88.3
7/3/2032,0.5622482,133.0777,43.51463,17.82487,-12.32513,47.97488,1000,34.76984,-84.03099,32,313,531.2855,78,4.33,126.38,298.86
7/4/2032,4.172149,52.94724,60.5081,17.08987,-12.47614,46.65589,1000,34.76984,-84.03099,32,374,426.7507,34,7.23,180.37,247.04
7/5/2032,19.64945,149.9399,57.56323,16.54624,-14.69843,47.79092,1000,34.76984,-84.03099,32,180,814.1213,0,1.74,152.34,486.72
7/6/2032,19.85531,294.2789,29.53447,11.81853,-18.99274,42.62981,1000,34.76984,-84.03099,32,78,78.70555,62,7.6,137.29,429.9
7/7/2032,13.78155,297.2917,42.75692,13.70528,-18.24067,45.65123,1000,34.76984,-84.03099,32,256,744.8801,61,3.55,196.02,97.94
7/8/2032,10.50003,188.258,62.40124,16.56613,-14.33975,47.47202,1000,34.76984,-84.03099,32,100,642.921,31,7.13,60.81,495.67
7/9/2032,14.40897,312.9711,27.9017,12.08217,-19.4619,43.62623,1000,34.76984,-84.03099,32,362,467.2489,16,5.71,28.6,386.66
7/10/2032,9.916664,13.31281,52.04391,16.19843,-15.56741,47.96428,1000,34.76984,-84.03099,32,362,295.6033,78,5.32,160.38,171.53
7/11/2032,10.86668,131.6053,43.89147,14.1907,-17.9868,46.36819,1000,34.76984,-84.03099,32,444,628.9464,28,9.7,94.94,317.84
7/12/2032,12.43301,205.9106,45.77997,15.38869,-18.34475,49.12213,1000,34.76984,-84.03099,32,208,543.8245,1,6.5,109.43,475.9
7/13/2032,14.49002,348.8273,44.60875,7.893067,-19.03895,34.82509,1000,34.76984,-84.03099,32,269,609.593,75,1.12,6.31,91.82
7/14/2032,4.958754,274.6274,33.02065,12.35347,-18.9753,43.68224,1000,34.76984,-84.03099,32,357,238.9192,92,9.07,159.01,213.72
7/15/2032,1.803854,328.0783,61.82034,17.44106,-14.66832,49.55045,1000,34.76984,-84.03099,32,124,774.6039,99,3.89,26.35,422.6
7/16/2032,12.1526,255.2414,40.61842,15.7758,-16.42267,47.97427,1000,34.76984,-84.03099,32,324,480.5456,37,0.31,60.57,366.64
7/17/2032,2.464273,307.5907,66.03158,12.48762,-15.56481,40.54005,1000,34.76984,-84.03099,32,312,530.3308,73,4.89,1.29,61.55
7/18/2032,11.80304,254.4024,50.82951,15.09974,-17.34104,47.54053,1000,34.76984,-84.03099,32,253,192.1128,38,9.84,179.3,56.5
7/19/2032,16.88028,351.3326,38.80251,12.84015,-19.44812,45.12842,1000,34.76984,-84.03099,32,249,277.1512,79,5.1,154.21,419.34
7/20/2032,3.389046,285.2,42.93272,10.31061,-19.92706,40.54828,1000,34.76984,-84.03099,32,99,819.968,62,2.48,4.85,338.3
7/21/2032,7.098223,272.9103,74.28413,14.94244,-17.42582,47.3107,1000,34.76984,-84.03099,32,461,149.9842,60,2.6,25.43,417.3
7/22/2032,5.755678,41.85946,33.74453,8.48991,-18.64534,35.62516,1000,34.76984,-84.03099,32,219,406.3748,71,1.16,16.74,255.53
7/23/2032,14.17856,2.003932,32.13079,3.798035,-17.34201,24.93808,1000,34.76984,-84.03099,32,265,705.0795,26,5.28,55.78,425.3
7/24/2032,2.024066,137.0627,44.92386,11.15965,-18.78757,41.10687,1000,34.76984,-84.03099,32,65,291.2683,57,1.95,103.8,466.42
7/25/2032,2.824316,180.6436,39.7383,14.8998,-15.68606,45.48566,1000,34.76984,-84.03099,32,425,107.0797,39,4.56,2.18,365.5
7/26/2032,0.7250786,309.4287,57.67437,6.636336,-19.63309,32.90576,1000,34.76984,-84.03099,32,403,469.5475,71,6.76,183.8,303.65
7/27/2032,15.76272,129.0909,48.37491,15.80193,-13.48995,45.09381,1000,34.76984,-84.03099,32,288,360.4564,36,1.12,164.37,323.55
7/28/2032,0.9308076,16.12119,49.06527,15.91785,-18.12773,49.96342,1000,34.76984,-84.03099,32,188,134.95,66,3.51,52.34,127.27
7/29/2032,7.108289,311.4115,43.08842,7.725185,-19.09811,34.54848,1000,34.76984,-84.03099,32,187,501.0687,48,9.99,50.32,58.5
7/30/2032,5.018209,124.5326,59.66528,15.1608,-15.66156,45.98315,1000,34.76984,-84.03099,32,398,340.4357,33,5.7,120.47,389.72
7/31/2032,19.30491,156.3324,49.90622,13.07908,-19.94623,46.10439,1000,34.76984,-84.03099,32,151,676.0414,15,4.51,89.24,440.62
8/1/2032,11.6639,132.2317,40.80651,15.30301,-18.13836,48.74438,1000,34.76984,-84.03099,32,499,596.7007,13,2.86,115.76,302.1
8/2/2032,1.250188,74.04613,75.95575,14.95001,-17.72843,47.62844,1000,34.76984,-84.03099,32,499,206.3984,94,4.14,191.34,486.61
8/3/2032,17.64193,184.4688,48.86641,12.43026,-19.58495,44.44546,1000,34.76984,-84.03099,32,376,530.7957,72,2.3,84.57,23.86
8/4/2032,17.25057,164.4486,52.14238,13.06302,-17.12964,43.25568,1000,34.76984,-84.03099,32,147,804.7716,58,9.48,70.11,47.76
8/5/2032,9.431406,263.9878,53.34421,15.34939,-16.86697,47.56576,1000,34.76984,-84.03099,32,349,161.5754,17,4.44,183.93,65.35
8/6/2032,15.71861,319.061,42.22937,15.12107,-18.63362,48.87577,1000,34.76984,-84.03099,32,179,540.7912,36,9.03,54.25,322.54
8/7/2032,1.215448,77.96924,54.2168,7.872714,-16.84876,32.59419,1000,34.76984,-84.03099,32,310,529.8923,98,2.26,173.27,47.58
8/8/2032,9.517256,262.86,53.09759,12.9833,-14.12082,40.08741,1000,34.76984,-84.03099,32,257,260.5251,89,4.89,62.52,152.11
8/9/2032,1.541994,242.5156,43.46444,11.48393,-17.34582,40.31369,1000,34.76984,-84.03099,32,166,727.5006,73,5.61,146.86,284.45
8/10/2032,11.99867,353.4254,61.53894,7.475716,-18.84889,33.80032,1000,34.76984,-84.03099,32,266,198.1423,67,6.86,96.44,250.87
8/11/2032,5.306884,50.64079,50.33969,14.71817,-18.23694,47.67329,1000,34.76984,-84.03099,32,289,834.3246,84,0.6,118.63,484.22
8/12/2032,11.17574,213.8816,41.92004,14.06961,-19.27373,47.41295,1000,34.76984,-84.03099,32,104,250.951,54,6.75,34.51,328.19
8/13/2032,1.234984,24.95781,23.85457,14.22739,-18.96282,47.4176,1000,34.76984,-84.03099,32,484,491.9185,18,4.34,141.22,72.45
8/14/2032,10.94817,161.8493,43.7882,12.53416,-19.41376,44.48208,1000,34.76984,-84.03099,32,144,582.2477,6,9.14,2.23,486.72
8/15/2032,0.7339954,336.1022,61.84081,10.78974,-11.32729,32.90676,1000,34.76984,-84.03099,32,397,212.2909,17,9.34,46.36,91.18
8/16/2032,5.585838,226.8353,52.6702,16.02286,-14.23434,46.28006,1000,34.76984,-84.03099,32,168,383.3201,72,2.51,119.08,383.44
8/17/2032,0.9848833,213.0452,46.80307,12.02704,-16.7178,40.77189,1000,34.76984,-84.03099,32,427,657.8478,84,7.21,134.9,317.51
8/18/2032,1.270335,204.5742,44.46049,16.21207,-16.57055,48.9947,1000,34.76984,-84.03099,32,139,539.5821,15,0.05,41.99,490.08
8/19/2032,12.76822,304.7695,50.68802,14.11311,-19.42443,47.65064,1000,34.76984,-84.03099,32,197,753.5677,65,1.46,65.34,190.13
8/20/2032,11.88841,16.19732,28.14381,15.69494,-18.11767,49.50755,1000,34.76984,-84.03099,32,263,734.7539,58,0,133.01,168.43
8/21/2032,15.19623,119.7857,40.2193,8.268269,-19.50513,36.04166,1000,34.76984,-84.03099,32,348,215.6849,34,9.89,99.28,350.38
8/22/2032,16.60537,300.6241,41.44466,15.80805,-16.24866,47.86475,1000,34.76984,-84.03099,32,278,481.6351,91,5.33,12.16,79.91
8/23/2032,7.203053,174.3619,52.18483,16.18177,-16.20566,48.56919,1000,34.76984,-84.03099,32,261,567.4155,36,1.82,118.56,497.17
8/24/2032,1.677861,5.217261,45.47815,9.484445,-16.52258,35.49147,1000,34.76984,-84.03099,32,301,543.4581,83,2.05,70.29,27.39
8/25/2032,8.734437,178.5483,53.3567,14.46163,-19.30366,48.22693,1000,34.76984,-84.03099,32,99,821.3862,1,4.98,170.39,21.21
8/26/2032,4.397154,292.6446,51.4932,3.476438,-19.80147,26.75435,1000,34.76984,-84.03099,32,355,529.3962,65,8.43,161.76,295.97
8/27/2032,3.510792,330.0176,64.09113,12.25267,-19.91815,44.4235,1000,34.76984,-84.03099,32,269,376.7928,42,4.59,165.87,106.46
8/28/2032,2.666578,64.44379,34.85426,9.631533,-17.30569,36.56876,1000,34.76984,-84.03099,32,437,406.9215,33,7.08,17.27,495.77
8/29/2032,10.58676,38.19714,51.8246,13.46994,-18.49728,45.43717,1000,34.76984,-84.03099,32,230,402.1909,50,5.98,10.76,111.87
8/30/2032,15.83659,62.79438,49.16166,15.50317,-18.0199,49.02625,1000,34.76984,-84.03099,32,299,486.5266,65,1.02,92.1,214.58
8/31/2032,19.62561,307.0843,31.30432,13.89699,-18.01362,45.80759,1000,34.76984,-84.03099,32,384,324.1776,51,7.63,88.18,233.37
9/1/2032,3.201513,331.356,56.91566,4.515714,-19.83137,28.8628,1000,34.76984,-84.03099,32,163,290.7758,85,2.76,28,184.18
9/2/2032,6.287884,207.7117,43.06062,8.380774,-18.7257,35.48725,1000,34.76984,-84.03099,32,75,622.7454,63,5.81,64.3,462.11
9/3/2032,5.655576,83.98563,41.19159,10.5411,-17.29731,38.3795,1000,34.76984,-84.03099,32,473,203.2977,65,9.14,126.96,175.48
9/4/2032,2.19475,271.9027,46.499,15.45333,-17.34413,48.25078,1000,34.76984,-84.03099,32,145,344.0339,1,5.93,67.71,187.95
9/5/2032,6.71178,320.9368,54.61154,8.422853,-18.63006,35.47576,1000,34.76984,-84.03099,32,346,421.9105,15,6.52,88.02,123.57
9/6/2032,10.83491,213.4287,41.34454,15.04189,-15.81638,45.90016,1000,34.76984,-84.03099,32,171,212.3867,10,6.43,167.89,202.63
9/7/2032,14.2123,232.4828,42.59811,2.919464,-18.18147,24.0204,1000,34.76984,-84.03099,32,296,462.795,20,2.94,21.31,136.96
9/8/2032,16.19897,259.9078,42.17343,3.323024,-16.57469,23.22074,1000,34.76984,-84.03099,32,234,103.9771,74,1.8,147.59,321.86
9/9/2032,2.129662,45.93075,35.48502,11.45397,-19.75186,42.65979,1000,34.76984,-84.03099,32,164,521.7978,25,6.5,161.21,176.89
9/10/2032,5.094219,9.078355,61.72774,13.35974,-15.43585,42.15532,1000,34.76984,-84.03099,32,291,161.7534,8,7.77,131.97,46.88
9/11/2032,2.860003,163.6819,60.30385,14.18101,-17.55896,45.92097,1000,34.76984,-84.03099,32,29,484.4373,79,9.64,122.61,217.73
9/12/2032,11.41583,239.7967,75.68472,14.47555,-18.73093,47.68203,1000,34.76984,-84.03099,32,213,536.2289,40,8.67,6.25,186.32
9/13/2032,11.71752,335.9621,56.04294,11.8206,-14.27754,37.91875,1000,34.76984,-84.03099,32,183,199.6923,28,3.87,107.53,182.23
9/14/2032,13.33883,339.2751,67.97974,9.14314,-18.31722,36.6035,1000,34.76984,-84.03099,32,176,376.7571,55,0.84,99.33,223.8
9/15/2032,9.605831,80.97186,66.06448,13.77421,-19.79458,47.343,1000,34.76984,-84.03099,32,256,409.1209,35,2.11,166.98,364.92
9/16/2032,6.824738,221.028,38.7545,4.307553,-14.33224,22.94735,1000,34.76984,-84.03099,32,153,489.0764,36,7.57,149.78,454.29
9/17/2032,6.703071,29.73583,64.55803,9.516232,-19.43956,38.47202,1000,34.76984,-84.03099,32,366,153.5603,70,6.11,67.74,15.6
9/18/2032,13.46057,59.93433,59.39183,16.36516,-10.49906,43.22938,1000,34.76984,-84.03099,32,366,441.8284,89,4.86,152.35,340.03
9/19/2032,17.73354,162.6675,54.29219,7.963534,-12.35912,28.28619,1000,34.76984,-84.03099,32,193,803.6739,73,9.77,71.88,249.74
9/20/2032,17.22023,0.2389956,70.34844,10.56619,-16.36887,37.50126,1000,34.76984,-84.03099,32,217,121.5593,34,4.58,35.02,330.22
9/21/2032,9.486975,358.6558,48.91423,14.7978,-18.14395,47.73956,1000,34.76984,-84.03099,32,214,639.6631,50,8.97,14.95,157.6
9/22/2032,12.6024,188.7842,35.56647,11.75234,-19.26645,42.77113,1000,34.76984,-84.03099,32,409,706.9601,94,7.88,113.37,354.61
9/23/2032,7.123856,156.9004,32.52296,14.96973,-19.30612,49.24558,1000,34.76984,-84.03099,32,453,702.8406,89,6.83,60.8,446.75
9/24/2032,4.770846,55.59271,44.98869,15.38762,-16.35178,47.12702,1000,34.76984,-84.03099,32,55,521.7883,17,8.13,143.94,340
9/25/2032,14.80101,19.96774,54.24469,16.55883,-15.43782,48.55549,1000,34.76984,-84.03099,32,229,293.6314,2,8.32,120.66,381.97
9/26/2032,8.59635,117.9998,42.94119,13.44786,-16.55319,43.4489,1000,34.76984,-84.03099,32,333,506.7657,19,0.77,43.83,314.32
9/27/2032,14.65186,307.2006,46.81398,13.8226,-18.52618,46.17138,1000,34.76984,-84.03099,32,249,696.3864,98,6.45,59.27,442.13
9/28/2032,5.711674,176.9654,47.88858,15.53455,-14.94267,46.01177,1000,34.76984,-84.03099,32,520,280.0005,65,4.93,153.2,499.25
9/29/2032,9.312595,138.5891,52.26286,14.11383,-18.79337,47.02104,1000,34.76984,-84.03099,32,520,741.0414,58,2.79,183.96,199.08
9/30/2032,11.16488,327.2137,48.974,8.058376,-11.63769,27.75444,1000,34.76984,-84.03099,32,397,626.3197,99,2.46,191.52,416.61
10/1/2032,6.267375,20.33256,60.86919,4.112504,-18.71259,26.9376,1000,34.76984,-84.03099,32,56,409.6161,69,7.59,8.81,477.08
10/2/2032,14.37327,59.76507,44.25085,11.04299,-18.42329,40.50927,1000,34.76984,-84.03099,32,328,614.7203,27,2.12,158.76,162.11
10/3/2032,6.457776,143.4866,60.1953,10.19297,-19.88108,40.26702,1000,34.76984,-84.03099,32,263,403.6001,56,0.79,28.63,86.66
10/4/2032,7.086245,41.41983,45.73065,15.74113,-17.66149,49.14376,1000,34.76984,-84.03099,32,294,605.0614,32,7.76,95.76,320.06
10/5/2032,0.3154826,37.48591,55.5817,10.10681,-19.06346,39.27709,1000,34.76984,-84.03099,32,308,470.8319,57,8.71,124.58,14.82
10/6/2032,0.4992509,86.36971,28.72344,5.357695,-19.23075,29.94614,1000,34.76984,-84.03099,32,356,460.6031,22,4.83,23.66,343.37
10/7/2032,18.55758,19.33375,66.37009,9.398511,-12.44789,31.24491,1000,34.76984,-84.03099,32,229,528.5617,36,3.14,180.94,272.58
10/8/2032,18.47383,206.5274,29.13361,15.70572,-15.56853,46.97997,1000,34.76984,-84.03099,32,219,879.6619,5,7,110.52,156.62
10/9/2032,14.05676,258.9365,52.27705,2.581761,-19.53687,24.70039,1000,34.76984,-84.03099,32,127,796.3285,78,5.6,194.12,155.19
10/10/2032,0.9258842,281.7533,44.90756,17.85998,-12.45724,48.1772,1000,34.76984,-84.03099,32,371,439.4585,7,8.37,179.9,84.26
10/11/2032,2.008433,187.603,54.12651,13.23816,-19.94561,46.42192,1000,34.76984,-84.03099,32,244,566.4166,48,0.84,127.42,358.81
10/12/2032,1.894705,101.8683,45.13749,15.83759,-18.15643,49.83162,1000,34.76984,-84.03099,32,189,682.8391,58,0.69,158.39,94.75
10/13/2032,4.308929,338.525,52.60544,7.047874,-18.83318,32.92892,1000,34.76984,-84.03099,32,180,71.27023,7,3.49,94.52,65.88
10/14/2032,15.53575,271.5925,39.92825,14.61257,-19.80501,49.03015,1000,34.76984,-84.03099,32,213,245.0177,80,6.75,121.59,37.33
10/15/2032,18.82372,292.5057,67.3254,7.46245,-15.54479,30.46969,1000,34.76984,-84.03099,32,313,626.3096,89,0.72,0.82,223.38
10/16/2032,9.801198,239.7034,62.10091,12.28088,-13.73593,38.29768,1000,34.76984,-84.03099,32,216,526.3872,84,3.82,9.26,363.82
10/17/2032,2.884212,181.4533,49.19354,10.7925,-15.55511,37.14012,1000,34.76984,-84.03099,32,156,382.7896,71,6.32,160.64,79.81
10/18/2032,15.62351,49.78077,47.99381,8.763155,-19.63388,37.16019,1000,34.76984,-84.03099,32,158,477.6858,77,9.19,124.69,39.32
10/19/2032,1.280222,124.8099,64.48717,10.94548,-15.5631,37.45407,1000,34.76984,-84.03099,32,272,374.3329,44,5.13,78.42,229.05
10/20/2032,0.3351951,307.3652,49.7504,14.45952,-17.38387,46.3029,1000,34.76984,-84.03099,32,206,491.0157,41,5.64,10.57,279.65
10/21/2032,2.456782,15.62943,19.13958,15.48871,-14.03736,45.01477,1000,34.76984,-84.03099,32,501,363.759,72,8.51,189.72,236.9
10/22/2032,14.92476,358.925,49.27858,5.666013,-17.69884,29.03087,1000,34.76984,-84.03099,32,90,746.6758,95,1.42,7.62,327.98
10/23/2032,2.25615,304.5574,48.33243,8.659332,-15.48522,32.80388,1000,34.76984,-84.03099,32,370,216.5964,79,5.53,165.33,388.33
10/24/2032,8.108092,51.9277,45.51568,17.89966,-11.57556,47.37489,1000,34.76984,-84.03099,32,219,588.9406,34,3.7,153.96,421.49
10/25/2032,9.523739,280.6546,56.47408,13.47528,-13.07928,40.02983,1000,34.76984,-84.03099,32,405,545.2526,100,8.07,170.73,145.23
10/26/2032,1.234543,199.3081,34.42062,13.33441,-18.96035,45.62916,1000,34.76984,-84.03099,32,234,510.2849,1,1.91,110.46,111.94
10/27/2032,17.77005,150.4085,45.71247,16.14987,-15.09823,47.39798,1000,34.76984,-84.03099,32,204,258.1978,2,6.61,128.09,111.15
10/28/2032,6.320554,215.4038,46.10982,16.92731,-10.89925,44.75386,1000,34.76984,-84.03099,32,250,563.9893,44,3.11,55.37,77.87
10/29/2032,5.030466,28.72187,63.88181,15.80508,-17.92529,49.53546,1000,34.76984,-84.03099,32,152,828.3116,93,3.14,137.67,203.75
10/30/2032,5.815476,92.99165,41.21213,13.07863,-19.62831,45.78556,1000,34.76984,-84.03099,32,277,602.5755,82,5.99,59.53,96.91
10/31/2032,1.396816,71.74239,40.16502,12.61716,-9.977445,35.21177,1000,34.76984,-84.03099,32,336,708.9651,22,6.58,70.41,114.65
11/1/2032,14.30793,130.4126,46.03752,7.659362,-19.06788,34.3866,1000,34.76984,-84.03099,32,185,513.3033,50,2.16,130.37,263.13
11/2/2032,6.626758,184.5094,40.12784,14.37784,-17.78554,46.54123,1000,34.76984,-84.03099,32,460,342.2681,78,0.43,133.1,460.61
11/3/2032,15.76321,293.0286,42.9796,15.01975,-13.04002,43.07952,1000,34.76984,-84.03099,32,156,128.8929,56,8.41,66.04,26.55
11/4/2032,0.1417375,154.6405,45.5666,16.35395,-16.26228,48.97018,1000,34.76984,-84.03099,32,307,528.9898,4,8.12,27.33,22.24
11/5/2032,4.153373,252.6646,61.66198,16.84759,-12.91508,46.61027,1000,34.76984,-84.03099,32,251,514.526,48,7.71,60.75,494.79
11/6/2032,18.30706,151.4157,48.0757,16.17463,-17.54182,49.89108,1000,34.76984,-84.03099,32,260,676.5171,86,6.89,86.18,444.08
11/7/2032,14.94401,4.856944,34.92892,13.83788,-18.05632,45.73207,1000,34.76984,-84.03099,32,181,952.1324,78,0.61,161.02,493.83
11/8/2032,13.79638,342.4449,31.58274,8.933114,-19.47652,37.34275,1000,34.76984,-84.03099,32,80,400.8506,2,5.71,6.17,268.88
11/9/2032,0.8073926,236.1229,42.357,16.60598,-14.1795,47.39146,1000,34.76984,-84.03099,32,296,857.2411,2,1.09,127.03,261.64
11/10/2032,4.462745,322.4138,40.30892,13.55271,-19.7147,46.82012,1000,34.76984,-84.03099,32,352,704.4507,71,3.92,77.98,270.84
11/11/2032,13.51832,187.971,28.91804,13.68107,-19.18591,46.54805,1000,34.76984,-84.03099,32,286,535.2994,44,1.09,118.83,205.12
11/12/2032,9.73246,307.8556,69.01273,12.38841,-18.02476,42.80158,1000,34.76984,-84.03099,32,276,624.7097,37,5.34,88.39,413.03
11/13/2032,15.68114,271.1469,33.03987,15.63167,-17.75915,49.02248,1000,34.76984,-84.03099,32,251,549.9623,79,9.72,36.81,201.34
11/14/2032,11.85063,311.7326,33.74157,8.390757,-15.71262,32.49413,1000,34.76984,-84.03099,32,145,320.679,32,6.4,147.83,267.19
11/15/2032,6.952638,36.61469,56.8549,15.99854,-17.54562,49.54271,1000,34.76984,-84.03099,32,393,204.2116,86,5.51,37.48,370.84
11/16/2032,19.14326,176.2528,41.85809,11.61904,-19.78475,43.02283,1000,34.76984,-84.03099,32,144,809.9458,47,2.05,142.96,276.37
11/17/2032,3.672225,133.1462,66.40119,7.12947,-19.7345,33.99343,1000,34.76984,-84.03099,32,124,577.7338,81,6.46,124.87,136.81
11/18/2032,5.569092,219.3473,60.96801,10.88888,-19.69453,41.47229,1000,34.76984,-84.03099,32,409,318.5289,88,1.39,129.47,6.3
11/19/2032,3.66765,20.52495,52.31683,15.29715,-17.9798,48.57409,1000,34.76984,-84.03099,32,142,537.8022,39,10,40.08,406.37
11/20/2032,7.733149,319.527,49.82408,11.34123,-12.87441,35.55688,1000,34.76984,-84.03099,32,347,150.4337,64,0.81,83.05,99.27
11/21/2032,8.67133,119.7996,63.38407,14.68811,-18.29708,47.6733,1000,34.76984,-84.03099,32,252,190.7026,72,4.41,85.69,333.86
11/22/2032,5.050119,158.3292,49.43725,5.761525,-19.75249,31.27554,1000,34.76984,-84.03099,32,111,444.3437,72,4.75,74.5,161.99
11/23/2032,15.63209,266.8938,53.41582,14.59362,-15.99639,45.18364,1000,34.76984,-84.03099,32,327,589.1517,52,5.94,109.64,332.53
11/24/2032,5.139342,134.9746,58.69604,14.34366,-18.84245,47.52977,1000,34.76984,-84.03099,32,46,378.3566,37,1.76,44.69,142.98
11/25/2032,7.986604,133.3183,54.25352,3.107216,-16.41273,22.62716,1000,34.76984,-84.03099,32,494,752.1365,66,7.6,133.01,5.27
11/26/2032,13.04891,235.2942,29.71912,14.22575,-15.80796,44.25946,1000,34.76984,-84.03099,32,494,631.3412,11,4.25,55.33,322.72
11/27/2032,13.13497,164.2676,56.16729,12.83763,-16.69174,42.367,1000,34.76984,-84.03099,32,448,749.4535,9,4.16,14.88,220.64
11/28/2032,19.23697,232.9645,53.74417,10.15347,-19.39489,39.70184,1000,34.76984,-84.03099,32,331,408.2506,23,6.07,162.08,340.48
11/29/2032,8.599607,288.0114,35.07867,15.23483,-19.23618,49.70584,1000,34.76984,-84.03099,32,213,430.3778,83,3.2,81.92,467.87
11/30/2032,9.952668,218.5437,44.79376,12.66958,-15.8343,41.17346,1000,34.76984,-84.03099,32,411,786.0758,91,9.06,78.91,54.96
12/1/2032,4.091649,298.3877,50.7572,11.87026,-19.40257,43.1431,1000,34.76984,-84.03099,32,97,468.8489,98,8.59,61.56,451.52
12/2/2032,7.415513,108.5854,49.91582,16.30448,-16.69049,49.29944,1000,34.76984,-84.03099,32,347,766.5669,74,6.36,119.24,366.6
12/3/2032,15.45043,129.7387,54.67689,14.73147,-19.86574,49.32869,1000,34.76984,-84.03099,32,362,230.6213,48,3.33,109.54,248.69
12/4/2032,3.320513,210.2408,45.89901,15.75787,-18.28271,49.79845,1000,34.76984,-84.03099,32,146,964.5398,70,2.51,112.82,382.44
12/5/2032,3.927021,198.455,70.81001,10.1028,-15.57278,35.77839,1000,34.76984,-84.03099,32,307,569.9485,11,8.74,132.76,49.74
12/6/2032,8.447577,289.7421,40.8281,14.2939,-19.92018,48.50798,1000,34.76984,-84.03099,32,90,897.0349,1,3.2,187.63,15.27
12/7/2032,7.564973,353.1569,55.0177,13.38219,-15.81612,42.5805,1000,34.76984,-84.03099,32,524,481.0213,44,9.22,7.68,275.03
12/8/2032,5.91035,204.2246,51.17285,10.46101,-19.90899,40.83101,1000,34.76984,-84.03099,32,184,822.7171,8,8.84,71.38,134.23
12/9/2032,16.03294,269.8678,41.71777,14.08316,-19.0629,47.22923,1000,34.76984,-84.03099,32,436,181.6376,64,2.02,57.84,103.01
12/10/2032,16.8484,82.40784,27.65161,12.29539,-19.96609,44.55686,1000,34.76984,-84.03099,32,198,708.2421,40,7.29,54,117.43
12/11/2032,7.789816,244.3552,56.72504,16.00885,-14.38947,46.40717,1000,34.76984,-84.03099,32,294,515.5005,11,3.06,98.86,81.12
12/12/2032,16.05349,100.8588,31.18447,12.84558,-18.29644,43.98759,1000,34.76984,-84.03099,32,399,357.2832,70,0.61,53.52,439.53
12/13/2032,9.941164,251.72,44.14031,17.03018,-14.60578,48.66615,1000,34.76984,-84.03099,32,356,449.4094,95,9.3,51.53,464.91
12/14/2032,9.241904,328.62,44.76425,12.36643,-19.60023,44.3331,1000,34.76984,-84.03099,32,144,721.795,40,4.42,155.12,376.35
12/15/2032,1.914203,325.4854,66.68117,14.92046,-16.2864,46.12733,1000,34.76984,-84.03099,32,216,237.2371,50,1.25,123.46,141.86
12/16/2032,12.60884,358.2875,44.38762,16.29038,-14.66023,47.241,1000,34.76984,-84.03099,32,380,783.6059,50,1.97,196.69,484.14
12/17/2032,11.67743,160.8029,42.72424,3.641148,-18.36199,25.64429,1000,34.76984,-84.03099,32,202,825.2431,88,1.41,19.23,367.77
12/18/2032,19.15842,6.325464,33.68877,14.94306,-19.4552,49.34132,1000,34.76984,-84.03099,32,381,347.9357,24,0.02,13.79,414.49
12/19/2032,14.68023,229.9039,42.45515,11.01387,-18.62885,40.65658,1000,34.76984,-84.03099,32,381,894.9485,20,3.02,179.66,241.27
12/20/2032,14.05604,83.89255,53.70878,13.77456,-19.98195,47.53107,1000,34.76984,-84.03099,32,372,535.4779,12,9.99,61.45,43.84
12/21/2032,16.37467,83.89255,42.16212,13.02831,-13.48339,39.54001,1000,34.76984,-84.03099,32,88,578.5156,16,7.49,195.32,67.15
12/22/2032,10.4489,275.6739,51.97822,14.54968,-17.84207,46.94144,1000,34.76984,-84.03099,32,356,729.9517,97,8.35,149.92,135.87
12/23/2032,13.4459,182.6024,24.28361,13.83078,-16.03096,43.69251,1000,34.76984,-84.03099,32,130,94.40118,11,3.33,135.39,475.22
12/24/2032,14.37716,290.4901,63.51869,15.65587,-17.74636,49.05811,1000,34.76984,-84.03099,32,246,933.999,41,7.13,142.04,361.5
12/25/2032,14.01632,122.2892,66.10773,13.00317,-17.37151,43.37786,1000,34.76984,-84.03099,32,329,219.9418,89,1.78,1.36,484.66
12/26/2032,7.551309,165.9434,50.5642,12.38397,-14.06157,38.82951,1000,34.76984,-84.03099,32,208,789.4973,97,7.16,100.73,49.14
12/27/2032,12.14112,331.0079,56.38358,11.36902,-12.32354,35.06157,1000,34.76984,-84.03099,32,198,350.3984,9,0.94,194.38,459.88
12/28/2032,11.17406,275.5265,47.33727,15.13527,-17.22436,47.49491,1000,34.76984,-84.03099,32,237,397.7367,67,6.42,186.56,286.82
12/29/2032,14.2069,35.94448,40.72434,15.51187,-14.8823,45.90604,1000,34.76984,-84.03099,32,98,164.1935,81,5.59,67.36,366.84
12/30/2032,14.94956,302.7558,59.91978,15.20674,-11.4109,41.82438,1000,34.76984,-84.03099,32,447,827.7039,37,5.42,169.03,351.97
12/31/2032,8.873862,109.4054,45.57737,14.57651,-19.96985,49.12287,1000,34.76984,-84.03099,32,169,413.585,29,7.96,23.61,274.57
1/1/2033,17.03111,50.53509,36.76267,12.27408,-18.872,43.42016,1000,34.76984,-84.03099,33,185,566.6561,19,6.86,115.66,193.63
1/2/2033,5.08212,302.8724,43.94079,13.07536,-19.7424,45.89311,1000,34.76984,-84.03099,33,172,475.9249,18,4.97,110.98,293.46
1/3/2033,16.17255,320.7131,54.74953,16.77047,-15.99334,49.53427,1000,34.76984,-84.03099,33,275,434.2576,79,9.08,157.19,442.23
1/4/2033,17.90248,169.5294,35.32729,15.48628,-16.1904,47.16296,1000,34.76984,-84.03099,33,236,407.2109,63,7.83,158.07,212.56
1/5/2033,16.91771,59.39613,62.58205,13.56983,-17.30862,44.44829,1000,34.76984,-84.03099,33,434,348.6973,85,0.34,23.87,16.59
1/6/2033,5.945874,33.64357,33.90844,7.69576,-18.7911,34.18262,1000,34.76984,-84.03099,33,179,316.0995,54,2.78,70.74,330.41
1/7/2033,14.55071,142.2023,45.22512,10.49379,-19.86536,40.85294,1000,34.76984,-84.03099,33,220,560.7814,44,1.77,189.35,395.96
1/8/2033,13.36564,249.2126,76.72836,12.84294,-19.65326,45.33914,1000,34.76984,-84.03099,33,276,361.4825,99,1.92,189.51,285.45
1/9/2033,4.41416,254.7337,53.70354,15.63293,-14.81137,46.07722,1000,34.76984,-84.03099,33,249,283.2971,28,5.57,124.84,162.38
1/10/2033,10.89938,335.5896,58.84043,13.11609,-19.73821,45.97039,1000,34.76984,-84.03099,33,389,191.4009,14,1.82,58.48,228.36
1/11/2033,10.17264,154.2052,63.92708,15.04853,-19.60947,49.70652,1000,34.76984,-84.03099,33,122,628.2117,11,5.62,135.75,251.8
1/12/2033,8.091212,165.8337,52.66397,15.87426,-16.67587,48.42439,1000,34.76984,-84.03099,33,316,285.0011,87,3.8,75.68,285.17
1/13/2033,9.695788,71.61996,56.10126,15.42035,-18.42663,49.26732,1000,34.76984,-84.03099,33,292,612.0383,5,4.75,15.3,208.33
1/14/2033,0.995872,106.7475,54.72326,12.56861,-19.42814,44.56535,1000,34.76984,-84.03099,33,369,476.0291,76,2.12,122.24,37.62
1/15/2033,19.21487,252.8852,51.45821,14.4157,-17.00863,45.84004,1000,34.76984,-84.03099,33,298,273.3564,55,4.87,8.09,465.22
1/16/2033,11.88923,24.0277,34.15288,11.44236,-15.47728,38.362,1000,34.76984,-84.03099,33,222,639.4741,78,8.15,16.3,287.61
1/17/2033,15.20378,99.12065,32.93443,14.15247,-19.73145,48.03639,1000,34.76984,-84.03099,33,489,617.3229,27,0.89,77.97,11.61
1/18/2033,1.946073,240.5369,60.84892,14.59765,-19.13391,48.32921,1000,34.76984,-84.03099,33,161,418.4542,31,2.32,17.47,340.43
1/19/2033,8.357567,176.7822,24.90417,10.34818,-19.11883,39.81519,1000,34.76984,-84.03099,33,91,618.063,65,7.4,8.68,359.19
1/20/2033,11.90835,15.32541,47.1496,9.227546,-19.84682,38.30191,1000,34.76984,-84.03099,33,355,415.4311,100,9.49,84.74,370.7
1/21/2033,4.516647,273.3543,53.23996,6.109723,-16.33109,28.55054,1000,34.76984,-84.03099,33,108,524.7102,65,7.02,76.75,103.09
1/22/2033,10.42291,215.7233,46.31703,10.67811,-18.81463,40.17084,1000,34.76984,-84.03099,33,494,247.7986,38,9.68,117.9,275.34
1/23/2033,9.490341,192.9034,40.04041,6.928225,-18.95298,32.80943,1000,34.76984,-84.03099,33,152,528.363,55,2.47,196.19,11.47
1/24/2033,2.994416,36.04679,58.4015,15.74876,-13.83589,45.33342,1000,34.76984,-84.03099,33,329,497.9704,14,5.09,173.21,47.45
1/25/2033,2.824163,80.69724,60.94931,12.36042,-18.44684,43.16769,1000,34.76984,-84.03099,33,239,439.5076,4,1.81,183.17,410.29
1/26/2033,11.34381,167.4641,42.58307,2.011662,-18.42644,22.44976,1000,34.76984,-84.03099,33,294,239.4786,17,7.69,147.78,463.96
1/27/2033,12.9689,116.8025,49.55496,11.2351,-17.40159,39.8718,1000,34.76984,-84.03099,33,214,502.2775,75,7.57,22.77,471.56
1/28/2033,15.61086,294.9419,50.58812,11.33896,-19.37495,42.05287,1000,34.76984,-84.03099,33,103,743.7714,9,7.05,35.44,277.7
1/29/2033,8.915833,44.5336,40.76799,5.749288,-19.79252,31.2911,1000,34.76984,-84.03099,33,386,573.759,76,6.11,141.34,124.3
1/30/2033,13.23573,199.3465,47.23041,15.30005,-18.85132,49.45142,1000,34.76984,-84.03099,33,373,539.6612,71,5.35,54.33,88.55
1/31/2033,7.20121,335.8519,49.36063,13.15417,-19.61903,45.92738,1000,34.76984,-84.03099,33,188,692.4791,84,5.49,21.58,444.35
2/1/2033,5.757679,303.9139,73.28091,14.52794,-19.91158,48.96746,1000,34.76984,-84.03099,33,355,421.0603,94,4.68,14.26,106.53
2/2/2033,6.840616,75.53804,49.85835,15.52959,-16.37488,47.43407,1000,34.76984,-84.03099,33,86,596.8362,97,7.21,146.5,212.49
2/3/2033,18.95891,203.0699,37.34225,9.995976,-15.21896,35.21091,1000,34.76984,-84.03099,33,353,252.118,5,4.27,73.98,358.47
2/4/2033,2.871094,312.9575,59.05652,14.67141,-19.69512,49.03794,1000,34.76984,-84.03099,33,309,375.5593,63,2.54,74.18,13.66
2/5/2033,1.543279,291.9999,54.73497,14.025,-17.91905,45.96905,1000,34.76984,-84.03099,33,269,373.8275,9,6.76,142.26,86.39
2/6/2033,18.28799,103.6405,74.71616,11.91728,-17.78917,41.62373,1000,34.76984,-84.03099,33,183,415.3953,2,3.15,67.98,417.14
2/7/2033,7.835151,118.1834,64.98141,14.25529,-19.37296,47.88354,1000,34.76984,-84.03099,33,284,598.5143,75,4.77,111.61,324.14
2/8/2033,6.80523,331.2235,65.54069,7.759352,-19.41783,34.93653,1000,34.76984,-84.03099,33,232,526.9982,56,9.58,139.22,310.76
2/9/2033,9.635902,161.3962,72.24245,1.572699,-19.20149,22.34689,1000,34.76984,-84.03099,33,336,146.5445,22,6.96,25.31,226.98
2/10/2033,2.511072,47.98656,57.12693,15.64475,-15.4063,46.69579,1000,34.76984,-84.03099,33,163,458.5493,63,7.09,121.4,125.03
2/11/2033,12.85871,215.9826,58.25227,17.68634,-12.97525,48.34793,1000,34.76984,-84.03099,33,176,292.261,23,1.82,121.88,7.33
2/12/2033,19.522,223.1434,56.20704,12.75071,-19.60228,45.10371,1000,34.76984,-84.03099,33,580,313.2306,53,8.11,131.05,166.68
2/13/2033,3.562534,226.2004,52.16805,14.54173,-18.42802,47.51148,1000,34.76984,-84.03099,33,132,324.8362,95,5.71,92.67,226.6
2/14/2033,2.943695,296.2138,37.88782,13.5809,-17.90068,45.06248,1000,34.76984,-84.03099,33,364,368.5914,7,3.23,36.21,393.67
2/15/2033,15.32231,4.500918,55.471,13.55663,-14.69368,41.80694,1000,34.76984,-84.03099,33,364,761.1218,31,7.9,109.18,165.96
2/16/2033,14.09386,318.5683,50.7849,15.07827,-18.00747,48.16402,1000,34.76984,-84.03099,33,459,643.2069,49,8.68,32.55,445.32
2/17/2033,3.424201,38.05132,44.37128,15.9149,-15.66086,47.49066,1000,34.76984,-84.03099,33,211,243.0912,51,1.23,11.21,168.83
2/18/2033,19.53081,13.42851,18.92098,16.84583,-15.80988,49.50154,1000,34.76984,-84.03099,33,260,728.2775,68,2.82,150.08,348.08
2/19/2033,18.72705,193.7327,28.30802,16.64304,-13.18006,46.46613,1000,34.76984,-84.03099,33,239,522.9163,99,5.55,145.9,433.53
2/20/2033,18.86512,108.1022,50.45667,11.11581,-19.26991,41.50153,1000,34.76984,-84.03099,33,94,853.476,62,5.23,140.74,232.61
2/21/2033,14.11622,219.8804,51.76252,7.325506,-17.25541,31.90643,1000,34.76984,-84.03099,33,441,75.21021,69,7.21,84.26,430.58
2/22/2033,14.75858,287.1201,47.2538,15.34535,-18.3469,49.03761,1000,34.76984,-84.03099,33,396,195.7498,51,4.15,3.43,51.68
2/23/2033,19.36453,221.8865,51.69483,14.95011,-13.81782,43.71803,1000,34.76984,-84.03099,33,227,747.1578,94,9.21,59.38,98.54
2/24/2033,4.356592,70.03081,35.65249,15.14725,-17.86026,48.15477,1000,34.76984,-84.03099,33,235,157.1788,14,2.46,47.84,386.89
2/25/2033,6.785356,280.1771,48.60884,11.96297,-15.34264,39.26858,1000,34.76984,-84.03099,33,97,416.7308,42,6.58,139.74,467.85
2/26/2033,18.79208,36.49349,62.01771,10.85213,-19.12576,40.83002,1000,34.76984,-84.03099,33,478,334.5195,48,5.97,184.41,97.77
2/27/2033,17.08528,244.0438,42.88538,14.5549,-15.46375,44.57356,1000,34.76984,-84.03099,33,202,706.5845,47,3.58,12.34,409.26
2/28/2033,13.75691,57.33456,43.51459,17.78234,-11.75469,47.31937,1000,34.76984,-84.03099,33,305,411.3145,77,6.71,34.25,214.49
3/1/2033,3.096817,286.4591,55.51722,9.654454,-18.86587,38.17478,1000,34.76984,-84.03099,33,175,757.8358,83,7.79,141.77,280.15
3/2/2033,5.068368,175.2461,34.54232,16.83586,-15.77324,49.44495,1000,34.76984,-84.03099,33,158,899.1976,57,6.05,37.82,343.84
3/3/2033,17.83806,337.7868,66.26258,14.85294,-19.37531,49.08118,1000,34.76984,-84.03099,33,337,704.402,98,0.74,165.18,171.39
3/4/2033,3.794355,177.756,46.5458,13.59029,-18.24812,45.42869,1000,34.76984,-84.03099,33,360,455.5138,84,8.24,153.07,318.89
3/5/2033,12.53784,261.7032,61.59257,14.92674,-19.22204,49.07552,1000,34.76984,-84.03099,33,66,726.1481,32,1.68,61.14,391.09
3/6/2033,17.37784,43.71975,34.86398,12.50599,-19.9767,44.98867,1000,34.76984,-84.03099,33,92,336.6389,89,6.77,172.84,296.82
3/7/2033,19.56366,149.7083,53.86262,10.83342,-18.85455,40.5214,1000,34.76984,-84.03099,33,423,212.8237,77,4.66,144.21,359.95
3/8/2033,11.04905,87.0685,36.92888,14.99421,-18.91465,48.90306,1000,34.76984,-84.03099,33,194,583.6595,0,4.56,159.32,313.58
3/9/2033,14.28078,145.3343,58.68379,4.389031,-16.51569,25.29375,1000,34.76984,-84.03099,33,565,391.6984,50,7.5,168.38,482.42
3/10/2033,4.481373,174.0975,48.00134,11.44007,-18.45023,41.33037,1000,34.76984,-84.03099,33,565,184.4305,40,2.98,29.05,150.33
3/11/2033,18.24991,28.06277,78.01208,16.80709,-13.70659,47.32078,1000,34.76984,-84.03099,33,295,513.1493,40,5.76,15.5,329.15
3/12/2033,4.255762,94.8377,33.92236,14.11993,-16.91643,45.15628,1000,34.76984,-84.03099,33,86,560.2996,62,8.98,150.16,418.69
3/13/2033,13.98957,255.4444,56.21875,15.08534,-15.22478,45.39545,1000,34.76984,-84.03099,33,403,351.2055,56,2.05,155.81,287.05
3/14/2033,1.936569,48.19324,74.03972,3.915088,-18.99546,26.82564,1000,34.76984,-84.03099,33,164,47.66422,79,6.97,98.36,57.66
3/15/2033,13.15166,161.2989,58.78823,16.23538,-13.87675,46.34752,1000,34.76984,-84.03099,33,246,589.1647,98,0.54,14.15,46.77
3/16/2033,14.53989,108.9635,70.69884,11.56561,-18.07094,41.20216,1000,34.76984,-84.03099,33,285,422.2934,99,9.89,48.9,239.04
3/17/2033,2.257156,330.2757,40.47411,15.99728,-17.09312,49.08767,1000,34.76984,-84.03099,33,194,484.5357,40,4.54,41.06,440.17
3/18/2033,16.32302,170.4697,69.06747,13.22249,-19.10653,45.55151,1000,34.76984,-84.03099,33,355,410.1838,65,2.21,25.02,438.06
3/19/2033,19.33925,213.1125,29.7479,13.01642,-19.63414,45.66699,1000,34.76984,-84.03099,33,205,269.1986,3,7.87,169.89,24.96
3/20/2033,19.19087,76.04865,56.66579,13.31966,-18.72704,45.36635,1000,34.76984,-84.03099,33,114,669.6412,73,1.7,85.62,216.64
3/21/2033,9.737042,313.4129,39.58102,13.89309,-18.65913,46.44532,1000,34.76984,-84.03099,33,531,579.8756,50,5.59,126.79,219.05
3/22/2033,19.26265,277.9076,46.86193,13.87997,-13.90248,41.66241,1000,34.76984,-84.03099,33,91,760.3777,57,3.57,88.53,385.02
3/23/2033,6.719979,329.1,46.91939,10.22848,-14.84747,35.30443,1000,34.76984,-84.03099,33,351,705.2433,59,7.05,42.96,472.53
3/24/2033,6.92655,297.5106,41.80375,17.13855,-14.98131,49.25842,1000,34.76984,-84.03099,33,212,857.6569,60,1.49,146.74,284.61
3/25/2033,13.99723,85.97411,47.64312,13.85018,-18.06952,45.76989,1000,34.76984,-84.03099,33,410,316.7851,95,7.81,63.6,115.13
3/26/2033,17.73994,23.22115,37.74235,17.2029,-15.57563,49.98143,1000,34.76984,-84.03099,33,220,559.7114,15,7.13,85.67,473.1
3/27/2033,19.6565,41.92194,60.80109,13.84475,-16.4649,44.15441,1000,34.76984,-84.03099,33,435,580.4218,21,5.62,134.28,391.49
3/28/2033,4.997337,56.17932,31.76818,14.59062,-19.41297,48.59421,1000,34.76984,-84.03099,33,200,457.983,85,8.42,140.27,335.39
3/29/2033,8.42378,131.2766,61.65312,11.79464,-19.95133,43.54061,1000,34.76984,-84.03099,33,122,379.929,81,7.14,178.45,25.9
3/30/2033,8.555197,197.1956,50.90906,10.78374,-12.1449,33.71239,1000,34.76984,-84.03099,33,319,618.6189,52,2.69,116.61,246.79
3/31/2033,12.96705,245.5996,47.05974,16.26324,-14.98138,47.50785,1000,34.76984,-84.03099,33,301,486.7151,50,4.62,140.23,451.63
4/1/2033,15.46478,226.3692,50.55608,9.048391,-15.71854,33.81532,1000,34.76984,-84.03099,33,318,850.0621,82,3.48,10.7,344.84
4/2/2033,6.757794,187.1837,27.35644,14.34517,-19.39463,48.08498,1000,34.76984,-84.03099,33,63,696.0117,93,2.86,148.89,263.87
4/3/2033,2.58759,84.39645,40.34225,10.5765,-16.68101,37.83401,1000,34.76984,-84.03099,33,374,871.9677,22,5.73,81.08,418.29
4/4/2033,18.03565,205.2761,59.11792,11.64967,-17.20403,40.50337,1000,34.76984,-84.03099,33,242,804.8237,62,7.28,150.04,353.56
4/5/2033,9.585704,335.1297,42.06989,15.06567,-14.14259,44.27393,1000,34.76984,-84.03099,33,339,210.8187,28,4.79,66.74,236.77
4/6/2033,1.032,224.6432,52.64061,4.861355,-18.28453,28.00724,1000,34.76984,-84.03099,33,181,219.8792,61,4.4,15.04,258.94
4/7/2033,10.40272,311.9925,59.50331,15.29845,-18.87456,49.47145,1000,34.76984,-84.03099,33,290,522.6386,41,2.62,1.35,349.18
4/8/2033,10.79524,214.8507,45.555,15.9335,-17.0188,48.8858,1000,34.76984,-84.03099,33,350,692.5474,99,0.45,74.44,455.46
4/9/2033,17.34934,213.7782,49.95665,13.52211,-19.53864,46.58286,1000,34.76984,-84.03099,33,148,331.3067,30,0.84,111.72,272.47
4/10/2033,3.629613,44.37481,65.09881,12.44429,-19.32878,44.21736,1000,34.76984,-84.03099,33,94,497.9929,17,2.9,156.67,319.7
4/11/2033,14.22161,218.933,38.09432,16.91884,-14.69281,48.53049,1000,34.76984,-84.03099,33,500,293.0413,18,6.02,139.66,325.21
4/12/2033,5.49096,240.4989,36.63294,14.6593,-17.76228,47.08089,1000,34.76984,-84.03099,33,171,726.0434,16,7.27,42.98,106.42
4/13/2033,18.52268,326.1614,59.72,12.54599,-19.45924,44.55122,1000,34.76984,-84.03099,33,607,522.1078,34,5.99,60.61,23.84
4/14/2033,14.30914,8.074007,73.86608,11.52472,-15.47172,38.52116,1000,34.76984,-84.03099,33,42,433.8958,99,1.38,136.95,122.73
4/15/2033,6.015476,133.0242,47.38554,12.9883,-18.47959,44.45619,1000,34.76984,-84.03099,33,350,106.307,99,9.97,141.43,67.07
4/16/2033,2.129831,122.578,48.38871,15.49172,-18.69739,49.68084,1000,34.76984,-84.03099,33,144,451.9032,83,7.83,14.8,87.39
4/17/2033,1.591687,319.9171,61.01346,18.42903,-12.44825,49.3063,1000,34.76984,-84.03099,33,225,726.5924,25,8.05,21.06,273.27
4/18/2033,13.6207,58.1257,56.60868,14.18009,-18.49625,46.85643,1000,34.76984,-84.03099,33,247,377.4815,33,5.13,107.9,291.82
4/19/2033,0.9650087,19.21659,58.37322,15.76316,-18.01862,49.54494,1000,34.76984,-84.03099,33,73,658.3804,97,3.58,16.12,433.24
4/20/2033,4.889174,221.4934,46.93773,9.802556,-16.6371,36.24221,1000,34.76984,-84.03099,33,310,431.6779,43,8.34,83.24,421.26
4/21/2033,8.873009,259.5671,74.22437,16.95905,-15.15224,49.07035,1000,34.76984,-84.03099,33,354,543.6023,51,7.65,65.95,296.95
4/22/2033,7.922358,255.69,53.82663,4.367299,-18.46817,27.20276,1000,34.76984,-84.03099,33,141,446.5368,80,6.84,33.76,386.63
4/23/2033,6.968864,135.5735,36.52025,15.81651,-14.07405,45.70707,1000,34.76984,-84.03099,33,388,389.8193,33,8.63,99.75,128.05
4/24/2033,6.511344,347.2409,48.29979,14.30104,-19.66751,48.26959,1000,34.76984,-84.03099,33,149,600.254,18,9.22,138.29,129.36
4/25/2033,18.00966,78.80712,47.10037,15.52015,-18.52223,49.56253,1000,34.76984,-84.03099,33,184,256.4575,61,2.62,64.34,125.48
4/26/2033,13.71923,328.9224,49.12739,15.2117,-19.25438,49.67778,1000,34.76984,-84.03099,33,322,480.4088,15,7.13,191.54,420.22
4/27/2033,13.36976,47.12242,48.42691,16.39534,-15.43566,48.22635,1000,34.76984,-84.03099,33,233,854.831,97,3.65,172.55,458.78
4/28/2033,6.13483,271.53,31.83894,15.58941,-15.89559,47.0744,1000,34.76984,-84.03099,33,333,163.5262,92,8.65,114.39,32.94
4/29/2033,18.29042,121.5225,48.35322,14.98854,-13.59915,43.57623,1000,34.76984,-84.03099,33,254,422.2053,50,10,146.35,71.96
4/30/2033,8.361854,234.7127,33.66168,15.86142,-14.93625,46.65908,1000,34.76984,-84.03099,33,325,424.2763,19,3.87,7.73,447.76
5/1/2033,13.19691,32.51026,41.16069,14.42268,-11.8885,40.73386,1000,34.76984,-84.03099,33,374,752.0566,58,6.28,154.04,130.89
5/2/2033,14.72147,277.4635,53.59463,9.768744,-19.36766,38.90515,1000,34.76984,-84.03099,33,223,580.1946,79,0.22,38.11,487.91
5/3/2033,15.91176,94.09843,41.86631,16.75537,-16.3258,49.83655,1000,34.76984,-84.03099,33,137,398.6032,60,3.39,65.69,126.28
5/4/2033,8.725382,75.12005,70.04456,3.683857,-17.28254,24.65025,1000,34.76984,-84.03099,33,361,652.7151,44,0.25,170.68,170.71
5/5/2033,0.4240751,129.6917,44.11173,12.08946,-18.8493,43.02821,1000,34.76984,-84.03099,33,180,467.2164,47,2.5,146.65,195.08
5/6/2033,19.69991,244.9076,31.73166,14.80558,-18.10015,47.71131,1000,34.76984,-84.03099,33,579,525.459,26,7.8,138.8,374.79
5/7/2033,13.19823,81.17686,68.825,11.74563,-16.52152,40.01278,1000,34.76984,-84.03099,33,579,606.2684,12,6.93,36.61,377.34
5/8/2033,14.9728,77.74596,51.77394,17.95909,-10.77449,46.69267,1000,34.76984,-84.03099,33,523,171.3691,62,6.96,111.62,110.13
5/9/2033,5.371753,238.8219,56.02312,13.84485,-19.80201,47.49171,1000,34.76984,-84.03099,33,208,722.9189,36,8.53,98.08,284.4
5/10/2033,6.295067,173.9847,36.58893,16.19115,-15.26724,47.64954,1000,34.76984,-84.03099,33,116,956.0937,41,10,57.09,271.91
5/11/2033,15.67759,323.6115,53.78749,18.19552,-11.58411,47.97514,1000,34.76984,-84.03099,33,392,39.14589,95,2.95,40.79,309.19
5/12/2033,6.985765,94.05672,46.03183,15.77278,-17.85899,49.40454,1000,34.76984,-84.03099,33,94,482.8448,25,7.35,93.13,202.68
5/13/2033,11.98901,282.544,57.03065,11.58609,-19.82612,42.99831,1000,34.76984,-84.03099,33,333,340.8021,63,6.6,176.36,386.17
5/14/2033,13.80101,319.8217,63.92533,4.931144,-19.82572,29.68801,1000,34.76984,-84.03099,33,375,76.72864,49,8.82,92.25,490.7
5/15/2033,14.79276,74.0385,46.16961,16.84465,-11.94111,45.63042,1000,34.76984,-84.03099,33,130,302.623,45,6.51,189.37,122.45
5/16/2033,7.80253,158.4765,53.49109,10.62624,-19.57218,40.82466,1000,34.76984,-84.03099,33,68,659.6126,57,5.72,34.72,41.83
5/17/2033,7.889606,259.4211,44.48134,12.4078,-17.59191,42.4075,1000,34.76984,-84.03099,33,42,654.7488,51,5.56,78.42,259.1
5/18/2033,6.936351,25.28572,53.70305,15.2686,-17.20108,47.73829,1000,34.76984,-84.03099,33,511,468.4038,45,8.1,56.91,65.46
5/19/2033,8.655886,262.382,45.28363,12.18451,-17.20067,41.56969,1000,34.76984,-84.03099,33,227,745.9233,34,3.66,142.22,291.98
5/20/2033,18.53859,146.0649,42.70738,14.08699,-18.0148,46.18879,1000,34.76984,-84.03099,33,426,589.6019,48,5.1,101.87,435.29
5/21/2033,4.745286,109.5651,61.9899,17.04412,-14.91728,49.00552,1000,34.76984,-84.03099,33,256,608.0584,65,6.59,151.43,360.41
5/22/2033,15.26185,280.8366,44.10425,17.14833,-14.17087,48.46752,1000,34.76984,-84.03099,33,205,202.2442,87,0.55,115.22,94.5
5/23/2033,17.17321,239.6133,48.78043,10.22486,-17.72964,38.17937,1000,34.76984,-84.03099,33,326,65.56303,12,1.66,97.63,173.8
5/24/2033,12.78208,220.1923,38.76898,15.05726,-19.63099,49.74552,1000,34.76984,-84.03099,33,145,754.5096,88,5.39,46.44,273.99
5/25/2033,12.57692,239.1721,37.98433,9.553375,-17.70905,36.8158,1000,34.76984,-84.03099,33,108,185.9842,39,9.73,160.23,403.06
5/26/2033,10.42198,112.1216,55.82063,14.35042,-16.1976,44.89845,1000,34.76984,-84.03099,33,135,304.7087,70,0.98,101.03,449.69
5/27/2033,9.742245,69.26,33.58585,9.495021,-18.83307,37.82312,1000,34.76984,-84.03099,33,320,318.3821,44,2.22,177.19,472.24
5/28/2033,9.899484,100.2052,64.19785,14.44073,-17.91997,46.80142,1000,34.76984,-84.03099,33,245,435.5299,44,4.96,178.92,359.29
5/29/2033,5.610823,287.9643,53.60687,11.15346,-12.22964,34.53656,1000,34.76984,-84.03099,33,413,704.0684,36,1.2,45.67,118.36
5/30/2033,17.35713,347.2976,31.89912,16.89562,-15.38967,49.18091,1000,34.76984,-84.03099,33,413,415.5099,49,5.73,183.11,60.66
5/31/2033,1.831965,102.293,58.26773,13.6572,-16.30075,43.61514,1000,34.76984,-84.03099,33,371,510.468,0,9.33,184.43,106
6/1/2033,8.148023,118.398,56.99864,3.045857,-19.39683,25.48855,1000,34.76984,-84.03099,33,113,702.9509,23,8.96,46.94,107.36
6/2/2033,15.39514,83.1805,64.27868,12.58899,-18.8407,44.01868,1000,34.76984,-84.03099,33,300,491.9824,4,1.85,117.3,353.81
6/3/2033,13.93666,92.98204,47.13212,14.88562,-17.66364,47.43487,1000,34.76984,-84.03099,33,279,365.0629,2,4.49,63.07,161.7
6/4/2033,0.1794267,129.1057,35.15826,17.20053,-14.3521,48.75317,1000,34.76984,-84.03099,33,254,167.12,28,5.69,136.89,53.54
6/5/2033,4.37223,165.1481,47.15414,18.60796,-11.19154,48.40745,1000,34.76984,-84.03099,33,359,255.956,13,3.62,98,402.71
6/6/2033,3.42031,249.1265,49.23759,14.34262,-19.88504,48.57028,1000,34.76984,-84.03099,33,275,691.088,72,2.99,102.86,401.19
6/7/2033,12.41518,99.02928,65.3029,13.66399,-17.00086,44.32884,1000,34.76984,-84.03099,33,458,647.5135,97,8.58,99.97,389.89
6/8/2033,9.157582,8.309526,49.69201,5.554546,-19.5119,30.62099,1000,34.76984,-84.03099,33,253,306.0525,38,7.79,26.05,84.72
6/9/2033,5.42333,42.99354,38.85542,20.7995,-7.999162,49.59815,1000,34.76984,-84.03099,33,118,169.7027,63,4.24,50.47,417.88
6/10/2033,8.621765,7.058973,65.3137,13.68526,-19.79302,47.16354,1000,34.76984,-84.03099,33,433,142.5362,24,9.65,125.45,497.97
6/11/2033,0.3524446,14.0328,53.43282,13.91304,-16.2543,44.08038,1000,34.76984,-84.03099,33,171,684.5863,31,8.58,115.12,24.29
6/12/2033,5.419368,71.14223,32.50026,16.71971,-14.93309,48.37252,1000,34.76984,-84.03099,33,475,294.8753,90,3.37,8.25,296.98
6/13/2033,16.55637,59.50899,42.33856,17.01499,-13.26337,47.29334,1000,34.76984,-84.03099,33,171,477.3198,8,4.49,197.48,286.07
6/14/2033,7.248668,166.7424,60.59326,12.0863,-18.10861,42.28122,1000,34.76984,-84.03099,33,393,395.4412,73,8.35,151.86,339.53
6/15/2033,4.698968,329.1986,41.63906,11.2794,-17.06581,39.62462,1000,34.76984,-84.03099,33,164,422.6677,31,9.2,13.07,238.84
6/16/2033,9.813069,243.6022,37.42527,9.630182,-14.2007,33.46106,1000,34.76984,-84.03099,33,281,146.6757,2,3.27,115.98,27.22
6/17/2033,1.838343,182.9842,58.75287,12.21342,-17.57808,42.00492,1000,34.76984,-84.03099,33,228,40.66289,77,9.77,82.54,394.66
6/18/2033,13.1225,37.91948,34.77557,11.72248,-19.32365,42.76861,1000,34.76984,-84.03099,33,345,162.1674,17,3.99,52.96,425.7
6/19/2033,0.8741736,106.725,30.61254,16.44522,-14.57374,47.46419,1000,34.76984,-84.03099,33,339,724.7917,7,5.55,40.22,325.21
6/20/2033,15.29494,338.8174,58.40212,13.88825,-18.07894,45.85544,1000,34.76984,-84.03099,33,179,312.1248,50,8.36,123.76,28.54
6/21/2033,18.05362,201.2155,24.11992,17.25438,-14.56766,49.07642,1000,34.76984,-84.03099,33,343,804.9225,41,7.59,173.74,112.61
6/22/2033,17.66095,171.5696,59.24875,8.417901,-16.81624,33.65204,1000,34.76984,-84.03099,33,143,897.1719,92,0.46,129.5,424.59
6/23/2033,10.18516,66.1189,37.62351,8.928908,-19.7977,37.65551,1000,34.76984,-84.03099,33,365,696.3425,35,7.33,172.24,9.11
6/24/2033,18.33275,6.351042,44.34597,14.25438,-14.77268,43.28144,1000,34.76984,-84.03099,33,258,551.1392,43,2.79,162.31,426.86
6/25/2033,0.8595228,181.662,60.31799,5.001554,-19.70313,29.70624,1000,34.76984,-84.03099,33,324,555.1683,90,2.2,129.06,144.99
6/26/2033,11.87455,314.9661,40.15422,15.85045,-17.80598,49.50689,1000,34.76984,-84.03099,33,215,859.8112,5,0.48,177.6,153.57
6/27/2033,13.17312,329.2625,73.73711,9.180649,-15.6957,34.057,1000,34.76984,-84.03099,33,170,571.413,66,1.47,185.33,290.02
6/28/2033,18.45297,255.3831,58.62717,12.66027,-15.96348,41.28402,1000,34.76984,-84.03099,33,452,733.2356,75,8.16,102.28,239.39
6/29/2033,5.982896,32.55223,63.80569,14.07348,-17.86663,46.01359,1000,34.76984,-84.03099,33,183,187.2084,34,2.44,30.23,322.63
6/30/2033,19.02411,155.0656,59.9608,8.49,-18.39771,35.37771,1000,34.76984,-84.03099,33,148,643.6226,80,7.22,17.77,216.6
7/1/2033,16.46506,276.8094,49.46387,16.89451,-16.00121,49.79023,1000,34.76984,-84.03099,33,477,961.1906,34,8.1,192.07,121.16
7/2/2033,10.46522,58.26715,39.40272,12.5652,-16.19189,41.32228,1000,34.76984,-84.03099,33,74,482.3247,5,3.07,77.15,1.61
7/3/2033,18.63531,318.5078,48.44835,18.64955,-12.66118,49.96028,1000,34.76984,-84.03099,33,342,426.9027,48,3.91,112.51,263.95
7/4/2033,8.311039,140.0403,44.2265,18.97787,-11.98055,49.93629,1000,34.76984,-84.03099,33,131,583.3488,94,9.47,0.7,465.11
7/5/2033,3.206365,298.7487,55.94325,10.51981,-19.25907,40.29869,1000,34.76984,-84.03099,33,307,605.6167,98,7.61,77.4,168.35
7/6/2033,7.667047,257.3591,47.96373,12.46981,-17.4796,42.41922,1000,34.76984,-84.03099,33,137,534.4517,15,5.72,44.56,100.1
7/7/2033,16.04405,357.7744,61.37136,10.82269,-19.79555,41.44092,1000,34.76984,-84.03099,33,143,782.0889,93,3.56,179.43,292.58
7/8/2033,10.89321,274.1461,38.78401,12.93654,-18.8177,44.69078,1000,34.76984,-84.03099,33,447,233.8852,13,9.12,29.94,451.98
7/9/2033,13.29807,21.68899,50.80685,14.17735,-13.20569,41.5604,1000,34.76984,-84.03099,33,196,326.2636,20,6.15,166.92,55.09
7/10/2033,1.769278,135.5926,51.22638,16.49072,-16.59116,49.57261,1000,34.76984,-84.03099,33,309,668.5168,42,7.39,9.39,56.99
7/11/2033,18.05185,211.4946,29.31695,10.86165,-17.89999,39.62328,1000,34.76984,-84.03099,33,457,520.1244,34,3.7,155.55,131.29
7/12/2033,5.559612,333.6264,47.06535,15.73319,-11.11277,42.57914,1000,34.76984,-84.03099,33,175,234.4079,10,2.99,21.87,202.27
7/13/2033,1.798561,269.7863,40.65044,14.25069,-15.17178,43.67316,1000,34.76984,-84.03099,33,432,476.7008,30,3.56,119.33,461.49
7/14/2033,18.99537,285.9754,55.40049,13.67442,-17.074,44.42285,1000,34.76984,-84.03099,33,73,473.4186,43,3.27,155.65,416.06
7/15/2033,7.344922,24.71014,54.83839,10.65692,-18.38906,39.7029,1000,34.76984,-84.03099,33,306,394.7993,25,4.3,173.1,131.45
7/16/2033,19.71169,68.21535,66.01483,8.598671,-17.322,34.51934,1000,34.76984,-84.03099,33,176,499.0403,63,6.06,37.55,71.49
7/17/2033,0.9754705,34.8267,60.83952,12.6782,-18.35373,43.71012,1000,34.76984,-84.03099,33,203,696.1407,94,9.57,66.92,265.05
7/18/2033,12.45719,182.9445,33.42332,16.00748,-16.00243,48.01739,1000,34.76984,-84.03099,33,296,155.8813,52,9.95,6.66,380.45
7/19/2033,17.88235,134.5043,43.91824,14.18463,-19.46003,47.8293,1000,34.76984,-84.03099,33,148,556.1467,29,2.13,133.49,289.99
7/20/2033,13.01896,114.7528,40.65005,15.43375,-14.97776,45.84525,1000,34.76984,-84.03099,33,394,797.9214,30,9.98,98.91,182.72
7/21/2033,3.428686,126.8132,43.31787,13.22583,-17.41127,43.86292,1000,34.76984,-84.03099,33,376,501.5661,65,6.62,195.51,186.43
7/22/2033,18.39151,1.477532,56.38975,12.05994,-18.38133,42.50121,1000,34.76984,-84.03099,33,87,259.7294,59,7.85,49.42,122.03
7/23/2033,4.007127,172.1853,42.58548,14.2258,-14.15861,42.6102,1000,34.76984,-84.03099,33,245,396.0025,41,5.77,31.77,209.2
7/24/2033,5.215922,89.00638,29.99982,9.571001,-19.5555,38.69751,1000,34.76984,-84.03099,33,400,164.1684,76,6.44,79.2,404.01
7/25/2033,18.87056,340.8311,24.04852,13.79155,-17.86014,45.44325,1000,34.76984,-84.03099,33,244,638.4178,63,0.21,101.2,15.46
7/26/2033,12.24243,27.44007,60.19186,13.92484,-19.53946,47.38914,1000,34.76984,-84.03099,33,504,609.4592,95,8.8,112.14,302.03
7/27/2033,15.3564,194.6139,53.78783,10.27401,-17.62183,38.16985,1000,34.76984,-84.03099,33,504,565.2057,46,3.73,123.88,180.92
7/28/2033,14.38987,64.82887,25.58942,14.4705,-17.59888,46.53989,1000,34.76984,-84.03099,33,395,525.9745,98,6.12,138.24,321.65
7/29/2033,8.999344,224.6137,35.61056,6.719583,-17.61743,31.0566,1000,34.76984,-84.03099,33,85,735.0135,64,8.58,52.03,481.48
7/30/2033,2.711513,161.681,62.51822,16.35267,-16.0167,48.72203,1000,34.76984,-84.03099,33,278,801.984,3,8.92,81.26,128.62
7/31/2033,16.09072,120.0045,63.62367,13.01479,-19.05407,45.08365,1000,34.76984,-84.03099,33,186,376.3832,94,5.11,163.69,495.1
8/1/2033,12.14886,210.9265,19.32715,13.70243,-17.60608,45.01093,1000,34.76984,-84.03099,33,164,595.4659,47,7.15,75.34,56.17
8/2/2033,6.923991,271.5303,61.46298,13.85161,-17.03036,44.73358,1000,34.76984,-84.03099,33,354,733.5623,42,7.95,126.76,117.04
8/3/2033,17.73509,143.0534,41.75634,3.056067,-19.86201,25.97415,1000,34.76984,-84.03099,33,336,634.5679,78,1.83,143.6,131.84
8/4/2033,8.792883,70.42622,62.62212,12.7255,-14.16099,39.61198,1000,34.76984,-84.03099,33,250,654.6633,19,8.95,152.04,135.07
8/5/2033,12.10092,263.7484,50.96824,14.8713,-15.8338,45.57639,1000,34.76984,-84.03099,33,255,541.8415,29,9.18,177.89,432.51
8/6/2033,1.966588,141.5869,45.90216,19.04229,-11.48115,49.56573,1000,34.76984,-84.03099,33,149,272.3538,38,7.6,27.92,260.68
8/7/2033,7.14065,322.6447,49.30051,14.72041,-18.80358,48.24439,1000,34.76984,-84.03099,33,500,329.264,76,2.47,72.36,436.98
8/8/2033,19.24251,111.045,53.87284,18.08076,-13.4589,49.62042,1000,34.76984,-84.03099,33,193,24.82307,78,6.13,25.45,21.28
8/9/2033,14.15028,2.624102,39.31874,14.53595,-17.73823,46.81013,1000,34.76984,-84.03099,33,160,682.1912,10,3.84,138.47,122.1
8/10/2033,12.38792,0.8097696,63.51384,15.79729,-14.8119,46.40648,1000,34.76984,-84.03099,33,113,605.6835,90,4.38,93.17,357.1
8/11/2033,19.49632,214.1741,47.9836,15.28193,-17.5642,48.12806,1000,34.76984,-84.03099,33,242,652.7197,53,1.88,41.79,34.5
8/12/2033,1.168299,323.2781,28.13921,7.024261,-16.93629,30.98482,1000,34.76984,-84.03099,33,225,259.0523,75,3.31,6.81,85.68
8/13/2033,13.14534,348.3983,70.17188,14.02758,-19.4716,47.52677,1000,34.76984,-84.03099,33,147,382.3943,51,1.63,11.32,167.47
8/14/2033,9.61254,238.0393,63.2936,12.44635,-16.98518,41.87788,1000,34.76984,-84.03099,33,333,526.5696,29,7.54,103.36,305.64
8/15/2033,6.203794,145.5901,47.15516,4.257764,-18.73746,27.25299,1000,34.76984,-84.03099,33,211,554.7528,55,9.29,129.27,434.62
8/16/2033,1.113832,215.3648,65.83077,14.17098,-18.20011,46.54206,1000,34.76984,-84.03099,33,355,644.205,11,5.52,85.16,41.04
8/17/2033,5.987453,33.20532,47.10466,13.26315,-14.29586,40.82215,1000,34.76984,-84.03099,33,265,535.8352,68,9.44,47.98,59.92
8/18/2033,9.578704,133.3151,55.17557,14.61968,-18.24858,47.48795,1000,34.76984,-84.03099,33,322,515.4655,54,7.19,4.56,433.32
8/19/2033,14.02057,76.87237,69.28474,10.03182,-19.12033,39.18397,1000,34.76984,-84.03099,33,176,26.94923,65,3.71,169.08,258.31
8/20/2033,5.125007,230.2437,29.47544,16.74042,-11.82338,45.30422,1000,34.76984,-84.03099,33,505,505.4377,39,6.06,76.77,372.74
8/21/2033,2.471998,24.62834,64.12066,12.17087,-12.81906,37.1608,1000,34.76984,-84.03099,33,169,212.9482,87,3.01,6.46,430.94
8/22/2033,19.02229,145.3268,27.47463,14.46998,-19.19361,48.13358,1000,34.76984,-84.03099,33,300,658.7175,23,5.74,48.23,41.96
8/23/2033,13.15812,330.5062,53.63154,13.72679,-19.98568,47.43927,1000,34.76984,-84.03099,33,288,673.0925,37,7.78,115.52,133.1
8/24/2033,7.725004,124.9141,52.79851,17.41164,-14.52892,49.3522,1000,34.76984,-84.03099,33,269,897.2319,60,9.97,86.67,400.34
8/25/2033,9.305559,96.79021,50.94218,11.78682,-17.48766,41.06131,1000,34.76984,-84.03099,33,417,438.047,23,1.69,161.63,45.68
8/26/2033,7.850533,296.2947,40.00472,9.349943,-19.66738,38.36726,1000,34.76984,-84.03099,33,273,442.2377,45,8.87,17.68,408.99
8/27/2033,15.42937,214.2479,31.67742,14.72847,-17.3084,46.76534,1000,34.76984,-84.03099,33,199,415.1586,85,4.38,42.99,64.64
8/28/2033,11.25573,177.6844,63.38834,15.42941,-19.13947,49.99828,1000,34.76984,-84.03099,33,450,291.6314,88,3.53,1.55,458.3
8/29/2033,13.5658,109.7334,31.39452,12.22305,-17.80388,42.24997,1000,34.76984,-84.03099,33,127,818.1913,28,1.15,76.78,219.83
8/30/2033,8.266534,52.5758,29.25656,12.0827,-17.71352,41.87892,1000,34.76984,-84.03099,33,338,830.7096,74,8.24,173.62,8.37
8/31/2033,12.51045,86.92747,48.10284,8.126582,-18.42842,34.68158,1000,34.76984,-84.03099,33,90,530.6967,4,6.55,16.82,430.72
9/1/2033,14.03056,297.2552,24.60623,13.22478,-14.81906,41.26863,1000,34.76984,-84.03099,33,282,643.6881,19,0.23,53.57,299.48
9/2/2033,2.231727,349.9659,41.78156,7.325636,-19.69773,34.349,1000,34.76984,-84.03099,33,277,573.3599,14,0.31,150.63,338.31
9/3/2033,9.499034,311.4368,55.76773,10.85745,-15.78235,37.49726,1000,34.76984,-84.03099,33,227,479.4625,72,2.98,123.21,250.02
9/4/2033,12.10228,6.432495,41.47459,14.81653,-19.41341,49.04647,1000,34.76984,-84.03099,33,250,813.1454,65,2.74,127.66,358.23
9/5/2033,5.513392,133.1477,75.02948,12.49332,-19.42684,44.41348,1000,34.76984,-84.03099,33,151,681.145,35,2.03,153.01,317.35
9/6/2033,13.28146,127.7388,45.45665,3.173113,-9.588309,15.93454,1000,34.76984,-84.03099,33,336,562.0203,12,3.4,168.63,79.39
9/7/2033,8.81039,37.98278,67.56396,13.69201,-18.71061,46.09462,1000,34.76984,-84.03099,33,263,968.4718,86,2.91,124.07,120.51
9/8/2033,11.51799,273.6631,50.07254,15.58069,-13.03494,44.19633,1000,34.76984,-84.03099,33,396,487.3746,68,1.2,111.94,124.95
9/9/2033,3.595173,279.0559,37.03059,17.09383,-14.48602,48.67368,1000,34.76984,-84.03099,33,155,929.4339,96,9.6,181.46,4.18
9/10/2033,2.621288,157.1413,57.79042,13.89793,-19.76544,47.5613,1000,34.76984,-84.03099,33,305,507.2467,75,3.97,97.28,424.6
9/11/2033,11.79446,52.65631,38.02449,11.67504,-17.95031,41.30038,1000,34.76984,-84.03099,33,147,234.5553,6,2.21,193.28,144.59
9/12/2033,15.24495,140.7907,73.92793,13.17423,-14.96749,41.31596,1000,34.76984,-84.03099,33,217,512.4542,76,5.03,65.58,194.88
9/13/2033,17.01251,69.84022,61.11299,16.89387,-13.66182,47.44957,1000,34.76984,-84.03099,33,279,575.5345,17,9.07,33.24,290.08
9/14/2033,17.34178,137.2085,61.26378,16.03494,-16.57523,48.64511,1000,34.76984,-84.03099,33,226,119.1152,26,3.35,104.33,348.93
9/15/2033,18.81202,262.2443,55.9694,15.61416,-15.99051,47.21883,1000,34.76984,-84.03099,33,346,633.5178,35,3.56,83.9,70.71
9/16/2033,16.39215,184.6465,45.0498,11.08354,-19.38485,41.55194,1000,34.76984,-84.03099,33,188,731.2432,88,9.02,86.47,189.65
9/17/2033,7.256989,47.26185,49.74736,12.57501,-19.79639,44.94641,1000,34.76984,-84.03099,33,374,413.8405,18,0.59,64.16,294.6
9/18/2033,3.723743,321.9958,42.49245,13.58146,-18.24749,45.41041,1000,34.76984,-84.03099,33,150,310.4612,36,1.82,18.96,463.14
9/19/2033,12.04666,352.7384,75.10176,19.17822,-11.42326,49.77971,1000,34.76984,-84.03099,33,137,457.4238,57,2.78,126.04,460.09
9/20/2033,0.5368447,150.3437,50.99397,10.51797,-19.48298,40.51892,1000,34.76984,-84.03099,33,369,581.4324,19,2.99,199.43,294.17
9/21/2033,6.376699,329.1742,33.23892,15.7646,-17.91379,49.44299,1000,34.76984,-84.03099,33,87,447.0875,62,4.18,96.35,98.36
9/22/2033,5.144654,41.94645,83.67406,11.69525,-19.50037,42.89088,1000,34.76984,-84.03099,33,535,683.3036,41,8.67,184.99,121.86
9/23/2033,14.09873,141.872,58.47814,16.61789,-16.28601,49.52179,1000,34.76984,-84.03099,33,535,188.246,2,9.38,23.14,99.84
9/24/2033,18.0397,39.94247,44.51799,14.80592,-19.80061,49.41244,1000,34.76984,-84.03099,33,516,545.3203,65,6.83,185.36,39.27
9/25/2033,10.68492,59.14335,34.79214,14.67455,-18.57153,47.92062,1000,34.76984,-84.03099,33,191,304.0206,12,2.72,170.43,45.02
9/26/2033,7.843476,308.0426,51.05088,15.12009,-18.14946,48.38964,1000,34.76984,-84.03099,33,192,171.9789,11,9.88,106.29,0.54
9/27/2033,16.27671,323.2613,49.01581,15.5262,-14.37298,45.42539,1000,34.76984,-84.03099,33,372,366.9264,37,4.74,83.94,224.94
9/28/2033,2.06305,161.1679,46.52823,5.681244,-19.53464,30.89713,1000,34.76984,-84.03099,33,46,520.2884,53,1.81,166.09,152.82
9/29/2033,2.803938,241.3811,51.86262,15.99847,-17.30893,49.30587,1000,34.76984,-84.03099,33,296,677.5971,90,4.06,118,388.83
9/30/2033,16.88248,73.58904,38.40239,12.23256,-17.23541,41.70053,1000,34.76984,-84.03099,33,382,269.8066,40,7.84,80.85,44.8
10/1/2033,14.12162,244.614,40.00157,14.96129,-17.75677,47.67934,1000,34.76984,-84.03099,33,212,606.5739,60,9.07,120.14,271.68
10/2/2033,12.29066,30.65606,40.4455,14.09332,-18.58814,46.77479,1000,34.76984,-84.03099,33,216,502.6515,92,9.71,135.02,464.33
10/3/2033,16.00317,117.2956,53.11371,13.5676,-16.86443,43.99963,1000,34.76984,-84.03099,33,161,721.4277,53,0.49,180.33,157.56
10/4/2033,16.76668,122.8296,56.20039,16.49165,-14.67948,47.66278,1000,34.76984,-84.03099,33,181,416.5313,71,3.08,27.59,47.02
10/5/2033,7.068085,346.9881,23.95058,14.12202,-15.60249,43.84653,1000,34.76984,-84.03099,33,272,938.4711,16,3.86,138.57,414.97
10/6/2033,4.119668,101.746,55.07648,13.58684,-19.65714,46.83083,1000,34.76984,-84.03099,33,250,599.129,55,7.98,182.85,289.56
10/7/2033,11.99843,61.97195,39.46511,11.8819,-17.10531,40.8691,1000,34.76984,-84.03099,33,288,251.978,66,6.41,71.47,113.6
10/8/2033,14.35291,350.7943,38.69885,13.88575,-17.42213,45.19363,1000,34.76984,-84.03099,33,207,287.0671,9,7.66,158.52,419.72
10/9/2033,6.185602,132.1625,62.388,12.30107,-19.05235,43.65448,1000,34.76984,-84.03099,33,356,598.7833,74,0.72,101.4,395.93
10/10/2033,10.4614,41.93821,39.86041,14.54826,-17.29729,46.39381,1000,34.76984,-84.03099,33,322,787.4868,43,3.51,196.98,341.63
10/11/2033,8.233303,282.1978,61.94764,13.73359,-19.81834,47.28552,1000,34.76984,-84.03099,33,102,292.7704,51,5.57,188.55,37.51
10/12/2033,6.864342,200.4084,51.39605,12.38654,-16.7822,41.55528,1000,34.76984,-84.03099,33,260,675.4598,11,4.42,161.23,36.01
10/13/2033,16.01703,149.0157,60.83203,16.00337,-17.09795,49.10468,1000,34.76984,-84.03099,33,297,501.0499,71,2.46,50.47,424.54
10/14/2033,9.638849,118.1012,57.81997,16.47448,-16.71208,49.66104,1000,34.76984,-84.03099,33,208,267.4804,95,7.86,121.52,154.28
10/15/2033,11.82527,284.6349,53.4564,16.62762,-16.56947,49.82471,1000,34.76984,-84.03099,33,443,698.2738,85,8.28,164.75,75.74
10/16/2033,11.52586,15.03938,41.85017,15.66522,-18.42145,49.7519,1000,34.76984,-84.03099,33,443,174.2921,84,6.32,89.59,77.98
10/17/2033,9.409837,340.4488,47.88769,12.87311,-11.32261,37.06882,1000,34.76984,-84.03099,33,549,697.0183,13,1.52,182.18,413.32
10/18/2033,14.14637,274.3949,45.5946,14.16787,-18.06092,46.39665,1000,34.76984,-84.03099,33,130,547.2853,3,1.74,42.3,247.81
10/19/2033,6.691393,173.4561,48.44992,13.17133,-16.40962,42.75228,1000,34.76984,-84.03099,33,353,746.0231,16,9.08,193.37,367.7
10/20/2033,6.73984,4.667816,34.33826,16.21941,-16.74121,49.18004,1000,34.76984,-84.03099,33,185,256.3581,0,6.82,167.92,332.3
10/21/2033,17.49227,145.5378,52.70915,14.37949,-18.58926,47.34824,1000,34.76984,-84.03099,33,183,702.047,52,9.12,41.88,370.76
10/22/2033,13.76793,164.614,49.79841,14.42419,-14.92579,43.77416,1000,34.76984,-84.03099,33,287,527.1638,47,8.95,165.36,319.38
10/23/2033,13.20065,191.711,31.82388,11.74654,-19.89531,43.38839,1000,34.76984,-84.03099,33,436,439.2531,85,1.66,71.12,381.59
10/24/2033,15.50951,278.1576,50.45935,12.33747,-19.13459,43.80953,1000,34.76984,-84.03099,33,218,454.8983,35,0.78,47.5,289.23
10/25/2033,9.881726,97.10522,49.72214,12.0984,-19.99039,44.1872,1000,34.76984,-84.03099,33,135,323.1395,21,4.53,187.09,462.24
10/26/2033,1.308322,140.1275,57.40961,14.85602,-16.62589,46.33793,1000,34.76984,-84.03099,33,61,641.4504,24,6.83,98.54,336.51
10/27/2033,0.06783962,55.64292,57.22894,13.07877,-18.898,45.05555,1000,34.76984,-84.03099,33,307,835.9172,59,1.12,6.34,175.45
10/28/2033,6.037265,192.2124,11.07528,13.10462,-17.55041,43.75965,1000,34.76984,-84.03099,33,263,482.1528,22,2.88,107.52,443.13
10/29/2033,16.7743,1.072669,47.5325,8.686789,-18.75383,36.12741,1000,34.76984,-84.03099,33,134,659.7073,96,0.65,143.48,28.33
10/30/2033,5.508245,14.72803,41.40208,7.929997,-19.13044,34.99044,1000,34.76984,-84.03099,33,249,472.0063,11,5.85,170.01,24.23
10/31/2033,18.39693,31.39562,65.10429,14.89537,-19.9788,49.76954,1000,34.76984,-84.03099,33,289,362.5027,80,3.02,112.79,212.19
11/1/2033,8.068782,311.6756,43.17772,12.5154,-18.32846,43.35926,1000,34.76984,-84.03099,33,224,827.6899,0,5.86,176.94,336.47
11/2/2033,0.2291536,79.34331,38.60362,11.83047,-14.92304,38.58398,1000,34.76984,-84.03099,33,233,337.1236,58,3.76,96.96,87.79
11/3/2033,2.844214,226.6752,45.27882,13.22396,-18.94994,45.39787,1000,34.76984,-84.03099,33,171,630.8694,91,2.79,162.36,130.41
11/4/2033,18.43609,320.7615,51.94658,12.18398,-15.41018,39.77814,1000,34.76984,-84.03099,33,202,494.8542,49,1.44,37.64,13.13
11/5/2033,7.496148,214.6895,48.11163,16.02146,-15.40431,47.44722,1000,34.76984,-84.03099,33,401,793.1672,28,0.62,35,237.58
11/6/2033,5.141329,286.0447,49.43088,18.89566,-9.374553,47.16587,1000,34.76984,-84.03099,33,185,549.8065,1,2.31,171.66,143.79
11/7/2033,11.92046,189.1369,38.42542,11.92617,-18.83686,42.6892,1000,34.76984,-84.03099,33,330,453.553,94,8.14,50.68,53.94
11/8/2033,14.64475,157.5439,57.45963,11.65078,-19.00219,42.30375,1000,34.76984,-84.03099,33,88,931.1428,9,4.86,1.07,39.1
11/9/2033,8.480219,332.7339,55.05574,11.21866,-17.29514,39.73246,1000,34.76984,-84.03099,33,339,817.9967,69,2.81,178.61,52.2
11/10/2033,14.60612,215.5149,30.66067,15.10657,-14.59712,44.81026,1000,34.76984,-84.03099,33,220,492.5076,86,6.43,53.95,154.09
11/11/2033,14.92515,174.8285,62.02022,13.52095,-19.4249,46.46681,1000,34.76984,-84.03099,33,342,795.6427,31,8.02,159.45,474.63
11/12/2033,5.429238,101.8607,21.92254,14.1837,-13.05548,41.42287,1000,34.76984,-84.03099,33,187,286.3707,61,8.73,42.49,221.76
11/13/2033,1.505575,0.9779978,32.71862,14.9272,-18.64809,48.50249,1000,34.76984,-84.03099,33,102,606.0463,1,7.22,42.45,106.11
11/14/2033,11.68104,329.7899,50.7404,4.259326,-16.10904,24.62769,1000,34.76984,-84.03099,33,359,574.4314,34,7.95,166.58,29.51
11/15/2033,3.777936,94.83221,51.00973,4.795195,-17.96284,27.55323,1000,34.76984,-84.03099,33,171,382.7636,25,1.81,89.7,497.69
11/16/2033,5.514074,137.2626,38.82392,3.441054,-19.39315,26.27526,1000,34.76984,-84.03099,33,236,594.6733,23,1.6,104.29,230.86
11/17/2033,3.219099,125.7261,41.48602,13.59059,-17.84838,45.02956,1000,34.76984,-84.03099,33,414,660.4192,29,6.27,118.32,485.73
11/18/2033,2.126081,272.0842,64.37621,15.54724,-14.87691,45.97139,1000,34.76984,-84.03099,33,102,431.8643,64,4.99,14.96,0.41
11/19/2033,0.01492023,344.5273,49.25877,2.625987,-19.42369,24.67566,1000,34.76984,-84.03099,33,382,26.03442,43,2.56,29.74,11.86
11/20/2033,7.163578,345.5822,55.23793,15.25958,-18.38068,48.89984,1000,34.76984,-84.03099,33,84,489.7686,34,2.28,59.03,239.46
11/21/2033,13.22373,328.2289,42.27191,14.63736,-19.72862,49.00335,1000,34.76984,-84.03099,33,349,332.8541,36,4.73,152.76,332.98
11/22/2033,9.931265,16.22882,45.37098,14.02465,-19.98911,48.03842,1000,34.76984,-84.03099,33,236,342.1264,1,9.27,17.24,464.64
11/23/2033,17.69924,207.8819,52.98617,14.01502,-19.81575,47.84578,1000,34.76984,-84.03099,33,391,795.3535,4,3.07,88.64,47.27
11/24/2033,13.22357,72.79417,44.40363,11.76626,-19.67013,43.20264,1000,34.76984,-84.03099,33,120,377.1425,7,6.68,22.92,472.67
11/25/2033,16.08414,327.8414,60.59723,8.382056,-19.99417,36.75828,1000,34.76984,-84.03099,33,158,294.5394,30,8.91,162.97,9.04
11/26/2033,1.231616,211.8747,44.6201,11.8346,-19.01488,42.68408,1000,34.76984,-84.03099,33,437,579.5308,79,3.73,54.77,100.35
11/27/2033,7.600986,181.1669,47.04488,12.00799,-19.65748,43.67345,1000,34.76984,-84.03099,33,367,430.1161,27,4.24,55.2,116.56
11/28/2033,10.16329,239.8849,61.8554,11.8462,-17.98515,41.67754,1000,34.76984,-84.03099,33,342,305.9049,90,6.08,156.77,116.61
11/29/2033,4.702632,284.5361,51.79416,7.619473,-19.00256,34.24151,1000,34.76984,-84.03099,33,180,372.3143,81,0.99,139.75,124.41
11/30/2033,14.77778,63.9143,37.18793,15.00663,-14.59249,44.60574,1000,34.76984,-84.03099,33,141,628.8582,100,6.74,86.48,377.41
12/1/2033,15.12557,335.6241,57.46696,12.43703,-18.29026,43.16431,1000,34.76984,-84.03099,33,262,864.0469,5,0.23,117.31,342.98
12/2/2033,17.47359,341.6876,66.70718,7.19334,-17.91731,32.30399,1000,34.76984,-84.03099,33,326,582.9141,54,0.65,69.89,376.71
12/3/2033,4.436443,344.2982,33.85361,13.30548,-18.17033,44.7813,1000,34.76984,-84.03099,33,185,711.8887,7,7.44,72.62,187.58
12/4/2033,7.880841,35.29894,39.68262,12.65479,-13.446,38.75558,1000,34.76984,-84.03099,33,201,358.3329,2,8.4,18.94,475.68
12/5/2033,7.45005,143.8896,71.61694,14.5016,-17.54513,46.54832,1000,34.76984,-84.03099,33,425,821.8374,7,2.86,52.86,119.4
12/6/2033,10.77131,147.6425,48.90454,13.19314,-15.70673,42.093,1000,34.76984,-84.03099,33,185,698.1923,95,4.24,135.06,23.86
12/7/2033,12.59379,100.8488,70.24551,15.74893,-17.68294,49.18081,1000,34.76984,-84.03099,33,265,128.9607,74,9.7,74.78,257.16
12/8/2033,5.913428,238.277,47.8656,10.18017,-16.53724,36.89758,1000,34.76984,-84.03099,33,213,545.4066,45,5.6,164.06,22.36
12/9/2033,7.625528,352.0624,48.63033,15.69074,-18.41806,49.79955,1000,34.76984,-84.03099,33,112,208.6926,93,2.41,160.79,291.44
12/10/2033,5.873045,302.3326,63.83686,11.34327,-16.61978,39.30632,1000,34.76984,-84.03099,33,690,507.9359,24,4.65,100.17,64.83
12/11/2033,2.195477,196.6267,49.87708,13.48364,-17.72128,44.68856,1000,34.76984,-84.03099,33,82,528.7784,11,9.57,170.03,419.49
12/12/2033,3.43205,43.66628,57.34449,13.53182,-14.80706,41.87071,1000,34.76984,-84.03099,33,387,722.3745,47,3.04,122.23,450.35
12/13/2033,3.392224,108.4626,26.71133,17.86122,-12.81758,48.54001,1000,34.76984,-84.03099,33,387,239.0547,82,0.81,38.8,135.22
12/14/2033,4.72496,344.336,74.9651,14.66247,-15.4684,44.79334,1000,34.76984,-84.03099,33,322,579.5657,76,2.2,176.87,38.79
12/15/2033,2.843268,161.0591,56.42529,8.79865,-19.78582,37.38312,1000,34.76984,-84.03099,33,237,221.8625,8,3.58,128.21,254.48
12/16/2033,15.88524,175.9438,42.0256,15.26187,-15.20536,45.72911,1000,34.76984,-84.03099,33,250,825.0582,98,5.31,10.59,88.58
12/17/2033,8.812157,258.8832,57.68535,11.9565,-19.59217,43.50518,1000,34.76984,-84.03099,33,314,551.0349,61,3.77,7.57,464.12
12/18/2033,13.0037,325.9428,58.98629,12.72001,-18.79628,44.23629,1000,34.76984,-84.03099,33,101,154.4104,96,7.28,10.49,14.63
12/19/2033,8.642334,325.7675,53.68417,13.93303,-17.68386,45.54992,1000,34.76984,-84.03099,33,317,305.3293,16,9.71,99.56,14.23
12/20/2033,10.59939,299.0891,54.00867,12.05575,-17.56011,41.6716,1000,34.76984,-84.03099,33,401,537.1318,38,4.05,57.98,381.93
12/21/2033,0.5229044,186.6193,62.18407,10.4177,-16.42715,37.26256,1000,34.76984,-84.03099,33,236,674.7437,44,5.27,123.23,108.16
12/22/2033,4.327416,321.1136,23.58708,13.60377,-19.24377,46.45131,1000,34.76984,-84.03099,33,300,212.0934,40,8.23,107.86,345.62
12/23/2033,9.142672,243.9001,61.5486,11.20995,-17.89109,40.31098,1000,34.76984,-84.03099,33,105,507.0095,95,9.55,137.86,47.31
12/24/2033,15.41751,214.0933,56.06271,16.44238,-14.57502,47.45977,1000,34.76984,-84.03099,33,403,813.4258,28,0.14,80.11,84.92
12/25/2033,19.60388,307.2417,46.15335,12.99586,-11.15471,37.14644,1000,34.76984,-84.03099,33,180,635.1653,19,3.12,13.64,6.73
12/26/2033,19.24885,135.3565,34.77645,15.76325,-17.96806,49.49455,1000,34.76984,-84.03099,33,311,467.0647,23,0.46,195.39,122
12/27/2033,2.341588,156.0124,45.21236,13.55167,-19.66983,46.77317,1000,34.76984,-84.03099,33,165,322.9845,46,7.04,21.4,362.05
12/28/2033,16.78602,173.8946,47.9887,15.04974,-13.99385,44.09333,1000,34.76984,-84.03099,33,245,680.9019,51,0.62,124.52,434.75
12/29/2033,4.929037,317.5522,58.75044,9.130273,-16.29168,34.55222,1000,34.76984,-84.03099,33,317,820.4183,49,6.19,174.31,469.44
12/30/2033,15.98358,39.68039,39.70465,16.43095,-12.41534,45.27724,1000,34.76984,-84.03099,33,299,738.9076,7,4.15,110.06,402.64
12/31/2033,8.06243,229.6058,48.16376,11.54958,-19.34139,42.44055,1000,34.76984,-84.03099,33,79,703.3003,11,2.34,18.13,316.94
1/1/2034,7.211309,7.899084,43.53264,11.90357,-18.7312,42.53834,1000,34.76984,-84.03099,34,296,786.3536,57,0.2,5.75,115.07
1/2/2034,10.60551,166.3402,63.35118,12.7921,-19.13667,44.72087,1000,34.76984,-84.03099,34,362,866.8597,0,8.55,168.33,278.06
1/3/2034,9.406137,157.9611,51.29427,16.98372,-15.3546,49.32204,1000,34.76984,-84.03099,34,261,422.6869,6,0.25,166.91,203.27
1/4/2034,10.81823,94.70676,58.74277,11.1588,-18.74759,41.06518,1000,34.76984,-84.03099,34,403,831.7435,34,5.39,128.9,0.8
1/5/2034,2.517118,101.7412,43.9456,13.43385,-11.41802,38.28572,1000,34.76984,-84.03099,34,403,692.2655,61,9.25,172.37,450.8
1/6/2034,19.3667,106.7183,48.47316,13.73352,-18.67305,46.14009,1000,34.76984,-84.03099,34,457,301.7747,31,2.51,90.54,148.56
1/7/2034,7.445761,294.6943,38.83229,13.43403,-15.20077,42.06883,1000,34.76984,-84.03099,34,189,251.2459,39,7.05,34.54,280.76
1/8/2034,14.94643,196.823,17.40259,16.9496,-14.72817,48.62737,1000,34.76984,-84.03099,34,378,256.0219,24,5.91,14.7,46.17
1/9/2034,9.457053,320.4429,27.52555,9.998392,-18.11398,38.11076,1000,34.76984,-84.03099,34,236,610.4082,31,2.21,111.54,203.04
1/10/2034,5.598225,120.8211,45.47214,9.873284,-18.37771,38.12428,1000,34.76984,-84.03099,34,255,607.6028,91,5.46,5.53,158.99
1/11/2034,15.83588,162.2062,28.69143,14.89603,-17.95119,47.74324,1000,34.76984,-84.03099,34,335,603.0268,10,0.18,78.54,412.6
1/12/2034,15.5992,295.1811,42.19796,12.21829,-14.8588,39.29538,1000,34.76984,-84.03099,34,162,705.7361,60,4.71,183.72,148.7
1/13/2034,17.37773,296.0515,71.03671,6.750945,-19.99977,33.50166,1000,34.76984,-84.03099,34,411,517.5341,36,0.18,19.65,301.69
1/14/2034,12.64961,92.47263,45.71965,11.01541,-16.38257,38.41339,1000,34.76984,-84.03099,34,194,168.242,71,1.43,173.79,31.73
1/15/2034,10.26051,255.555,40.78789,15.26774,-14.86955,45.40504,1000,34.76984,-84.03099,34,126,609.6797,1,2.18,131.43,437.22
1/16/2034,19.64634,160.5996,74.95883,7.434875,-19.07478,33.94453,1000,34.76984,-84.03099,34,459,746.7772,68,6.12,28.57,12.96
1/17/2034,18.92263,255.6689,61.38355,9.332668,-18.40124,37.06658,1000,34.76984,-84.03099,34,208,568.5869,85,6.64,104.79,150.88
1/18/2034,1.417153,16.41975,42.321,18.1515,-13.07095,49.37394,1000,34.76984,-84.03099,34,180,272.6012,20,8.95,122.5,181.03
1/19/2034,8.473338,255.5871,57.13552,4.709126,-19.79435,29.2126,1000,34.76984,-84.03099,34,196,476.9274,7,7.37,35.87,131.75
1/20/2034,18.00988,107.6646,25.0889,8.676952,-17.54308,34.89698,1000,34.76984,-84.03099,34,300,127.3069,83,5.38,42.02,32.84
1/21/2034,2.508144,264.7967,60.62037,13.98791,-19.07444,47.05027,1000,34.76984,-84.03099,34,197,786.491,39,0.55,161.61,492.4
1/22/2034,13.16514,37.1867,42.42971,3.344739,-19.54094,26.23042,1000,34.76984,-84.03099,34,211,584.9445,42,1.54,131.22,380.18
1/23/2034,18.72523,43.13366,52.88263,15.20455,-14.37461,44.7837,1000,34.76984,-84.03099,34,245,403.0488,3,7.97,167.79,401.91
1/24/2034,11.51488,172.6671,42.57028,10.93283,-19.49529,41.36094,1000,34.76984,-84.03099,34,234,914.5311,4,2.1,35.2,288.52
1/25/2034,7.94042,203.3963,62.58142,17.39496,-14.47153,49.26146,1000,34.76984,-84.03099,34,400,69.5498,75,8.31,62.96,317.58
1/26/2034,4.735625,6.571198,46.25016,13.63805,-17.83573,45.11182,1000,34.76984,-84.03099,34,300,211.1535,14,8.22,161.39,462.97
1/27/2034,8.883658,4.286256,57.309,14.83654,-18.16719,47.84026,1000,34.76984,-84.03099,34,390,258.6889,12,2.35,185.06,251.48
1/28/2034,16.62386,339.7581,45.9501,14.94048,-18.42356,48.30452,1000,34.76984,-84.03099,34,155,485.1211,35,1.16,117.6,65.27
1/29/2034,18.4502,312.486,58.72261,9.788534,-17.36926,36.94633,1000,34.76984,-84.03099,34,317,338.3663,61,5.17,18.91,336.37
1/30/2034,17.9916,284.8771,59.0015,15.7794,-17.49609,49.05489,1000,34.76984,-84.03099,34,159,888.7775,98,2.94,38.46,282.8
1/31/2034,8.973676,197.6592,27.27352,8.64743,-17.19049,34.48535,1000,34.76984,-84.03099,34,391,928.8709,6,7.1,195.29,449.02
2/1/2034,2.690532,347.2029,55.48143,13.88402,-17.15161,44.91964,1000,34.76984,-84.03099,34,234,478.6164,45,7.85,167.08,325.34
2/2/2034,4.793351,273.0285,33.10482,15.08457,-16.5605,46.72965,1000,34.76984,-84.03099,34,255,478.927,11,8.13,101.16,11.33
2/3/2034,13.95135,347.3774,37.25773,14.52381,-19.66536,48.71299,1000,34.76984,-84.03099,34,372,471.7934,21,3.95,104.76,347.15
2/4/2034,17.71735,44.06093,24.5907,11.458,-17.628,40.54401,1000,34.76984,-84.03099,34,179,650.4492,10,4.97,4.87,148.9
2/5/2034,16.7322,151.3046,68.64587,17.84407,-13.77794,49.46608,1000,34.76984,-84.03099,34,88,478.1869,16,6.76,130.2,417.11
2/6/2034,12.30205,172.3388,45.75437,15.06675,-16.53627,46.66977,1000,34.76984,-84.03099,34,291,116.2791,25,1,98.57,265.34
2/7/2034,0.02178192,344.8179,40.62683,14.48819,-19.77203,48.74842,1000,34.76984,-84.03099,34,101,386.7831,35,2.82,185.67,434.38
2/8/2034,7.829398,298.8587,70.76939,16.33412,-17.06379,49.73203,1000,34.76984,-84.03099,34,417,796.1875,66,2.32,149.77,286.66
2/9/2034,13.21125,76.71989,50.71843,6.902085,-17.9583,31.76247,1000,34.76984,-84.03099,34,46,245.8644,6,3.72,19.75,61.71
2/10/2034,6.96344,333.4593,55.38818,15.09175,-18.63736,48.82087,1000,34.76984,-84.03099,34,320,469.8188,54,1.94,151.31,407.88
2/11/2034,1.660638,195.7908,50.16908,13.78238,-19.92366,47.48842,1000,34.76984,-84.03099,34,205,131.5198,41,0.71,90.77,187.74
2/12/2034,5.788141,114.3787,67.32153,15.72053,-16.29007,47.73113,1000,34.76984,-84.03099,34,285,450.0997,32,1.18,183.86,29.66
2/13/2034,3.455396,199.4865,54.76558,17.0199,-13.54935,47.58916,1000,34.76984,-84.03099,34,240,589.901,71,0.98,179.2,28.24
2/14/2034,17.15392,226.1961,60.47426,15.48,-18.1333,49.09331,1000,34.76984,-84.03099,34,145,442.4405,31,5.21,138.55,70.64
2/15/2034,4.035249,2.536812,45.32331,15.43589,-14.60147,45.47324,1000,34.76984,-84.03099,34,319,422.1239,14,2.87,105.14,61.06
2/16/2034,8.96793,308.1841,30.38515,17.04724,-10.01879,44.11328,1000,34.76984,-84.03099,34,337,451.0593,28,4.71,119,329.86
2/17/2034,2.962425,342.1188,46.68637,15.8112,-13.59049,45.21289,1000,34.76984,-84.03099,34,207,379.701,14,9.2,176.49,265.03
2/18/2034,8.977262,291.8418,63.00203,17.27944,-14.42667,48.98556,1000,34.76984,-84.03099,34,313,278.102,0,9.16,155.54,301.29
2/19/2034,2.649486,268.9335,31.49826,11.20364,-17.73661,40.14389,1000,34.76984,-84.03099,34,217,547.2875,61,4.01,45.36,76.28
2/20/2034,10.16143,191.8554,30.74699,13.53498,-16.97247,44.04243,1000,34.76984,-84.03099,34,231,517.3481,13,2.76,22.14,381.04
2/21/2034,18.45496,328.9525,64.14962,9.514065,-17.07489,36.10302,1000,34.76984,-84.03099,34,416,96.14694,46,4.53,131.65,472.26
2/22/2034,16.77422,316.1371,49.07987,16.17749,-16.81509,49.17007,1000,34.76984,-84.03099,34,267,973.3193,42,5.96,161.79,103.84
2/23/2034,4.955244,262.7084,69.8829,14.50536,-17.66573,46.67646,1000,34.76984,-84.03099,34,137,405.3091,99,1.65,193.57,129.15
2/24/2034,13.06176,353.4128,45.90873,11.60474,-18.8421,42.05157,1000,34.76984,-84.03099,34,271,652.1276,73,1.93,101.34,29.62
2/25/2034,19.12234,45.53288,41.65384,13.48563,-16.53876,43.51003,1000,34.76984,-84.03099,34,264,558.6831,92,0.43,199.27,225.13
2/26/2034,4.276171,168.3158,38.72779,16.77736,-14.86911,48.42383,1000,34.76984,-84.03099,34,303,890.1672,78,5.51,66.53,455.5
2/27/2034,17.25727,329.8627,68.19065,11.34388,-19.8229,42.51066,1000,34.76984,-84.03099,34,186,162.6871,54,5.81,23.61,262.8
2/28/2034,2.123587,112.8547,39.55176,15.75801,-17.03897,48.55499,1000,34.76984,-84.03099,34,127,833.3676,73,4.37,188.33,2.5
3/1/2034,11.33895,286.3601,56.46953,14.94072,-12.53365,42.41509,1000,34.76984,-84.03099,34,442,295.064,19,1.38,97.74,126.94
3/2/2034,17.86556,201.9353,46.46138,13.77795,-19.41882,46.97472,1000,34.76984,-84.03099,34,74,18.65637,84,2.02,83.06,228.66
3/3/2034,2.172017,179.3792,40.64048,7.515587,-15.46402,30.49519,1000,34.76984,-84.03099,34,411,574.6578,27,5.65,148.98,213.27
3/4/2034,12.15855,317.7524,33.47536,2.376353,-19.8993,24.65201,1000,34.76984,-84.03099,34,411,595.3953,24,9.38,25.89,161.08
3/5/2034,1.278417,55.08373,30.43916,12.92638,-17.4101,43.26285,1000,34.76984,-84.03099,34,430,327.295,38,6.24,174,115.54
3/6/2034,4.537785,9.228601,49.77454,7.310979,-19.7656,34.38755,1000,34.76984,-84.03099,34,242,601.3486,88,0.11,16.32,463.73
3/7/2034,7.054676,32.88491,74.77365,8.965897,-17.1245,35.0563,1000,34.76984,-84.03099,34,271,799.1161,49,7.72,93.79,155.8
3/8/2034,2.617409,173.8026,52.24865,14.06284,-19.69799,47.82366,1000,34.76984,-84.03099,34,448,468.9795,55,0.22,98.31,198.75
3/9/2034,7.187003,14.66233,35.668,14.79025,-18.9774,48.55789,1000,34.76984,-84.03099,34,105,578.9648,92,5.54,71.3,154.68
3/10/2034,3.105495,37.41463,48.12823,13.71917,-16.19158,43.62991,1000,34.76984,-84.03099,34,452,465.4243,92,2.27,98.52,337.69
3/11/2034,10.78069,29.21514,38.68917,14.97568,-18.49762,48.44897,1000,34.76984,-84.03099,34,442,337.5577,87,4.35,83.33,59.6
3/12/2034,10.48354,349.67,47.05555,6.488892,-19.92452,32.90231,1000,34.76984,-84.03099,34,244,776.8318,12,2.27,154.2,112.47
3/13/2034,4.793653,107.0282,45.34526,12.9126,-17.15417,42.97936,1000,34.76984,-84.03099,34,105,544.2112,91,5.81,193.29,203.41
3/14/2034,18.53987,226.2045,48.55264,14.28527,-19.13776,47.7083,1000,34.76984,-84.03099,34,57,536.8926,59,5.06,162.14,407.31
3/15/2034,17.36222,296.8482,36.53686,10.15155,-18.82467,39.12777,1000,34.76984,-84.03099,34,556,370.1949,32,2.68,104.59,462.38
3/16/2034,10.96861,221.085,67.56823,9.444275,-18.81259,37.70114,1000,34.76984,-84.03099,34,203,202.5521,32,4.3,188.04,340.35
3/17/2034,18.08475,288.3242,62.29834,14.39233,-19.95037,48.73503,1000,34.76984,-84.03099,34,235,343.6343,34,4.5,180.61,444.5
3/18/2034,3.378754,174.4182,58.23949,15.44944,-18.26885,49.16773,1000,34.76984,-84.03099,34,231,478.9708,24,1.38,161.71,384.02
3/19/2034,11.28107,76.60188,42.23345,15.55072,-16.6993,47.80075,1000,34.76984,-84.03099,34,199,720.3226,30,4.33,73.25,495.95
3/20/2034,5.808329,23.28754,47.82251,14.78277,-16.74098,46.30653,1000,34.76984,-84.03099,34,309,802.7474,59,1.34,174.81,125.17
3/21/2034,9.91674,210.1071,47.93246,16.63819,-11.98026,45.25663,1000,34.76984,-84.03099,34,278,737.8297,24,8.27,6.04,128.93
3/22/2034,16.03314,199.7372,47.95139,7.818075,-19.84412,35.48027,1000,34.76984,-84.03099,34,92,301.017,11,9.81,119.42,367.09
3/23/2034,15.04655,180.1316,44.73294,10.89128,-18.64021,40.42276,1000,34.76984,-84.03099,34,262,663.8333,39,9.08,129.72,189.45
3/24/2034,5.541721,330.2371,39.07933,10.34268,-18.23855,38.9239,1000,34.76984,-84.03099,34,389,218.9355,20,4.84,56.57,77.95
3/25/2034,14.64168,278.898,61.25533,17.08551,-14.93304,49.10406,1000,34.76984,-84.03099,34,216,608.0935,68,2.41,134.89,114.03
3/26/2034,14.72276,253.9639,52.68362,6.36734,-19.79821,32.53289,1000,34.76984,-84.03099,34,437,307.5799,57,8.41,84.89,403.64
3/27/2034,7.155489,73.78006,50.45761,13.64915,-19.73104,47.02934,1000,34.76984,-84.03099,34,437,756.1924,49,9.36,67.03,209.63
3/28/2034,12.26068,156.5141,40.27237,9.464564,-19.65717,38.5863,1000,34.76984,-84.03099,34,484,422.0814,44,9.16,106.23,305.5
3/29/2034,14.2382,96.886,47.63237,20.9105,-8.117043,49.93804,1000,34.76984,-84.03099,34,154,338.2476,68,4.4,178.22,207.5
3/30/2034,13.72713,326.575,34.66523,14.61331,-14.98517,44.21178,1000,34.76984,-84.03099,34,314,731.0237,71,6.53,92.33,215.32
3/31/2034,2.473853,20.94028,49.49196,14.49207,-16.06137,45.04551,1000,34.76984,-84.03099,34,171,393.5408,97,8.77,17.43,499
4/1/2034,3.860981,3.767624,50.95278,8.226605,-17.13055,33.58376,1000,34.76984,-84.03099,34,229,786.0836,83,3.04,51.01,278.98
4/2/2034,8.40447,332.3987,43.7419,11.48722,-17.56467,40.53911,1000,34.76984,-84.03099,34,426,422.2773,60,6.71,117.3,368.25
4/3/2034,6.039104,75.54714,65.57788,19.22204,-10.26423,48.70831,1000,34.76984,-84.03099,34,267,792.9598,92,4.45,70.46,256.06
4/4/2034,18.14167,64.40568,59.41791,13.96795,-19.2369,47.17279,1000,34.76984,-84.03099,34,343,693.4735,20,2.34,11.51,269.06
4/5/2034,2.888134,185.7503,32.12199,16.76287,-14.28994,47.81568,1000,34.76984,-84.03099,34,155,480.0016,66,4.37,99.54,124.88
4/6/2034,18.05684,15.74967,46.50359,12.11641,-19.83842,44.07124,1000,34.76984,-84.03099,34,107,395.7805,71,0.4,145.34,36.99
4/7/2034,18.49734,64.87688,42.32488,7.7439,-18.43299,33.92079,1000,34.76984,-84.03099,34,432,441.3878,10,8.12,42.29,323.87
4/8/2034,9.060489,43.38823,47.38088,11.76872,-18.74032,42.27776,1000,34.76984,-84.03099,34,104,338.9428,80,7.19,137.87,340.56
4/9/2034,17.79231,328.5479,53.39174,5.122381,-18.33166,28.57643,1000,34.76984,-84.03099,34,202,344.0299,33,5.49,1.79,232
4/10/2034,16.53488,167.7773,81.19991,11.90091,-17.13277,40.9346,1000,34.76984,-84.03099,34,233,490.3553,46,5.84,5.26,400.98
4/11/2034,11.08366,178.8807,53.38644,7.712169,-18.72357,34.14791,1000,34.76984,-84.03099,34,458,33.18322,4,5.49,94.92,438.56
4/12/2034,2.771733,290.131,65.26348,8.944799,-19.56373,37.45333,1000,34.76984,-84.03099,34,210,608.2588,30,9.8,121.57,167.18
4/13/2034,9.288458,49.97582,66.44297,9.279588,-15.7846,34.34377,1000,34.76984,-84.03099,34,277,460.8596,50,9.82,84.52,61.92
4/14/2034,15.51742,108.7545,52.14672,14.93921,-15.74416,45.62257,1000,34.76984,-84.03099,34,238,761.0997,4,6.35,142.46,203.7
4/15/2034,9.179176,249.5129,45.21027,13.083,-17.20063,43.36664,1000,34.76984,-84.03099,34,264,588.1219,86,2.1,138.12,322.3
4/16/2034,10.82641,290.7833,45.71317,11.09079,-17.90286,40.08444,1000,34.76984,-84.03099,34,353,161.2421,70,1.17,152.75,241.64
4/17/2034,0.9174895,306.0825,54.01919,7.337682,-17.88532,32.56068,1000,34.76984,-84.03099,34,81,185.9174,26,3.59,27.59,486.53
4/18/2034,2.056496,159.051,57.6771,15.04986,-14.36345,44.46317,1000,34.76984,-84.03099,34,371,284.0874,71,4.27,72.52,246.62
4/19/2034,14.53995,119.688,39.12901,11.96043,-18.67495,42.5958,1000,34.76984,-84.03099,34,167,742.3052,100,1.3,100.75,37.99
4/20/2034,16.81435,147.9967,31.75139,11.91339,-12.91012,36.7369,1000,34.76984,-84.03099,34,344,47.30225,82,5.6,131.02,379.47
4/21/2034,13.40752,38.54691,34.50905,13.26783,-19.31687,45.85254,1000,34.76984,-84.03099,34,215,941.895,9,6.27,182.82,1.91
4/22/2034,10.99216,24.35356,52.26611,9.700716,-19.92578,39.32721,1000,34.76984,-84.03099,34,426,388.8298,3,7.59,78.27,94.72
4/23/2034,2.511525,57.72848,55.39656,10.46514,-16.37112,37.30139,1000,34.76984,-84.03099,34,221,308.745,64,8.1,6.76,158.59
4/24/2034,16.06768,354.114,52.41798,13.31692,-16.64608,43.27992,1000,34.76984,-84.03099,34,256,411.5633,74,5.53,115.36,232.46
4/25/2034,11.63013,283.1902,31.21911,11.66395,-17.4238,40.75171,1000,34.76984,-84.03099,34,354,242.7067,29,6.25,64.06,45.29
4/26/2034,2.887905,3.352289,55.12635,17.06569,-14.84084,48.97221,1000,34.76984,-84.03099,34,90,449.2421,73,4.02,71.26,227.88
4/27/2034,13.9475,154.8484,57.73301,20.08834,-9.515809,49.69249,1000,34.76984,-84.03099,34,83,483.615,99,3.21,1.71,175.21
4/28/2034,14.12323,295.5218,64.08994,13.69776,-19.9594,47.35492,1000,34.76984,-84.03099,34,510,414.9823,91,4.18,3.26,257.15
4/29/2034,1.53043,144.724,60.26236,12.72662,-16.71427,42.16751,1000,34.76984,-84.03099,34,112,610.6105,0,0.61,92.03,420.59
4/30/2034,15.9247,191.0706,51.7021,15.35022,-18.52058,49.22102,1000,34.76984,-84.03099,34,348,521.8936,57,2.14,82.01,142.76
5/1/2034,18.91211,256.0272,63.61659,14.53718,-17.33782,46.41219,1000,34.76984,-84.03099,34,105,402.6472,46,3.08,106.45,386.33
5/2/2034,13.73833,304.458,45.67459,8.239731,-18.51874,34.9982,1000,34.76984,-84.03099,34,387,633.3019,93,1.59,170.79,53.94
5/3/2034,5.309063,279.1832,40.90236,16.97842,-14.63063,48.58747,1000,34.76984,-84.03099,34,262,685.1429,83,6.8,136.19,159.95
5/4/2034,18.52148,236.1786,36.66217,15.09591,-18.59014,48.78196,1000,34.76984,-84.03099,34,392,880.1622,95,3.33,146.91,193.35
5/5/2034,1.379602,232.8613,19.19488,9.357178,-19.13129,37.84564,1000,34.76984,-84.03099,34,221,259.9812,88,9.69,114.4,63.55
5/6/2034,2.414796,314.9625,67.13708,15.05514,-14.0849,44.19519,1000,34.76984,-84.03099,34,34,551.9421,92,8.25,43.26,120.7
5/7/2034,19.70168,149.7253,50.29936,15.25151,-17.6641,48.16711,1000,34.76984,-84.03099,34,329,815.1021,74,7.03,79.25,388.39
5/8/2034,6.788937,52.80025,59.02359,14.45985,-18.3812,47.3009,1000,34.76984,-84.03099,34,371,359.3128,94,1.29,66.4,281.07
5/9/2034,4.697564,54.37713,53.81031,7.314337,-18.03037,32.65905,1000,34.76984,-84.03099,34,128,481.1234,76,2.24,100.64,259.26
5/10/2034,13.01455,289.0012,44.87032,4.084442,-19.72855,27.89744,1000,34.76984,-84.03099,34,281,670.5242,35,1.7,166.72,144.14
5/11/2034,17.15755,216.6497,33.06794,14.1255,-16.67017,44.92118,1000,34.76984,-84.03099,34,264,464.8312,7,5.16,30.79,289.77
5/12/2034,5.460497,231.3933,57.90569,17.04809,-14.13559,48.23177,1000,34.76984,-84.03099,34,195,355.5086,68,8.03,107.69,215.01
5/13/2034,15.47781,87.12952,46.61242,8.64298,-18.81724,36.1032,1000,34.76984,-84.03099,34,302,629.7864,4,9.41,70.56,57.63
5/14/2034,9.968587,77.79385,31.03664,14.77375,-19.95074,49.49823,1000,34.76984,-84.03099,34,132,760.0001,1,4.73,148.49,112.7
5/15/2034,11.0788,263.0543,55.9629,6.817944,-19.60469,33.24058,1000,34.76984,-84.03099,34,179,358.201,14,8.57,97.18,390.4
5/16/2034,1.833773,193.0508,64.88644,16.26765,-15.46084,47.99615,1000,34.76984,-84.03099,34,290,743.1218,65,2.07,77.86,479.22
5/17/2034,8.184234,97.39729,49.60078,12.3787,-18.30023,43.05762,1000,34.76984,-84.03099,34,308,551.4541,79,3.71,93.91,474.69
5/18/2034,0.5352259,98.50086,31.39969,10.9808,-19.14391,41.10551,1000,34.76984,-84.03099,34,274,893.9108,92,5.55,53.52,367.27
5/19/2034,19.2868,35.97023,57.47614,14.38474,-18.13304,46.90251,1000,34.76984,-84.03099,34,210,589.9967,62,8.64,31.79,454.54
5/20/2034,4.926386,139.6,29.08196,9.979552,-19.28333,39.24244,1000,34.76984,-84.03099,34,103,955.7578,48,4.94,29.06,365.89
5/21/2034,10.62989,299.2571,57.22211,14.35985,-15.01685,43.73654,1000,34.76984,-84.03099,34,309,443.2063,83,6.08,74.22,499.58
5/22/2034,7.087861,350.1839,61.43544,10.16875,-19.62956,39.96706,1000,34.76984,-84.03099,34,227,777.6774,84,6.78,88.45,34.37
5/23/2034,2.731972,129.4496,45.87428,12.80591,-19.59709,45.20891,1000,34.76984,-84.03099,34,558,844.7102,88,3.9,2.09,334.35
5/24/2034,17.24991,1.118202,46.22374,13.34478,-18.7648,45.45436,1000,34.76984,-84.03099,34,558,407.0705,41,3.99,26.68,136.17
5/25/2034,17.47174,146.5005,54.8721,11.21371,-17.27101,39.69842,1000,34.76984,-84.03099,34,528,277.7682,7,8.42,133.56,55.15
5/26/2034,0.8103848,298.0555,41.63438,11.64903,-19.69625,42.9943,1000,34.76984,-84.03099,34,195,316.8287,67,2.31,44,359.78
5/27/2034,18.76075,151.9302,51.36436,17.06912,-13.0463,47.18455,1000,34.76984,-84.03099,34,240,365.2711,59,3.99,81.74,17.24
5/28/2034,13.55998,105.6415,58.52547,15.00408,-18.72519,48.73334,1000,34.76984,-84.03099,34,189,300.4238,57,5.03,174.74,313.69
5/29/2034,7.342719,128.7095,50.35015,11.73712,-17.13698,40.61123,1000,34.76984,-84.03099,34,251,290.812,93,7.92,130.08,371.39
5/30/2034,6.201142,53.8137,35.78538,12.36309,-18.533,43.25919,1000,34.76984,-84.03099,34,355,571.8463,80,0.43,157.77,367.47
5/31/2034,17.39109,117.9281,34.51809,16.8581,-16.00797,49.72417,1000,34.76984,-84.03099,34,422,562.2364,65,8.55,80.99,497.92
6/1/2034,3.876667,284.8812,58.54482,11.75029,-18.13769,41.63826,1000,34.76984,-84.03099,34,204,443.2937,42,4.28,172.05,276.48
6/2/2034,0.1173902,70.18655,42.20064,13.22857,-19.37688,45.83401,1000,34.76984,-84.03099,34,258,96.72093,88,9.95,190.19,294.96
6/3/2034,5.229339,141.9507,26.97531,15.4129,-18.18135,49.00715,1000,34.76984,-84.03099,34,59,318.5466,85,6.3,23.9,391.81
6/4/2034,19.62903,32.18878,46.02942,12.29222,-19.13825,43.72268,1000,34.76984,-84.03099,34,401,420.5952,56,7.26,101.13,343.37
6/5/2034,3.410978,146.7372,47.24443,14.76778,-19.69053,49.22609,1000,34.76984,-84.03099,34,203,459.0718,50,3.89,94.6,40.27
6/6/2034,0.2226305,328.7767,32.73017,15.20635,-18.26012,48.67282,1000,34.76984,-84.03099,34,138,317.6461,25,9.08,149.46,85.97
6/7/2034,16.65445,91.29095,55.60096,13.68118,-12.89353,40.25591,1000,34.76984,-84.03099,34,347,636.5511,63,9.77,64.91,397.52
6/8/2034,1.308284,31.78675,45.64876,13.1642,-18.42755,44.75596,1000,34.76984,-84.03099,34,190,456.1241,52,3.85,72.68,258.46
6/9/2034,18.01346,89.85619,77.31836,14.14236,-17.79557,46.08029,1000,34.76984,-84.03099,34,359,379.7073,93,3.42,148.48,148.01
6/10/2034,9.68278,296.4833,54.88707,13.668,-16.20241,43.53841,1000,34.76984,-84.03099,34,280,603.6374,20,9.8,66.07,3.75
6/11/2034,2.636373,28.73938,56.53178,12.29735,-19.80348,44.39818,1000,34.76984,-84.03099,34,210,376.0097,98,9.76,163.42,318.92
6/12/2034,8.020459,193.1723,44.53558,11.93685,-16.13625,40.00996,1000,34.76984,-84.03099,34,140,412.5567,84,4.83,93.25,57.71
6/13/2034,6.405701,110.6201,39.06733,8.326873,-19.34632,36.00006,1000,34.76984,-84.03099,34,317,293.2646,76,9.4,55.87,55.48
6/14/2034,3.50126,52.78913,46.37402,12.48415,-19.3207,44.28899,1000,34.76984,-84.03099,34,228,782.5278,15,6.48,48.9,131.14
6/15/2034,13.24296,63.17984,65.21807,8.689383,-19.15059,36.52936,1000,34.76984,-84.03099,34,406,292.3514,37,7.47,136.27,239.47
6/16/2034,2.798359,300.3725,68.56252,13.88523,-17.4069,45.17737,1000,34.76984,-84.03099,34,35,576.1,52,2.42,20.37,346.28
6/17/2034,17.74258,275.4257,26.54201,7.838023,-18.91733,34.59338,1000,34.76984,-84.03099,34,488,343.995,35,0.8,47.47,347.14
6/18/2034,9.114929,302.9091,54.44809,14.4625,-17.41055,46.33555,1000,34.76984,-84.03099,34,133,258.3661,34,6.37,146.44,273.06
6/19/2034,10.15956,45.27208,42.39817,15.96959,-11.25111,43.19029,1000,34.76984,-84.03099,34,254,300.9488,68,6.35,74.39,120.82
6/20/2034,16.89221,198.1889,41.45436,13.37833,-19.67397,46.43063,1000,34.76984,-84.03099,34,266,414.9979,0,1.31,199.7,37.4
6/21/2034,15.72271,276.0446,46.83265,14.14573,-19.30075,47.5922,1000,34.76984,-84.03099,34,180,162.8295,49,0.75,115.28,250.09
6/22/2034,14.59878,104.8147,48.375,5.938285,-19.71911,31.59568,1000,34.76984,-84.03099,34,299,556.2842,94,5.12,156.81,176.99
6/23/2034,15.23233,118.1256,48.3203,14.66125,-16.40716,45.72967,1000,34.76984,-84.03099,34,285,801.9083,86,4.53,8.26,240.29
6/24/2034,12.73989,273.7486,32.34439,10.09675,-19.99146,40.18496,1000,34.76984,-84.03099,34,241,536.3268,68,3.25,47.74,117.72
6/25/2034,0.3725767,28.34194,36.20984,17.07454,-13.88854,48.03762,1000,34.76984,-84.03099,34,287,678.5942,45,4.91,56.33,449.85
6/26/2034,2.562144,175.5316,64.53844,14.68886,-19.82017,49.1979,1000,34.76984,-84.03099,34,117,350.3203,64,1.02,115.4,6.84
6/27/2034,5.268024,148.6599,48.61357,11.02003,-19.95836,41.99841,1000,34.76984,-84.03099,34,369,178.2054,61,0.14,11.22,487.67
6/28/2034,16.56055,294.4562,64.66106,16.07835,-14.33187,46.48857,1000,34.76984,-84.03099,34,103,409.3757,8,4.2,93.99,59.29
6/29/2034,18.00497,12.86941,43.89148,10.11095,-19.82647,40.04838,1000,34.76984,-84.03099,34,397,263.7377,54,6.4,93.52,303.9
6/30/2034,7.904221,271.471,49.08449,14.71475,-19.89905,49.32855,1000,34.76984,-84.03099,34,240,601.9337,90,8.42,169.39,425.09
7/1/2034,2.560027,258.7967,56.11539,13.07425,-17.55375,43.70225,1000,34.76984,-84.03099,34,326,653.5031,57,8.35,4.85,152.04
7/2/2034,16.37935,55.42688,31.96295,19.30355,-8.119806,46.72691,1000,34.76984,-84.03099,34,273,689.2057,14,7.64,124.41,32.85
7/3/2034,7.064458,137.4456,38.86274,15.44794,-18.3937,49.28959,1000,34.76984,-84.03099,34,132,535.9136,51,8.52,130.99,299.69
7/4/2034,5.901016,167.0035,55.44258,16.91286,-14.47881,48.30453,1000,34.76984,-84.03099,34,409,525.1625,61,0.61,80.61,386.46
7/5/2034,10.72327,149.7928,52.81028,14.29167,-17.30391,45.88725,1000,34.76984,-84.03099,34,435,608.9889,59,7.51,38.77,380.82
7/6/2034,3.430047,350.0984,49.8639,13.24574,-18.77282,45.26431,1000,34.76984,-84.03099,34,376,473.5787,70,5.38,36.26,175.42
7/7/2034,17.19104,221.6911,29.02203,14.50119,-14.69086,43.69323,1000,34.76984,-84.03099,34,271,434.5029,35,8.8,65.53,359.6
7/8/2034,2.092733,185.6689,53.28077,13.87532,-19.01041,46.76105,1000,34.76984,-84.03099,34,291,715.2512,40,9.37,9.77,109.56
7/9/2034,14.32993,192.9678,37.63493,15.82516,-18.3479,49.99822,1000,34.76984,-84.03099,34,47,491.2513,53,8.8,194.74,217.57
7/10/2034,16.57278,103.4362,65.11044,5.870637,-14.99027,26.73155,1000,34.76984,-84.03099,34,363,464.2699,40,5.66,58.33,9.89
7/11/2034,4.379165,87.35272,52.03226,15.42681,-18.61837,49.47199,1000,34.76984,-84.03099,34,228,753.5879,1,7.43,55.78,375.35
7/12/2034,12.79753,56.66529,42.24711,14.70425,-18.7436,48.1521,1000,34.76984,-84.03099,34,208,250.4156,62,6.03,190.05,51.22
7/13/2034,15.32669,324.5443,49.0764,16.96552,-15.03465,48.96569,1000,34.76984,-84.03099,34,397,436.512,39,3.73,49.85,109.26
7/14/2034,6.788291,131.793,52.34204,11.25657,-17.99249,40.50563,1000,34.76984,-84.03099,34,234,237.8448,97,2.34,96.78,330.39
7/15/2034,8.083242,298.295,24.234,12.72498,-15.29971,40.74967,1000,34.76984,-84.03099,34,446,581.3494,35,6.96,118.28,66.58
7/16/2034,12.88277,26.4889,53.0956,10.8037,-19.89054,41.49795,1000,34.76984,-84.03099,34,257,757.8998,74,5.99,66.06,28.72
7/17/2034,6.517116,46.5141,26.62775,14.82755,-17.61202,47.26712,1000,34.76984,-84.03099,34,150,828.146,73,7.36,108.39,354.85
7/18/2034,9.76273,251.8624,38.59146,10.73281,-16.98217,38.4478,1000,34.76984,-84.03099,34,491,424.1879,65,0.39,5.27,214.48
7/19/2034,13.05558,199.2333,34.44838,9.36224,-19.65047,38.37495,1000,34.76984,-84.03099,34,138,330.7127,77,2.15,147.64,59.75
7/20/2034,12.28749,118.9163,63.77919,12.35109,-18.76124,43.46342,1000,34.76984,-84.03099,34,395,574.1485,30,1.25,116.26,216.23
7/21/2034,13.37659,269.0157,24.64045,15.67397,-18.35379,49.70172,1000,34.76984,-84.03099,34,395,566.925,77,7.31,146.93,251.44
7/22/2034,12.31765,313.6868,26.9376,15.71248,-16.86609,48.29105,1000,34.76984,-84.03099,34,467,517.6941,89,1.22,89.59,351.34
7/23/2034,0.6172776,188.8637,44.32825,11.31555,-19.32152,41.95261,1000,34.76984,-84.03099,34,271,459.3586,39,9.21,114.81,202.64
7/24/2034,13.79764,220.7738,30.7501,14.68712,-19.0353,48.40953,1000,34.76984,-84.03099,34,244,512.9237,98,3.82,32.08,299.01
7/25/2034,7.15568,55.4307,74.74059,15.6995,-17.73747,49.13646,1000,34.76984,-84.03099,34,336,809.4458,16,4.42,84.99,445.29
7/26/2034,16.72707,219.074,68.75097,10.4841,-19.51828,40.48647,1000,34.76984,-84.03099,34,72,218.5267,37,7.05,55.13,242.47
7/27/2034,5.833689,300.5244,39.68947,17.1797,-15.49635,49.85575,1000,34.76984,-84.03099,34,224,572.0156,66,1.04,50.07,440.96
7/28/2034,9.627279,36.59078,42.82806,17.81414,-12.62469,48.25298,1000,34.76984,-84.03099,34,374,432.2033,14,1.71,40.63,433.43
7/29/2034,3.328261,66.04654,31.12803,12.59051,-19.02228,44.20329,1000,34.76984,-84.03099,34,212,495.0546,51,1.98,118.08,19.04
7/30/2034,16.26044,39.13235,51.15924,15.39412,-12.71245,43.5007,1000,34.76984,-84.03099,34,192,425.8282,47,3.3,75.17,9.64
7/31/2034,9.63626,354.9522,49.52423,15.50042,-18.71288,49.71373,1000,34.76984,-84.03099,34,319,119.3286,1,2.73,75.65,36.41
8/1/2034,10.19476,296.5374,59.57519,13.48036,-17.70058,44.6613,1000,34.76984,-84.03099,34,429,712.6686,91,2.62,165.66,177.4
8/2/2034,0.3817964,118.6398,57.9712,14.79893,-10.96445,40.56232,1000,34.76984,-84.03099,34,429,247.2515,3,1.23,196.15,412.31
8/3/2034,12.62404,166.6794,46.24968,11.60948,-18.37191,41.59086,1000,34.76984,-84.03099,34,194,267.6575,77,4.31,84.73,307.1
8/4/2034,4.960761,62.97183,44.60279,19.13694,-9.68367,47.95755,1000,34.76984,-84.03099,34,234,415.9448,33,3.75,18.54,172.28
8/5/2034,1.616073,110.5667,43.865,8.900607,-19.58435,37.38557,1000,34.76984,-84.03099,34,200,858.0267,53,0.98,116.82,44.35
8/6/2034,9.879991,350.9365,55.36979,12.83104,-19.36353,45.02561,1000,34.76984,-84.03099,34,290,556.4268,40,6.04,129.3,12.74
8/7/2034,1.859338,152.3425,33.17599,13.19007,-17.71586,44.096,1000,34.76984,-84.03099,34,322,446.9935,62,2.94,75.09,471.93
8/8/2034,8.265504,92.59713,51.69443,13.3752,-16.5379,43.2883,1000,34.76984,-84.03099,34,133,573.3184,74,1.12,65.96,449.79
8/9/2034,19.12927,180.6799,43.54093,9.169946,-19.73688,38.07677,1000,34.76984,-84.03099,34,317,243.1369,16,2.95,60.36,56.25
8/10/2034,15.14644,265.3866,52.33694,3.42086,-19.44931,26.29103,1000,34.76984,-84.03099,34,374,406.7582,83,3.45,121.83,48.12
8/11/2034,14.61269,242.1074,50.12529,15.65505,-16.64714,47.95723,1000,34.76984,-84.03099,34,237,257.887,14,8.01,178.61,49.88
8/12/2034,13.25177,125.1907,71.8507,16.03358,-15.18213,47.24928,1000,34.76984,-84.03099,34,425,286.4586,0,2.18,172.28,58.42
8/13/2034,6.241087,61.07265,45.31915,13.61379,-18.99678,46.22437,1000,34.76984,-84.03099,34,425,374.774,10,5.57,112.83,412.31
8/14/2034,0.7891107,204.9592,69.01398,16.34484,-17.19374,49.88342,1000,34.76984,-84.03099,34,495,362.3383,18,1.37,186.37,180.93
8/15/2034,10.01996,90.00761,35.22024,6.740299,-17.51554,30.99614,1000,34.76984,-84.03099,34,63,118.5951,20,7.64,56.29,45.48
8/16/2034,17.09569,81.23618,54.28273,13.65626,-18.54346,45.85598,1000,34.76984,-84.03099,34,439,643.6558,39,0.46,129.59,222.87
8/17/2034,9.11873,123.4324,53.27222,14.04987,-17.11178,45.21152,1000,34.76984,-84.03099,34,226,424.4506,43,7,139.69,148.97
8/18/2034,3.540633,127.9533,59.29865,16.08796,-16.56122,48.73715,1000,34.76984,-84.03099,34,269,627.3276,62,6.8,187.27,395.86
8/19/2034,3.834202,222.39,55.08493,13.64245,-19.90956,47.19446,1000,34.76984,-84.03099,34,273,490.7651,11,4.61,187.49,33.94
8/20/2034,15.07378,307.1488,50.28377,14.41447,-17.42623,46.25517,1000,34.76984,-84.03099,34,364,785.6306,80,7.71,126.06,284.39
8/21/2034,9.787253,59.89514,60.56163,15.08674,-16.31347,46.48695,1000,34.76984,-84.03099,34,218,842.8705,37,8.5,129.96,240.19
8/22/2034,0.7495761,219.8354,55.94722,10.14726,-18.63457,38.92909,1000,34.76984,-84.03099,34,186,347.8026,10,2.75,135.55,268.41
8/23/2034,6.619364,35.98456,31.80033,19.60287,-9.712339,48.91808,1000,34.76984,-84.03099,34,114,395.1389,92,8.24,194.7,60.64
8/24/2034,14.93479,8.199105,32.94516,15.69412,-14.1038,45.49204,1000,34.76984,-84.03099,34,398,742.4414,9,0,27.96,264.07
8/25/2034,14.21034,306.1847,27.55772,14.64556,-14.98256,44.27368,1000,34.76984,-84.03099,34,198,491.2665,32,1.2,77.45,254.75
8/26/2034,6.574245,278.6667,31.56087,13.29251,-18.51966,45.10468,1000,34.76984,-84.03099,34,163,565.0646,22,4.07,117.97,403.17
8/27/2034,16.49678,24.60268,75.33606,9.126543,-16.95267,35.20576,1000,34.76984,-84.03099,34,287,866.7308,66,1.15,109.44,443.42
8/28/2034,1.562889,48.25809,57.53447,8.566439,-16.75271,33.88559,1000,34.76984,-84.03099,34,375,186.9673,5,8.07,110.22,368.91
8/29/2034,15.09568,172.945,53.61456,12.57655,-16.99463,42.14773,1000,34.76984,-84.03099,34,190,485.0426,14,3.7,13.67,140.05
8/30/2034,0.601244,89.51398,53.41313,17.73458,-10.74861,46.21776,1000,34.76984,-84.03099,34,243,525.0957,97,7.37,195.4,3.5
8/31/2034,17.98656,275.4279,62.6856,12.34349,-16.55659,41.24356,1000,34.76984,-84.03099,34,206,58.78067,97,8.95,106.64,259.84
9/1/2034,6.156498,126.6891,49.17296,10.84524,-18.33936,40.02984,1000,34.76984,-84.03099,34,215,746.4441,0,2.32,21.04,181.63
9/2/2034,9.789127,35.67746,36.76965,15.81851,-17.62712,49.26413,1000,34.76984,-84.03099,34,212,816.5008,49,7.75,71.78,299.43
9/3/2034,7.676416,135.202,55.82098,12.6443,-18.96012,44.24873,1000,34.76984,-84.03099,34,213,7.608771,91,0.27,177.46,337.68
9/4/2034,14.3916,12.87932,58.43068,15.66742,-16.42061,47.75544,1000,34.76984,-84.03099,34,340,856.6814,74,1.59,75.83,189
9/5/2034,2.152402,341.9598,43.92439,8.930319,-17.04707,34.90771,1000,34.76984,-84.03099,34,30,300.52,50,0.74,165.62,396.14
9/6/2034,12.35029,203.5302,41.74574,10.92591,-16.27906,38.13087,1000,34.76984,-84.03099,34,322,396.5957,67,9.93,82.33,323.6
9/7/2034,14.23179,281.5274,40.68332,16.56294,-14.16929,47.29518,1000,34.76984,-84.03099,34,232,604.7648,97,9.74,190.3,469.15
9/8/2034,9.777879,313.0179,42.47727,18.83748,-11.80795,49.48291,1000,34.76984,-84.03099,34,337,523.2299,1,5.97,46.44,331.99
9/9/2034,13.036,148.5146,39.62051,6.147838,-14.02275,26.31843,1000,34.76984,-84.03099,34,144,114.6553,98,7.85,84.7,109.45
9/10/2034,0.2461004,48.40302,46.79719,12.07072,-19.08236,43.2238,1000,34.76984,-84.03099,34,159,471.5363,92,1.57,118.05,36.47
9/11/2034,3.850751,44.82366,42.59651,14.01683,-19.22005,47.25371,1000,34.76984,-84.03099,34,447,664.6918,21,5.72,39.37,275.49
9/12/2034,17.48119,358.0424,46.74055,12.88267,-17.17328,42.93861,1000,34.76984,-84.03099,34,169,523.4291,39,3.05,152.84,234.42
9/13/2034,7.301845,31.41013,67.34711,5.319371,-19.98631,30.62505,1000,34.76984,-84.03099,34,201,921.3737,25,2.65,115.92,160.38
9/14/2034,14.96337,19.09488,54.52017,16.57975,-16.3369,49.4964,1000,34.76984,-84.03099,34,431,327.6862,44,8.5,181.43,201.98
9/15/2034,11.99767,3.981428,39.44773,15.19664,-15.25119,45.64446,1000,34.76984,-84.03099,34,90,447.3173,5,0.4,104.38,101.99
9/16/2034,17.11668,321.0862,32.3629,16.17421,-16.04183,48.39025,1000,34.76984,-84.03099,34,479,577.1317,17,8.42,34.45,421.55
9/17/2034,4.113898,348.5717,45.25551,8.536657,-17.3485,34.42182,1000,34.76984,-84.03099,34,149,125.3777,11,4.9,68.92,261.22
9/18/2034,6.971112,25.16101,36.50829,14.44055,-19.31834,48.19944,1000,34.76984,-84.03099,34,420,315.5592,14,1.16,69.02,75.02
9/19/2034,6.889314,281.9554,73.72059,14.06117,-19.58321,47.70554,1000,34.76984,-84.03099,34,293,350.9234,88,7.41,34.87,57.87
9/20/2034,9.683761,268.1331,55.77175,14.47987,-13.82023,42.77998,1000,34.76984,-84.03099,34,336,741.3116,76,5.87,101.65,13.42
9/21/2034,18.81734,225.7025,54.84473,15.82131,-14.37939,46.02201,1000,34.76984,-84.03099,34,211,538.9293,51,9.31,32.74,281.1
9/22/2034,14.82902,331.6995,42.48089,0.3860655,-19.62776,20.39989,1000,34.76984,-84.03099,34,112,819.7686,61,7.4,100.12,323.74
9/23/2034,14.93635,124.5634,27.66926,4.332368,-19.37304,28.03777,1000,34.76984,-84.03099,34,347,688.6265,27,2.37,95.97,493.31
9/24/2034,12.05519,210.9542,31.09441,14.61913,-19.66297,48.90123,1000,34.76984,-84.03099,34,295,597.2896,50,9.45,168.65,224.22
9/25/2034,17.89014,285.2068,64.39054,12.57539,-19.91339,45.06416,1000,34.76984,-84.03099,34,223,812.3018,54,3.07,115.09,91.89
9/26/2034,13.99092,200.044,60.16707,7.236084,-14.72233,29.19449,1000,34.76984,-84.03099,34,212,907.783,19,1.25,180.87,83.52
9/27/2034,0.2640224,320.4492,42.23217,13.34862,-14.42147,41.11871,1000,34.76984,-84.03099,34,111,446.7377,14,1.43,159.03,25.07
9/28/2034,10.41704,100.2937,25.86324,13.09756,-18.56514,44.76027,1000,34.76984,-84.03099,34,246,531.323,46,9.12,12.63,10.54
9/29/2034,15.67579,268.3677,63.84732,13.28999,-19.29102,45.87099,1000,34.76984,-84.03099,34,283,527.298,60,5.19,88.23,263.82
9/30/2034,5.349845,13.92496,63.38542,11.321,-15.20468,37.84667,1000,34.76984,-84.03099,34,195,337.1884,95,8.47,104.21,125.94
10/1/2034,18.14021,167.4492,46.6826,13.75277,-19.29165,46.79719,1000,34.76984,-84.03099,34,202,213.921,24,0.96,50.46,4.38
10/2/2034,12.15734,95.02828,54.81031,13.51976,-19.71595,46.75546,1000,34.76984,-84.03099,34,215,252.0711,39,6,24.71,214.31
10/3/2034,12.03134,121.0903,47.74345,11.97252,-19.47795,43.42299,1000,34.76984,-84.03099,34,211,218.3615,14,2.13,100.11,440.12
10/4/2034,16.10483,248.091,42.53841,14.24149,-17.80403,46.28702,1000,34.76984,-84.03099,34,179,362.3651,53,1.4,20.76,363.01
10/5/2034,6.629676,104.5223,62.93945,8.119944,-16.65074,32.89063,1000,34.76984,-84.03099,34,194,449.6185,17,6.37,174.33,387.45
10/6/2034,10.09225,251.3598,51.11522,8.245665,-18.15888,34.65021,1000,34.76984,-84.03099,34,77,164.7184,72,9.01,162.3,454.12
10/7/2034,16.50019,257.2497,68.32072,5.406327,-18.95737,29.77003,1000,34.76984,-84.03099,34,501,697.1739,25,0.91,57.45,468.24
10/8/2034,12.24749,291.6872,56.14587,13.7666,-17.68762,45.22081,1000,34.76984,-84.03099,34,177,474.7243,24,8.91,24.13,158.91
10/9/2034,17.9078,228.8428,53.70755,12.35236,-19.85613,44.56086,1000,34.76984,-84.03099,34,450,647.3436,79,7.24,161.35,215.94
10/10/2034,11.0289,226.6499,72.04071,16.49875,-16.38264,49.38013,1000,34.76984,-84.03099,34,450,186.9927,61,7.63,166.56,255.47
10/11/2034,16.35533,106.5117,64.63058,9.048225,-19.58077,37.67722,1000,34.76984,-84.03099,34,415,178.6139,37,4.73,84.55,271.98
10/12/2034,7.048778,117.8326,74.23086,12.6967,-18.82006,44.21346,1000,34.76984,-84.03099,34,240,478.2593,99,9.75,59.72,78.49
10/13/2034,0.3078079,126.0645,35.80234,12.1145,-14.99123,39.22023,1000,34.76984,-84.03099,34,236,575.0472,53,8.62,35.1,341.93
10/14/2034,2.361133,34.99467,57.26647,13.3093,-19.4765,46.09509,1000,34.76984,-84.03099,34,346,467.9579,41,1.88,7.59,139.86
10/15/2034,18.73078,285.3325,39.07906,6.204645,-19.72729,32.13658,1000,34.76984,-84.03099,34,148,528.1897,8,9.66,84.43,146.32
10/16/2034,9.68953,249.5693,54.26856,15.64795,-14.6608,45.9567,1000,34.76984,-84.03099,34,287,285.5124,57,9.15,183.01,229.85
10/17/2034,18.23015,103.8617,39.50528,13.33546,-18.47278,45.1437,1000,34.76984,-84.03099,34,436,633.4309,53,8.7,150.17,391.3
10/18/2034,0.1808286,74.24239,33.65271,6.553159,-18.881,31.98732,1000,34.76984,-84.03099,34,172,632.4948,24,2.95,103.69,58.4
10/19/2034,1.674948,41.82289,41.56343,15.5333,-16.97521,48.0418,1000,34.76984,-84.03099,34,234,426.3664,10,9.09,138.43,190.26
10/20/2034,16.96336,60.05955,39.89619,9.226573,-18.29181,36.74495,1000,34.76984,-84.03099,34,229,686.123,14,3.85,0.94,252.71
10/21/2034,14.92671,290.3285,44.26129,14.73232,-19.95914,49.42378,1000,34.76984,-84.03099,34,193,203.1995,67,3.99,49.78,264.07
10/22/2034,9.629239,45.48138,62.86926,15.93957,-16.10876,47.98789,1000,34.76984,-84.03099,34,402,746.1022,8,3.31,92.04,190.27
10/23/2034,13.87972,248.0049,43.97805,15.75933,-11.46287,42.98154,1000,34.76984,-84.03099,34,217,846.645,36,2.85,100.04,230.84
10/24/2034,18.39424,308.7366,47.24195,16.66196,-11.91479,45.23872,1000,34.76984,-84.03099,34,203,661.7291,87,0.11,70.13,87.06
10/25/2034,2.9898,171.9392,53.74757,10.80505,-19.63972,41.24982,1000,34.76984,-84.03099,34,171,189.802,38,2.09,57.14,297.55
10/26/2034,5.978595,126.9354,64.17503,6.473601,-15.43944,28.38664,1000,34.76984,-84.03099,34,401,396.085,23,9.94,27.2,117.27
10/27/2034,1.552544,154.1898,34.67088,12.63709,-18.90402,44.17821,1000,34.76984,-84.03099,34,326,315.2997,12,5.17,72.49,439.65
10/28/2034,5.661818,293.0099,60.72771,12.73887,-18.12893,43.60666,1000,34.76984,-84.03099,34,115,564.3361,78,6.62,114.66,49.23
10/29/2034,5.06297,301.5921,56.76884,14.5923,-19.4145,48.5991,1000,34.76984,-84.03099,34,176,386.3616,2,8.61,51.2,215.28
10/30/2034,10.90194,74.6651,38.7883,12.32426,-17.16331,41.81184,1000,34.76984,-84.03099,34,335,715.6346,34,1.23,110.93,249.64
10/31/2034,2.367108,287.9038,41.58538,9.943836,-18.58511,38.47278,1000,34.76984,-84.03099,34,237,337.2591,56,6.7,145.17,174.67
11/1/2034,12.64311,118.3983,39.39939,18.91436,-12.07384,49.90255,1000,34.76984,-84.03099,34,616,564.8861,98,4.04,10.76,87.25
11/2/2034,14.24415,236.4041,68.4724,14.14361,-19.56971,47.85694,1000,34.76984,-84.03099,34,616,845.8813,61,7.96,50.21,74.47
11/3/2034,11.54813,18.62165,62.86306,14.04507,-17.18687,45.27702,1000,34.76984,-84.03099,34,467,415.406,84,8.57,39.46,235.01
11/4/2034,1.412404,345.733,58.52391,14.79619,-19.88977,49.48215,1000,34.76984,-84.03099,34,66,544.3489,81,2.41,40.14,436.2
11/5/2034,8.120519,68.38487,52.35039,19.69359,-10.14768,49.53486,1000,34.76984,-84.03099,34,408,401.0504,88,6.04,92.28,96.3
11/6/2034,13.77809,304.8554,68.98785,3.428002,-19.92394,26.77995,1000,34.76984,-84.03099,34,113,530.1442,66,7.67,157.15,82.34
11/7/2034,2.86845,322.9667,51.85571,12.69148,-19.10913,44.4921,1000,34.76984,-84.03099,34,318,372.9289,11,9.38,38.72,62.44
11/8/2034,2.278142,51.56244,63.18864,13.03806,-18.51467,44.59079,1000,34.76984,-84.03099,34,403,247.3504,100,8.41,119.91,449.46
11/9/2034,14.54964,284.8815,54.5476,13.52863,-19.42536,46.48261,1000,34.76984,-84.03099,34,230,735.8445,86,8.04,35.98,13.19
11/10/2034,8.164187,207.0164,52.33955,6.53792,-18.99444,32.07028,1000,34.76984,-84.03099,34,254,648.2966,1,6.33,155.34,271.77
11/11/2034,18.68362,283.5262,38.08076,5.312087,-13.50983,24.134,1000,34.76984,-84.03099,34,256,801.0006,13,7.26,89.32,194.44
11/12/2034,12.22593,222.77,45.26861,14.08696,-17.70886,45.88277,1000,34.76984,-84.03099,34,129,305.2091,34,3.81,88.69,154.65
11/13/2034,10.90438,65.9505,33.14015,14.0097,-10.36282,38.38221,1000,34.76984,-84.03099,34,474,478.2681,25,3.04,117.3,125.78
11/14/2034,5.384747,204.0845,66.7684,14.16595,-18.37462,46.70653,1000,34.76984,-84.03099,34,147,671.3872,19,7.38,22.01,17.6
11/15/2034,10.10859,89.09715,57.98896,5.916246,-19.84536,31.67785,1000,34.76984,-84.03099,34,345,351.3434,54,8.78,167.85,96.84
11/16/2034,15.97847,251.856,47.13145,16.53798,-16.76543,49.84138,1000,34.76984,-84.03099,34,155,296.2753,89,4.53,119.14,69.09
11/17/2034,1.266735,88.12464,61.13547,11.81799,-19.11008,42.74605,1000,34.76984,-84.03099,34,353,463.3511,33,0.78,98.67,152.74
11/18/2034,18.60946,81.76704,62.75328,14.63447,-19.96305,49.23198,1000,34.76984,-84.03099,34,262,679.3928,79,3.27,182.12,122.52
11/19/2034,10.22666,11.84266,58.93423,15.30382,-16.18782,46.79547,1000,34.76984,-84.03099,34,429,462.948,33,6.01,74.92,444.31
11/20/2034,3.025072,112.4841,44.64824,13.4683,-18.28244,45.21905,1000,34.76984,-84.03099,34,220,526.2711,98,8.11,87.26,396.09
11/21/2034,0.01124859,345.977,58.41071,12.83209,-17.29426,42.95845,1000,34.76984,-84.03099,34,222,665.5207,20,5.95,98.32,55.94
11/22/2034,15.97568,14.90746,59.66646,15.34316,-18.59816,49.28449,1000,34.76984,-84.03099,34,328,481.2818,88,0.85,8.64,354.23
11/23/2034,4.267423,172.2581,57.66378,15.69563,-16.02677,47.41803,1000,34.76984,-84.03099,34,155,645.5963,9,7.14,89.43,111.23
11/24/2034,8.88668,234.841,40.23409,15.28658,-17.3201,47.89326,1000,34.76984,-84.03099,34,365,476.7006,100,3.15,151.93,130.17
11/25/2034,17.6432,11.54693,52.21666,15.49462,-15.22681,46.21606,1000,34.76984,-84.03099,34,118,107.4118,57,1.83,24.51,89.29
11/26/2034,5.164414,165.5587,43.25924,11.48244,-17.73735,40.70222,1000,34.76984,-84.03099,34,290,621.4344,10,0.83,36.56,333.93
11/27/2034,17.25484,317.4742,54.46175,14.03798,-11.94402,40.01999,1000,34.76984,-84.03099,34,177,55.71037,20,2.4,72.61,268.05
11/28/2034,8.269568,160.3374,41.59246,8.542519,-18.18737,35.27241,1000,34.76984,-84.03099,34,325,396.8069,30,2.05,154.21,196.39
11/29/2034,11.34484,345.9049,38.5851,13.63999,-15.75536,43.03535,1000,34.76984,-84.03099,34,214,172.0719,60,5.01,31.62,391.1
11/30/2034,8.141447,233.8784,62.07417,14.05343,-14.84761,42.95447,1000,34.76984,-84.03099,34,214,590.1176,10,7.06,191.41,93.43
12/1/2034,18.62538,155.7909,50.40338,15.99825,-17.75177,49.74826,1000,34.76984,-84.03099,34,352,286.0382,48,8.82,112.08,262.3
12/2/2034,0.8025742,214.4695,36.93413,14.6792,-19.13644,48.49483,1000,34.76984,-84.03099,34,250,562.2347,54,4.68,80.84,371.08
12/3/2034,6.058172,206.6428,71.08186,7.069563,-19.7898,33.92892,1000,34.76984,-84.03099,34,133,417.4116,69,2.77,27.24,394.8
12/4/2034,3.042698,29.40778,34.32393,13.84342,-17.82625,45.51309,1000,34.76984,-84.03099,34,413,668.162,32,0.08,18.77,152.11
12/5/2034,11.9601,1.201072,65.2338,10.66129,-17.83865,39.16122,1000,34.76984,-84.03099,34,120,321.0392,85,7.21,100.77,350.39
12/6/2034,13.04925,126.9758,49.19549,16.99901,-14.20625,48.20427,1000,34.76984,-84.03099,34,429,461.8796,60,8.26,190.34,253.32
12/7/2034,4.543202,46.57611,38.37236,10.73032,-18.73507,40.19572,1000,34.76984,-84.03099,34,157,493.1825,71,4.41,40.59,81.77
12/8/2034,3.241518,21.85618,65.97832,14.97665,-18.57973,48.53304,1000,34.76984,-84.03099,34,422,767.1555,40,0.17,166.42,435.13
12/9/2034,16.70152,337.4469,60.68641,15.92328,-14.09811,45.94468,1000,34.76984,-84.03099,34,146,411.1257,56,4.95,145.57,414.13
12/10/2034,13.95594,192.2982,45.3177,13.78071,-18.55202,46.11344,1000,34.76984,-84.03099,34,373,515.7324,30,2.92,100.26,200.42
12/11/2034,15.35571,23.41053,68.91698,12.57117,-17.64343,42.78577,1000,34.76984,-84.03099,34,262,672.0765,47,1.19,120.26,35.88
12/12/2034,3.268189,123.0057,33.35964,12.98814,-14.67201,40.64829,1000,34.76984,-84.03099,34,156,839.3948,99,2.1,182.04,345.03
12/13/2034,9.791203,357.8885,35.60429,15.14349,-15.80898,46.09596,1000,34.76984,-84.03099,34,216,220.3563,26,7.78,84.71,495.01
12/14/2034,5.887805,352.7557,27.31389,10.37145,-18.48989,39.23278,1000,34.76984,-84.03099,34,340,806.0636,81,0.91,34.52,414.47
12/15/2034,13.29422,107.0312,50.78499,12.94339,-18.3215,44.20828,1000,34.76984,-84.03099,34,185,528.9672,81,7.94,155.68,185.39
12/16/2034,18.12413,170.6693,38.264,-1.846408,-18.71073,15.01791,1000,34.76984,-84.03099,34,263,580.8279,94,8.59,39.93,349.62
12/17/2034,4.776387,69.30708,42.00537,13.07446,-19.61368,45.76261,1000,34.76984,-84.03099,34,341,414.303,99,6.04,114.18,153.03
12/18/2034,15.4963,348.2222,46.77728,14.13282,-16.07413,44.33976,1000,34.76984,-84.03099,34,262,91.05063,93,9.9,52.86,272.96
12/19/2034,18.72897,103.1578,49.12638,10.03195,-17.71456,37.77846,1000,34.76984,-84.03099,34,386,322.795,25,1.12,134.77,134.55
12/20/2034,15.88724,165.4166,52.23175,13.64758,-19.57891,46.87407,1000,34.76984,-84.03099,34,234,796.3916,51,6.71,47.12,23.5
12/21/2034,1.846526,235.6646,52.95601,13.24501,-19.79267,46.28269,1000,34.76984,-84.03099,34,250,483.154,87,2.01,175.33,465.83
12/22/2034,7.090992,307.9926,51.2027,4.581326,-12.73182,21.89448,1000,34.76984,-84.03099,34,149,726.4092,96,1.46,185.83,230.15
12/23/2034,13.50861,339.9003,44.39732,15.31457,-18.15541,48.78454,1000,34.76984,-84.03099,34,404,151.1777,98,0.02,58.5,441.07
12/24/2034,12.20398,114.0996,62.83835,12.23442,-19.91775,44.3866,1000,34.76984,-84.03099,34,375,491.1211,68,9.17,16.98,447.04
12/25/2034,16.86767,49.42822,37.37678,9.888472,-19.98769,39.76463,1000,34.76984,-84.03099,34,94,569.7733,9,4.95,84.53,326.53
12/26/2034,2.040796,241.1643,34.91682,11.77844,-17.52903,41.08591,1000,34.76984,-84.03099,34,223,523.059,24,5.24,15.39,292.95
12/27/2034,1.098239,86.89057,45.44076,11.86431,-19.31593,43.04455,1000,34.76984,-84.03099,34,220,646.3207,13,1.26,97.81,55.54
12/28/2034,9.514037,133.392,53.1922,7.17576,-18.54625,32.89777,1000,34.76984,-84.03099,34,324,616.8901,56,8.73,53.78,349.5
12/29/2034,9.402443,302.1266,44.81716,8.842052,-18.24083,35.92493,1000,34.76984,-84.03099,34,250,562.3957,70,2.87,161.71,357.11
12/30/2034,16.72601,234.5197,66.11429,15.45179,-17.45014,48.35372,1000,34.76984,-84.03099,34,250,899.855,19,4.82,76.38,136.47
12/31/2034,4.391224,201.0105,40.39366,13.81799,-18.37815,46.01412,1000,34.76984,-84.03099,34,441,572.2542,25,4.75,47.05,313.15
1/1/2035,18.47302,129.3546,46.80995,14.39742,-15.16559,43.96043,1000,34.76984,-84.03099,35,283,508.5475,44,4.11,146.78,416.62
1/2/2035,1.20156,161.1852,37.43567,12.41893,-16.09497,40.93283,1000,34.76984,-84.03099,35,148,84.49232,21,2.74,147.02,467.89
1/3/2035,7.991763,268.9384,61.11704,16.08098,-16.53209,48.69405,1000,34.76984,-84.03099,35,139,472.4248,31,2.57,144.87,218.74
1/4/2035,10.30768,177.7986,45.08991,8.095765,-18.55774,34.74927,1000,34.76984,-84.03099,35,103,359.8685,31,2.34,61.18,248.42
1/5/2035,11.13383,198.7539,57.38004,12.32233,-19.58877,44.23344,1000,34.76984,-84.03099,35,308,442.2389,15,9.55,131.29,499.46
1/6/2035,10.31783,336.9919,60.5555,14.20092,-19.83636,48.2382,1000,34.76984,-84.03099,35,374,170.3352,24,3.22,92.78,205.06
1/7/2035,17.15561,98.29985,57.94223,12.87892,-19.64028,45.39812,1000,34.76984,-84.03099,35,226,160.7695,96,3.08,122.12,312.34
1/8/2035,17.51453,202.7805,67.41418,13.34557,-18.62023,45.31137,1000,34.76984,-84.03099,35,228,720.3361,9,5.48,133.8,242.93
1/9/2035,0.3154683,120.5832,44.62291,11.68766,-17.5777,40.95301,1000,34.76984,-84.03099,35,179,683.3475,73,9.38,47.08,143.77
1/10/2035,17.34623,232.6808,38.47772,12.33061,-12.38026,37.04148,1000,34.76984,-84.03099,35,471,399.1746,87,1.32,159.26,427.87
1/11/2035,0.8933878,306.6107,49.97912,9.413141,-19.45301,38.2793,1000,34.76984,-84.03099,35,230,682.3439,34,2.78,26.92,453.02
1/12/2035,17.26625,102.156,38.51413,13.16191,-13.90491,40.22874,1000,34.76984,-84.03099,35,323,315.3813,46,3.45,63.54,383.36
1/13/2035,0.1422882,356.1357,48.396,15.44455,-16.34166,47.23075,1000,34.76984,-84.03099,35,403,492.2622,50,3.7,171.42,330.64
1/14/2035,4.078026,172.9519,55.95886,18.99835,-9.340466,47.33716,1000,34.76984,-84.03099,35,199,693.3,27,0.64,191.03,34.16
1/15/2035,4.386344,343.0273,60.09108,14.49291,-19.46826,48.45407,1000,34.76984,-84.03099,35,242,376.5433,86,7.64,122.13,168.72
1/16/2035,12.01715,312.4102,44.21572,11.37738,-19.49366,42.24843,1000,34.76984,-84.03099,35,396,853.0421,36,3.82,113.96,380.73
1/17/2035,16.49141,305.3245,58.15335,3.326906,-17.55785,24.21166,1000,34.76984,-84.03099,35,80,810.9517,72,0.34,8.25,98.93
1/18/2035,6.229881,243.6197,68.56948,17.72044,-13.31655,48.75744,1000,34.76984,-84.03099,35,166,91.57967,66,3.17,126.48,356.14
1/19/2035,15.55501,0.4980326,63.18242,10.81401,-13.92306,35.55108,1000,34.76984,-84.03099,35,429,672.9208,60,1.63,119.5,256.72
1/20/2035,10.33139,119.7799,63.65022,12.23071,-11.79021,36.25163,1000,34.76984,-84.03099,35,222,520.5414,35,0.02,112.54,146.66
1/21/2035,0.4373384,12.00698,44.71707,7.744737,-19.97861,35.46808,1000,34.76984,-84.03099,35,364,658.7011,48,6.27,13.92,268.45
1/22/2035,5.02335,173.3459,40.38375,9.780916,-18.37461,37.93644,1000,34.76984,-84.03099,35,42,564.8076,64,8.88,6.95,470.87
1/23/2035,9.325966,204.2352,29.10346,8.220575,-19.80259,36.24374,1000,34.76984,-84.03099,35,304,812.3757,5,7.77,57.33,125.75
1/24/2035,16.65764,75.80849,34.11679,15.2323,-16.83358,47.29818,1000,34.76984,-84.03099,35,66,606.7522,3,6.08,58.58,368.24
1/25/2035,6.7798,23.59945,45.40487,16.17668,-14.77552,47.12889,1000,34.76984,-84.03099,35,307,646.6078,70,4.14,139.57,114.2
1/26/2035,8.398362,104.2565,55.79318,15.00496,-18.99639,49.00632,1000,34.76984,-84.03099,35,226,371.6556,28,8.89,168.86,72.5
1/27/2035,10.91133,339.1356,58.50505,12.27547,-15.52355,40.07449,1000,34.76984,-84.03099,35,142,388.6236,69,2.26,140.27,495.87
1/28/2035,2.218468,66.3079,47.52822,10.64404,-10.82809,32.11616,1000,34.76984,-84.03099,35,251,710.3544,76,2.41,145.81,32.51
1/29/2035,11.57128,294.3973,55.608,16.50788,-15.31638,48.33214,1000,34.76984,-84.03099,35,293,414.4074,64,1.42,51.19,406.31
1/30/2035,2.151492,232.186,66.46555,9.028189,-19.41122,37.4676,1000,34.76984,-84.03099,35,253,627.6862,46,8.88,129.78,159.62
1/31/2035,12.59359,267.7674,34.76848,13.19523,-8.162374,34.55283,1000,34.76984,-84.03099,35,330,417.5455,50,9.12,46.52,240.75
2/1/2035,4.047933,277.1551,44.46459,1.282237,-18.55386,21.11833,1000,34.76984,-84.03099,35,159,995.5161,67,0.39,183,29.93
2/2/2035,11.73463,302.4232,56.52347,6.880234,-18.43804,32.19851,1000,34.76984,-84.03099,35,516,618.8856,82,9.18,135.1,214.09
2/3/2035,19.30085,331.6097,59.80533,15.29298,-13.49645,44.08241,1000,34.76984,-84.03099,35,102,507.5485,33,1.93,192.78,227.45
2/4/2035,8.021289,209.5311,63.51374,15.64787,-17.10988,48.40561,1000,34.76984,-84.03099,35,236,395.5168,31,7.73,123.43,465.39
2/5/2035,18.97653,57.68848,59.61543,14.29057,-17.07834,45.65949,1000,34.76984,-84.03099,35,200,152.1279,8,2.58,114.01,119.03
2/6/2035,12.67317,358.0735,71.54636,15.162,-17.90655,48.23055,1000,34.76984,-84.03099,35,350,538.9406,70,6.04,196.41,164.7
2/7/2035,8.831917,282.5419,64.9101,10.61602,-12.828,34.06005,1000,34.76984,-84.03099,35,214,302.6917,4,6.09,146.47,319.97
2/8/2035,0.8409023,36.77759,55.39094,13.83417,-19.84673,47.51508,1000,34.76984,-84.03099,35,106,194.7583,44,5.56,62.12,461.17
2/9/2035,4.437215,63.20044,63.47983,12.1718,-12.94806,37.29165,1000,34.76984,-84.03099,35,276,828.49,58,5.18,196.24,24.78
2/10/2035,19.88372,120.3838,60.69392,14.9648,-17.25281,47.18242,1000,34.76984,-84.03099,35,320,698.8157,3,9.76,173.35,37.6
2/11/2035,5.549025,231.6896,51.37369,12.99078,-19.18534,45.16689,1000,34.76984,-84.03099,35,320,496.0774,45,8.76,192.29,21.51
2/12/2035,12.40049,11.36068,58.7558,16.58263,-14.06607,47.23132,1000,34.76984,-84.03099,35,69,502.7993,18,5.74,85.74,97.73
2/13/2035,6.636191,154.8124,43.37738,9.638298,-19.77164,39.04824,1000,34.76984,-84.03099,35,291,569.8802,83,2.84,1.54,135.68
2/14/2035,8.594285,211.9163,39.13036,10.84959,-10.93641,32.63559,1000,34.76984,-84.03099,35,173,689.1367,84,3.78,159.6,165.41
2/15/2035,8.924383,205.8361,44.39716,10.09065,-18.67764,38.85893,1000,34.76984,-84.03099,35,377,776.1848,71,0.76,53.6,307.26
2/16/2035,16.47604,39.3247,66.18349,5.1068,-19.16284,29.37644,1000,34.76984,-84.03099,35,258,468.918,92,4.96,175.06,388.42
2/17/2035,12.00097,181.2143,26.12726,14.80083,-19.56231,49.16398,1000,34.76984,-84.03099,35,170,345.8264,35,8.98,94.88,324.47
2/18/2035,17.22446,236.6413,52.0053,15.69724,-16.5366,47.93107,1000,34.76984,-84.03099,35,316,318.5206,71,7.44,107.24,89.95
2/19/2035,3.843994,221.3201,61.59627,12.40463,-18.3069,43.11617,1000,34.76984,-84.03099,35,167,551.4681,34,5.63,195.26,3.95
2/20/2035,16.37685,214.9558,37.25667,12.49811,-18.85784,43.85406,1000,34.76984,-84.03099,35,319,686.0882,100,1.86,65.74,284.41
2/21/2035,8.102793,317.5972,39.86575,10.80998,-19.56488,41.18485,1000,34.76984,-84.03099,35,292,285.9753,50,5.63,23.92,358.33
2/22/2035,7.777043,106.7409,44.62279,10.12522,-9.365396,29.61584,1000,34.76984,-84.03099,35,112,626.9177,33,8.65,112.15,110.87
2/23/2035,2.970421,269.9477,52.91141,15.56904,-17.91327,49.05136,1000,34.76984,-84.03099,35,521,537.4038,37,8.16,61.4,198.64
2/24/2035,9.399776,240.8314,62.05139,12.90267,-18.08544,43.89077,1000,34.76984,-84.03099,35,137,642.056,23,5.89,188.35,270
2/25/2035,19.10981,245.234,65.27546,11.81766,-19.29667,42.93199,1000,34.76984,-84.03099,35,478,853.1864,33,9.34,85.7,450.29
2/26/2035,11.25184,149.2639,40.32064,15.1515,-19.5456,49.8486,1000,34.76984,-84.03099,35,478,421.3827,82,9.7,40.2,419.06
2/27/2035,4.192371,277.6277,61.93283,14.14609,-18.8794,47.17157,1000,34.76984,-84.03099,35,442,706.2245,76,1.18,139.57,471.2
2/28/2035,4.185133,184.037,44.97188,15.7945,-16.66051,48.2495,1000,34.76984,-84.03099,35,189,373.0384,42,9.05,12.91,263.66
3/1/2035,18.93692,151.4001,46.04674,16.65144,-15.29145,48.59433,1000,34.76984,-84.03099,35,340,551.2184,3,5.47,47.1,353.41
3/2/2035,15.12229,209.6351,74.27317,13.47607,-19.67495,46.62709,1000,34.76984,-84.03099,35,192,647.1725,53,8.95,56.28,137.67
3/3/2035,3.443518,125.4973,63.13632,16.27414,-16.16856,48.71684,1000,34.76984,-84.03099,35,76,707.9532,9,9.38,11.64,60.34
3/4/2035,0.2942395,296.9564,44.69032,15.86736,-17.37212,49.10685,1000,34.76984,-84.03099,35,235,639.9568,28,1.9,83.87,306.86
3/5/2035,9.277645,98.2375,44.05121,13.76748,-19.68764,47.2226,1000,34.76984,-84.03099,35,357,791.1061,85,1.21,37.45,163.7
3/6/2035,11.33948,177.1558,41.86699,13.47066,-18.78044,45.72175,1000,34.76984,-84.03099,35,245,314.8191,68,7.03,26.79,141.94
3/7/2035,15.75669,24.68319,48.50697,14.47058,-19.14861,48.08978,1000,34.76984,-84.03099,35,269,597.7565,68,5.49,13.96,175.12
3/8/2035,18.02161,324.6678,42.3152,10.77458,-17.83361,39.38278,1000,34.76984,-84.03099,35,257,552.6379,22,0.38,182.57,345.38
3/9/2035,13.82985,200.0406,43.86549,12.55616,-18.35216,43.46448,1000,34.76984,-84.03099,35,261,179.9186,30,5.25,106.96,316.74
3/10/2035,19.87983,63.30811,49.41961,14.34058,-15.68303,44.3642,1000,34.76984,-84.03099,35,360,649.9004,8,3.77,15.61,74.56
3/11/2035,8.763227,12.12152,33.83654,15.04692,-16.12731,46.22116,1000,34.76984,-84.03099,35,248,350.8915,91,9.62,23.59,125.03
3/12/2035,15.64813,174.559,57.14171,12.96471,-12.49197,38.42139,1000,34.76984,-84.03099,35,179,576.1948,53,1.36,40.13,471.83
3/13/2035,17.43035,54.90684,36.89015,11.82057,-17.33474,40.97588,1000,34.76984,-84.03099,35,144,689.8611,15,5.96,140.36,403.53
3/14/2035,17.20691,178.5576,62.31955,18.98248,-11.51528,49.48024,1000,34.76984,-84.03099,35,336,467.1894,55,8.61,188.58,406.86
3/15/2035,2.336411,168.4809,54.08105,15.93877,-18.03052,49.90805,1000,34.76984,-84.03099,35,250,357.7974,64,7.39,72.94,331.14
3/16/2035,18.63742,253.3616,45.57776,15.06676,-17.01255,47.14606,1000,34.76984,-84.03099,35,57,617.1271,19,1.94,68.96,444.23
3/17/2035,18.90268,295.3759,58.27254,11.05354,-19.90441,42.01149,1000,34.76984,-84.03099,35,243,365.2101,94,4.9,170.26,60.08
3/18/2035,9.793359,148.5836,60.37314,7.183921,-18.95262,33.32046,1000,34.76984,-84.03099,35,278,337.7704,42,7.25,89.99,61.27
3/19/2035,3.059406,217.6145,67.01196,12.5029,-17.93348,42.93928,1000,34.76984,-84.03099,35,242,316.1139,90,5.78,154.92,356.87
3/20/2035,13.63241,114.976,32.86226,12.92276,-19.85948,45.705,1000,34.76984,-84.03099,35,382,777.537,83,0.41,46.4,104.68
3/21/2035,3.481483,305.6592,71.07722,6.635921,-19.73626,33.0081,1000,34.76984,-84.03099,35,382,623.4553,77,1.12,75.64,253.63
3/22/2035,7.06726,254.0326,42.51948,12.18536,-17.22613,41.59686,1000,34.76984,-84.03099,35,531,566.0664,6,2.41,48.28,212.11
3/23/2035,4.479916,263.6306,29.39879,-0.2249899,-17.1341,16.68412,1000,34.76984,-84.03099,35,135,815.1095,56,7.35,165.73,12.28
3/24/2035,8.73712,354.0742,49.82551,16.43391,-16.43864,49.30645,1000,34.76984,-84.03099,35,209,478.8495,63,9.36,18.74,123.29
3/25/2035,19.66612,190.5834,51.33383,7.172572,-19.26858,33.61372,1000,34.76984,-84.03099,35,165,569.8494,33,8.17,176.58,459.01
3/26/2035,17.28121,92.30101,55.26117,11.43356,-19.45086,42.31799,1000,34.76984,-84.03099,35,296,371.3102,76,1.26,162.12,258.9
3/27/2035,6.003915,72.71958,57.45293,16.00078,-17.16269,49.16425,1000,34.76984,-84.03099,35,217,662.8113,86,6.36,179.23,44.89
3/28/2035,2.877693,62.08387,55.59809,11.96866,-13.13429,37.07161,1000,34.76984,-84.03099,35,415,410.0031,42,6.36,131.88,103.81
3/29/2035,0.9228015,343.9319,40.22101,16.07072,-15.66426,47.80571,1000,34.76984,-84.03099,35,224,906.2352,22,3.81,130.34,93.91
3/30/2035,0.7314682,236.5221,50.46623,7.083951,-19.52982,33.69772,1000,34.76984,-84.03099,35,226,475.1846,61,2.91,198.61,41.64
3/31/2035,4.630868,68.1394,53.43364,15.24506,-18.75487,49.245,1000,34.76984,-84.03099,35,124,327.8379,26,4.16,86.45,86.73
4/1/2035,1.350596,41.97039,47.32184,11.54557,-16.49782,39.58896,1000,34.76984,-84.03099,35,387,437.3752,56,2.2,196.05,414.96
4/2/2035,12.54246,188.635,55.85829,13.23052,-17.66466,44.1257,1000,34.76984,-84.03099,35,153,320.3393,64,4.28,55.53,214.54
4/3/2035,11.24329,159.6535,53.97477,10.70395,-19.80829,41.21619,1000,34.76984,-84.03099,35,206,586.3303,27,3.43,87.71,305.95
4/4/2035,4.836307,123.9339,48.28241,8.296741,-19.62341,36.21689,1000,34.76984,-84.03099,35,226,717.0999,7,1.26,111.91,246.93
4/5/2035,16.30062,359.269,52.35685,13.74615,-18.83831,46.3306,1000,34.76984,-84.03099,35,460,830.9774,34,0.72,90.16,38.53
4/6/2035,6.813165,161.4632,43.90231,11.88188,-15.42306,39.18682,1000,34.76984,-84.03099,35,365,853.9039,74,1.54,90.43,487.48
4/7/2035,12.67715,94.53218,40.9668,16.50315,-13.79569,46.80198,1000,34.76984,-84.03099,35,334,323.2193,80,1.77,29.46,417.51
4/8/2035,16.5282,146.3158,49.73904,7.317547,-19.91434,34.54943,1000,34.76984,-84.03099,35,242,477.3318,32,1.59,80.71,336.35
4/9/2035,7.514428,312.5698,51.83851,10.69959,-18.27622,39.6754,1000,34.76984,-84.03099,35,133,91.92973,22,3.52,5.49,129.93
4/10/2035,12.39417,92.72025,29.60847,11.33362,-19.97873,42.64597,1000,34.76984,-84.03099,35,366,282.0791,40,3.67,6.79,391.8
4/11/2035,9.509238,168.7005,51.99376,15.51683,-18.16899,49.20265,1000,34.76984,-84.03099,35,246,258.8016,11,4.39,146.6,345.27
4/12/2035,13.99528,288.4982,39.17313,13.76074,-17.99368,45.51516,1000,34.76984,-84.03099,35,257,364.5549,81,0.87,135.87,246.96
4/13/2035,3.184178,176.155,69.42088,15.01773,-19.77651,49.81198,1000,34.76984,-84.03099,35,107,518.8487,14,1.96,138.81,233.89
4/14/2035,18.33294,29.93869,47.6763,15.58496,-17.74525,48.91516,1000,34.76984,-84.03099,35,470,619.8992,63,0.34,112.1,11.46
4/15/2035,1.347632,145.6591,52.4113,12.941,-17.69742,43.57943,1000,34.76984,-84.03099,35,134,617.33,22,8.85,27.23,471.43
4/16/2035,13.28703,237.4558,54.41829,15.44903,-18.9498,49.84785,1000,34.76984,-84.03099,35,267,421.721,50,4.42,53.11,477.83
4/17/2035,9.104601,339.6095,35.38829,7.874034,-19.5081,35.25617,1000,34.76984,-84.03099,35,284,376.4024,96,6.01,1.09,332.68
4/18/2035,11.21363,84.95007,53.25638,15.83846,-16.02314,47.70006,1000,34.76984,-84.03099,35,149,524.2631,18,4.4,53.19,316.79
4/19/2035,12.35022,31.3355,44.64745,16.33507,-14.87283,47.54297,1000,34.76984,-84.03099,35,443,732.3071,42,1.61,88.35,441.89
4/20/2035,0.1020455,78.65593,43.45883,14.96749,-19.86691,49.80189,1000,34.76984,-84.03099,35,184,325.6788,20,3.33,111.09,96.13
4/21/2035,16.05764,255.9115,51.16386,15.32661,-17.928,48.58123,1000,34.76984,-84.03099,35,223,942.3768,52,9.19,187.75,443.52
4/22/2035,13.57773,56.76662,57.0862,15.60182,-17.79981,49.00344,1000,34.76984,-84.03099,35,276,738.9243,6,2.72,161.62,286.9
4/23/2035,16.60599,328.7594,44.57736,16.27182,-15.96753,48.51117,1000,34.76984,-84.03099,35,113,463.2488,96,9.46,38.64,361.01
4/24/2035,8.995539,185.5207,55.59321,17.09171,-14.97478,49.1582,1000,34.76984,-84.03099,35,564,502.3977,26,6.94,160.64,395.5
4/25/2035,13.31266,336.4815,44.02042,3.915432,-19.06013,26.89099,1000,34.76984,-84.03099,35,176,406.8063,2,6.99,96.88,5.6
4/26/2035,7.137813,13.84586,37.04502,14.252,-18.84371,47.34771,1000,34.76984,-84.03099,35,411,522.0217,17,3.95,127.8,98.31
4/27/2035,7.963577,79.79709,60.14832,13.27692,-17.29232,43.84615,1000,34.76984,-84.03099,35,269,951.1154,32,3.87,131.5,266.29
4/28/2035,9.755436,152.4765,31.49095,6.845639,-18.05233,31.74361,1000,34.76984,-84.03099,35,266,342.3508,9,3.53,182.98,164.26
4/29/2035,19.24308,333.9224,65.48402,12.08958,-16.53397,40.71313,1000,34.76984,-84.03099,35,214,469.9484,79,5.3,141.75,487.67
4/30/2035,15.25868,224.371,60.77304,14.80486,-16.63046,46.24018,1000,34.76984,-84.03099,35,105,652.0707,88,6.35,178.16,312.89
5/1/2035,17.38812,139.5242,50.7369,11.98766,-18.41888,42.39421,1000,34.76984,-84.03099,35,278,145.9477,64,7.36,190.34,498
5/2/2035,10.49581,356.4694,32.77878,11.91415,-19.98578,43.81409,1000,34.76984,-84.03099,35,378,738.0818,91,8.22,160.76,16.84
5/3/2035,14.02544,111.938,35.43982,15.89412,-13.50684,45.29508,1000,34.76984,-84.03099,35,346,363.7723,26,0.91,26.63,279.69
5/4/2035,15.1459,19.01223,54.29686,3.998918,-19.06161,27.05945,1000,34.76984,-84.03099,35,182,500.5238,48,9.43,81.92,388.75
5/5/2035,16.21535,161.7985,68.72659,15.64828,-18.49088,49.78745,1000,34.76984,-84.03099,35,252,615.5087,50,7.68,119.18,371.02
5/6/2035,8.317967,228.5948,36.34689,15.83025,-18.11064,49.77114,1000,34.76984,-84.03099,35,187,355.9708,21,5.85,136.49,295.18
5/7/2035,13.03074,156.5473,39.0899,12.07712,-18.00248,42.15672,1000,34.76984,-84.03099,35,228,943.7515,96,1.37,62.18,405.71
5/8/2035,3.778105,275.8637,48.22663,12.16659,-13.96873,38.3019,1000,34.76984,-84.03099,35,174,600.8992,30,9.23,169.74,407.88
5/9/2035,17.5886,99.19695,37.77481,14.99546,-19.65824,49.64915,1000,34.76984,-84.03099,35,197,612.2483,37,0.05,130.81,288.92
5/10/2035,11.05463,63.77752,52.62674,10.03645,-19.81709,39.89,1000,34.76984,-84.03099,35,250,341.4456,76,1.77,121.82,429.21
5/11/2035,13.9303,239.5312,76.15704,15.80859,-16.49406,48.11124,1000,34.76984,-84.03099,35,128,570.8329,94,3.38,110.53,496.05
5/12/2035,7.60038,108.9808,40.88502,14.63536,-19.32741,48.59813,1000,34.76984,-84.03099,35,317,389.6249,33,9.28,73.79,148.8
5/13/2035,14.15041,152.0081,57.24993,13.75963,-19.78273,47.302,1000,34.76984,-84.03099,35,129,265.2948,84,1.22,53.86,99.64
5/14/2035,5.801717,345.7414,51.42575,13.91305,-19.92216,47.74826,1000,34.76984,-84.03099,35,40,443.6668,42,4.57,108.81,443.26
5/15/2035,11.76192,122.815,59.6142,1.802393,-18.90657,22.51136,1000,34.76984,-84.03099,35,507,350.0802,75,5.11,102.66,329.86
5/16/2035,18.86855,237.4932,47.05467,10.62971,-16.05124,37.31066,1000,34.76984,-84.03099,35,115,670.4343,0,0.18,75.68,187.41
5/17/2035,10.47573,53.84983,65.27117,8.174315,-14.51233,30.86096,1000,34.76984,-84.03099,35,470,655.1943,53,1.4,139.08,367.04
5/18/2035,10.72698,167.8709,66.49299,16.27156,-11.67398,44.21711,1000,34.76984,-84.03099,35,470,494.9765,27,5.37,33.33,232.79
5/19/2035,16.87309,80.07321,41.9003,15.91196,-17.49358,49.3175,1000,34.76984,-84.03099,35,404,387.0366,100,5.11,26.09,437.44
5/20/2035,10.59711,81.66657,42.11446,15.49414,-17.49103,48.47931,1000,34.76984,-84.03099,35,205,249.1385,30,1.36,81.84,58.81
5/21/2035,18.60316,274.0356,31.95685,9.790227,-19.1329,38.71335,1000,34.76984,-84.03099,35,170,216.2702,20,9.69,124.1,374.53
5/22/2035,10.39557,274.0356,42.99175,5.867537,-15.04671,26.78179,1000,34.76984,-84.03099,35,382,856.2,68,6.16,51.16,232.14
5/23/2035,2.597756,224.2696,60.67587,16.92187,-11.53229,45.37604,1000,34.76984,-84.03099,35,129,706.5919,69,6.67,165.67,476.33
5/24/2035,4.765651,16.95238,70.74508,13.11544,-15.305,41.53588,1000,34.76984,-84.03099,35,247,349.9652,7,4.89,191.2,233.84
5/25/2035,15.04531,209.9212,40.66776,12.06486,-19.26354,43.39326,1000,34.76984,-84.03099,35,279,673.4827,6,6.1,170.95,414.97
5/26/2035,12.20464,306.5154,51.37449,17.10566,-15.66201,49.87333,1000,34.76984,-84.03099,35,168,241.6619,23,1.57,146.16,96.19
5/27/2035,1.768999,321.8687,47.12819,13.35995,-17.81456,44.53445,1000,34.76984,-84.03099,35,235,62.6505,93,8.18,156.4,120.7
5/28/2035,7.262183,273.8893,62.29701,12.45124,-16.16713,41.06961,1000,34.76984,-84.03099,35,368,317.7523,65,6,180.25,253.39
5/29/2035,13.50531,150.5755,50.38501,15.69506,-14.02171,45.41183,1000,34.76984,-84.03099,35,293,281.9197,53,0.57,31.9,63.26
5/30/2035,16.60845,193.8249,41.74977,13.33164,-19.62384,46.28711,1000,34.76984,-84.03099,35,411,540.8141,79,1.02,114.96,136.02
5/31/2035,16.70205,17.39788,47.81002,17.55893,-12.75867,47.87653,1000,34.76984,-84.03099,35,244,432.7781,49,1.1,89.99,410.76
6/1/2035,13.16997,255.6531,68.93264,12.60024,-13.33268,38.53316,1000,34.76984,-84.03099,35,159,165.7495,75,7.82,130.93,466.79
6/2/2035,11.97502,268.2469,21.32705,9.879438,-19.63443,39.39331,1000,34.76984,-84.03099,35,185,834.2761,32,9.93,42.44,195.23
6/3/2035,3.246984,327.6332,58.48431,13.73003,-15.5502,43.01027,1000,34.76984,-84.03099,35,348,813.891,53,9,64.66,426.95
6/4/2035,3.157201,177.0994,52.71594,5.692684,-19.8191,31.20447,1000,34.76984,-84.03099,35,228,259.6743,93,5.78,167.98,260.51
6/5/2035,19.91814,215.3633,52.46715,11.49314,-18.08621,41.07249,1000,34.76984,-84.03099,35,148,341.2079,32,8.53,158.76,262.59
6/6/2035,16.41758,116.1527,35.38614,12.7778,-17.97669,43.53229,1000,34.76984,-84.03099,35,185,162.6481,25,4.67,65.19,61.22
6/7/2035,12.95805,135.6116,44.21077,14.27007,-18.08219,46.62232,1000,34.76984,-84.03099,35,265,420.8578,59,4.09,116.3,341.19
6/8/2035,6.716867,154.7301,64.19893,10.08796,-15.52075,35.69667,1000,34.76984,-84.03099,35,261,437.6625,86,7.88,179.47,17.94
6/9/2035,9.81974,12.65771,43.4673,17.81549,-13.78794,49.41891,1000,34.76984,-84.03099,35,380,579.5432,89,9.5,76.88,204.69
6/10/2035,17.83354,201.0077,46.37799,14.26847,-18.89066,47.42759,1000,34.76984,-84.03099,35,380,200.7446,2,6.47,84.29,65.36
6/11/2035,5.475241,137.3199,38.53585,8.692692,-19.59924,36.98462,1000,34.76984,-84.03099,35,539,403.6586,11,6.65,106.96,305.14
6/12/2035,11.64773,315.9185,40.56261,11.12258,-16.578,38.82316,1000,34.76984,-84.03099,35,110,349.4347,62,1.5,177.28,99.63
6/13/2035,11.7348,31.81023,32.73228,12.13966,-18.41059,42.6899,1000,34.76984,-84.03099,35,228,468.9562,68,2.52,129.36,384.56
6/14/2035,14.87035,133.3256,61.34299,12.129,-19.97454,44.23254,1000,34.76984,-84.03099,35,189,352.5823,12,4.08,31.14,442.02
6/15/2035,16.03926,105.8859,42.97394,8.453629,-15.18483,32.09209,1000,34.76984,-84.03099,35,308,899.9771,75,6.78,198.9,118.28
6/16/2035,3.846259,101.7368,57.95574,4.72919,-17.76118,27.21956,1000,34.76984,-84.03099,35,199,633.3793,50,3.68,31.69,371.4
6/17/2035,11.92927,189.3206,52.25737,7.132626,-18.72073,32.98598,1000,34.76984,-84.03099,35,113,694.6223,83,2.19,139.03,126.83
6/18/2035,6.044368,12.08136,36.04871,7.319724,-19.3836,34.02305,1000,34.76984,-84.03099,35,419,617.5536,30,4.06,149.3,221.53
6/19/2035,12.35878,148.2398,55.6139,15.94058,-17.71728,49.59845,1000,34.76984,-84.03099,35,146,492.452,77,2.04,103.29,204.13
6/20/2035,2.115717,335.5228,29.17287,8.725641,-16.44253,33.89381,1000,34.76984,-84.03099,35,138,385.8244,29,1.08,186,341.62
6/21/2035,3.065624,216.0369,60.01639,7.230132,-18.10177,32.56203,1000,34.76984,-84.03099,35,501,413.2249,61,0.6,143.03,16.1
6/22/2035,3.113041,122.5262,43.2975,11.52676,-19.34439,42.39791,1000,34.76984,-84.03099,35,194,433.4395,25,9.74,139.32,460.43
6/23/2035,15.51786,108.4642,44.94574,4.301984,-18.60035,27.20431,1000,34.76984,-84.03099,35,194,113.2325,88,2.07,3.74,466.55
6/24/2035,6.71661,148.2997,58.02324,12.40521,-19.91846,44.72888,1000,34.76984,-84.03099,35,234,706.7601,72,7.44,55.69,342.65
6/25/2035,10.83772,337.5793,49.03504,16.71931,-15.78983,49.22845,1000,34.76984,-84.03099,35,315,587.5833,57,8.14,91.59,22.95
6/26/2035,14.98967,11.97287,63.78559,9.453758,-19.4551,38.36262,1000,34.76984,-84.03099,35,284,645.6321,50,5.48,74.73,246.16
6/27/2035,5.927762,354.6979,32.62931,14.3005,-19.81841,48.4194,1000,34.76984,-84.03099,35,335,141.1028,47,0.59,184.74,175.61
6/28/2035,18.58305,35.66673,34.36528,11.7066,-19.19103,42.60423,1000,34.76984,-84.03099,35,300,733.7416,1,0.46,6.83,416.97
6/29/2035,18.94038,178.4597,69.26797,14.25485,-17.66861,46.17832,1000,34.76984,-84.03099,35,246,696.2721,57,5.59,174.11,244.57
6/30/2035,19.06228,271.6339,48.1688,16.42797,-13.08359,45.93953,1000,34.76984,-84.03099,35,294,179.4259,33,9.5,149.01,117.96
7/1/2035,6.380797,100.1514,33.37573,12.03838,-19.51187,43.58863,1000,34.76984,-84.03099,35,166,583.3514,79,2.43,198.9,431.36
7/2/2035,10.66998,154.9626,59.51278,14.37096,-18.96734,47.70927,1000,34.76984,-84.03099,35,425,668.1858,45,9.64,32.5,332.36
7/3/2035,12.151,225.3781,65.4784,18.93458,-8.152958,46.02211,1000,34.76984,-84.03099,35,115,336.049,87,2.75,6.06,422.09
7/4/2035,11.03814,320.4469,49.11778,12.80324,-16.26855,41.87503,1000,34.76984,-84.03099,35,667,442.9727,47,6.07,68.42,320.61
7/5/2035,4.882429,310.7511,46.32469,14.00436,-19.06169,47.0704,1000,34.76984,-84.03099,35,117,265.813,48,6.58,95.98,134.63
7/6/2035,2.426338,251.1106,66.58825,14.21013,-16.92148,45.34174,1000,34.76984,-84.03099,35,335,616.5956,5,1.71,41.32,259.33
7/7/2035,0.3654027,124.978,48.70134,13.53579,-19.35661,46.42819,1000,34.76984,-84.03099,35,298,321.7929,74,8.11,79.35,63.01
7/8/2035,1.889739,22.52086,49.91986,14.41829,-18.13068,46.96727,1000,34.76984,-84.03099,35,224,331.565,61,5.93,47.73,483.97
7/9/2035,16.05619,283.2596,34.2054,8.719309,-19.54429,36.98291,1000,34.76984,-84.03099,35,411,684.2793,9,4.92,172.64,52.77
7/10/2035,8.260208,252.959,49.01617,15.01964,-18.83249,48.87177,1000,34.76984,-84.03099,35,164,315.3235,41,8.95,169.02,285.2
7/11/2035,0.1873112,354.6292,43.26232,15.00663,-18.96781,48.98107,1000,34.76984,-84.03099,35,169,651.2011,86,1.14,187.81,60.69
7/12/2035,0.02939224,197.8658,59.56423,9.266132,-18.60251,37.13478,1000,34.76984,-84.03099,35,188,596.4124,76,5.79,32.86,168.17
7/13/2035,11.73095,229.4618,48.77005,13.3373,-14.24913,40.92373,1000,34.76984,-84.03099,35,55,223.7536,41,1.47,19.11,478.04
7/14/2035,5.579661,27.43599,48.35082,16.69208,-8.441137,41.8253,1000,34.76984,-84.03099,35,354,474.7419,17,9.44,81.85,82.96
7/15/2035,11.76405,226.8659,35.68699,15.06922,-17.52591,47.66435,1000,34.76984,-84.03099,35,117,775.6089,53,0.36,142.16,462.68
7/16/2035,12.52363,279.217,49.40106,12.96319,-18.12397,44.05035,1000,34.76984,-84.03099,35,296,265.1563,1,8.11,184.74,416.69
7/17/2035,12.12454,84.0497,38.28445,5.211888,-19.26488,29.68865,1000,34.76984,-84.03099,35,91,528.1,92,2.67,167.5,216.57
7/18/2035,5.322553,74.70154,34.90745,16.1708,-16.70836,49.04996,1000,34.76984,-84.03099,35,416,441.1658,35,4.71,24.29,342.65
7/19/2035,6.082135,51.68574,29.3459,5.232593,-19.83647,30.30166,1000,34.76984,-84.03099,35,314,751.8818,34,3.88,147.02,424.14
7/20/2035,14.67042,94.91022,32.63178,16.76364,-15.80503,49.3323,1000,34.76984,-84.03099,35,45,472.9291,97,0.46,101.18,472.67
7/21/2035,13.38542,284.0412,50.0088,13.73237,-19.65737,47.1221,1000,34.76984,-84.03099,35,276,464.4561,36,0.67,94.87,176.13
7/22/2035,15.0392,152.1623,34.86212,17.2466,-14.74441,49.23762,1000,34.76984,-84.03099,35,344,282.2816,63,1.92,71.39,328.1
7/23/2035,7.473787,86.60239,53.17741,13.39969,-19.53529,46.33467,1000,34.76984,-84.03099,35,402,751.7131,51,2.22,13.72,402.06
7/24/2035,8.914639,139.9525,51.82845,14.06101,-19.90734,48.02936,1000,34.76984,-84.03099,35,281,703.2402,0,1.04,157.22,395.81
7/25/2035,4.623723,209.2318,38.65126,14.44601,-17.84032,46.73234,1000,34.76984,-84.03099,35,110,538.707,70,0.96,123.1,87.3
7/26/2035,11.42177,255.8128,25.83752,3.318045,-19.06941,25.7055,1000,34.76984,-84.03099,35,175,382.8753,61,6.7,108.37,333.08
7/27/2035,15.61594,163.217,54.52072,15.5435,-18.64061,49.72761,1000,34.76984,-84.03099,35,334,239.979,63,4.63,188.48,103.19
7/28/2035,9.89812,45.24638,53.60991,8.547111,-11.43374,28.52796,1000,34.76984,-84.03099,35,266,575.1027,76,5.96,92.75,447.62
7/29/2035,18.91301,67.41602,49.48876,15.09648,-17.94031,48.13327,1000,34.76984,-84.03099,35,182,465.1701,71,8.08,117.24,319.16
7/30/2035,4.758554,2.437549,55.80655,10.49121,-14.26799,35.25041,1000,34.76984,-84.03099,35,349,959.2343,91,6.3,190.36,376.76
7/31/2035,18.54408,59.86467,50.61386,15.39752,-17.78974,48.58479,1000,34.76984,-84.03099,35,268,410.3778,11,4.82,117.05,131.67
8/1/2035,12.80375,288.3643,28.39282,10.44885,-18.53252,39.43023,1000,34.76984,-84.03099,35,379,668.6891,34,0.82,64.57,174.51
8/2/2035,5.439545,245.6285,48.34854,10.85236,-19.01604,40.72076,1000,34.76984,-84.03099,35,172,296.8496,67,4.67,42.48,53.93
8/3/2035,13.70115,358.6796,61.68795,16.55988,-14.08243,47.20219,1000,34.76984,-84.03099,35,178,485.8021,11,7.43,159.94,263.64
8/4/2035,9.17698,312.123,63.74263,7.572945,-16.58661,31.73249,1000,34.76984,-84.03099,35,392,521.9542,59,3.58,0.11,224.44
8/5/2035,15.91656,58.24797,67.55122,14.69786,-12.28216,41.67789,1000,34.76984,-84.03099,35,60,514.8416,65,1.07,54.28,273.42
8/6/2035,0.186429,158.5487,52.1269,9.784732,-16.39164,35.96111,1000,34.76984,-84.03099,35,465,115.3374,44,1.61,188.69,109.13
8/7/2035,19.95201,332.5901,48.80725,16.86274,-15.40887,49.13434,1000,34.76984,-84.03099,35,465,743.3413,87,9.18,71.17,204.61
8/8/2035,1.152763,338.9666,49.29001,13.52133,-18.25323,45.29589,1000,34.76984,-84.03099,35,395,585.8751,85,8.67,181.08,176.83
8/9/2035,7.199439,89.15783,48.9918,17.40707,-13.257,48.07114,1000,34.76984,-84.03099,35,229,677.9912,58,5.25,172.78,277.76
8/10/2035,5.645467,91.46996,72.99917,16.1802,-17.04498,49.40539,1000,34.76984,-84.03099,35,270,622.8249,37,7.82,35.44,173.14
8/11/2035,3.137808,357.1234,34.60206,10.46303,-13.74234,34.6684,1000,34.76984,-84.03099,35,447,167.4944,10,3.02,61.92,140.54
8/12/2035,4.857705,318.4402,67.13973,16.9318,-13.22847,47.09208,1000,34.76984,-84.03099,35,34,199.1543,48,0.86,113.16,107.22
8/13/2035,11.40112,119.2542,52.48018,13.32463,-18.56672,45.21598,1000,34.76984,-84.03099,35,348,783.1902,54,9.52,183.66,372.78
8/14/2035,10.55725,22.19788,57.61702,7.197477,-18.67516,33.07012,1000,34.76984,-84.03099,35,307,704.688,50,6.56,81.49,144.88
8/15/2035,9.063955,102.5183,33.70284,15.05691,-17.81527,47.92909,1000,34.76984,-84.03099,35,305,511.2961,96,9.86,189.95,490.67
8/16/2035,18.46776,64.62399,69.26741,16.31491,-13.49431,46.12413,1000,34.76984,-84.03099,35,263,383.6846,21,3.29,179.92,371.32
8/17/2035,1.158845,175.4235,42.02972,14.97373,-15.89483,45.8423,1000,34.76984,-84.03099,35,170,851.4232,5,0.69,179.33,46.75
8/18/2035,5.171827,26.98568,70.45181,11.94223,-12.81333,36.69779,1000,34.76984,-84.03099,35,239,239.2785,11,7.11,97.03,311.86
8/19/2035,18.88774,327.41,57.75542,12.84534,-19.93709,45.62777,1000,34.76984,-84.03099,35,292,108.1122,82,0.86,181.57,407.18
8/20/2035,9.84435,75.57976,30.33996,11.28368,-18.9628,41.53017,1000,34.76984,-84.03099,35,319,617.0666,9,5.77,9.78,185.88
8/21/2035,2.172799,217.3479,44.06073,11.32064,-17.99056,40.63184,1000,34.76984,-84.03099,35,184,839.7628,79,5.89,76.83,267.02
8/22/2035,15.44645,175.6622,55.84277,12.98833,-19.40598,45.38264,1000,34.76984,-84.03099,35,295,773.8489,73,8,23.89,450.29
8/23/2035,16.21338,305.2191,39.90831,6.721175,-17.19575,30.6381,1000,34.76984,-84.03099,35,423,567.4944,71,3.17,15.64,301.23
8/24/2035,5.215364,176.4711,67.70295,13.46651,-18.41513,45.34814,1000,34.76984,-84.03099,35,318,858.4,58,5.95,92.74,496.07
8/25/2035,11.12513,224.6086,50.02072,6.486966,-19.29506,32.26899,1000,34.76984,-84.03099,35,89,310.5786,22,1.75,5.42,426.08
8/26/2035,2.049904,257.5327,76.72887,13.8779,-17.67444,45.43024,1000,34.76984,-84.03099,35,155,475.4326,28,0.87,66.1,322.65
8/27/2035,5.217747,10.67863,43.03691,12.80382,-19.31815,44.92579,1000,34.76984,-84.03099,35,370,606.8032,0,6.34,49.05,313.37
8/28/2035,5.667876,285.461,68.86691,13.81013,-19.88051,47.50077,1000,34.76984,-84.03099,35,252,639.984,76,3.03,107.63,234.34
8/29/2035,10.71333,284.704,79.98489,14.59209,-19.92772,49.1119,1000,34.76984,-84.03099,35,198,415.3054,22,6.14,72.58,164.41
8/30/2035,2.379284,255.459,43.72393,15.82127,-14.14916,45.7917,1000,34.76984,-84.03099,35,63,349.4234,85,8.35,51.94,108.63
8/31/2035,5.708495,359.0571,56.03403,15.14886,-18.86745,49.16516,1000,34.76984,-84.03099,35,590,493.4448,68,2.42,55.07,25.04
9/1/2035,12.23639,17.15137,44.75826,7.210758,-18.07203,32.49355,1000,34.76984,-84.03099,35,103,829.4694,17,9.07,13.78,65.46
9/2/2035,18.58693,64.19856,55.59512,14.55287,-19.2492,48.35494,1000,34.76984,-84.03099,35,254,439.4045,4,6.57,41,55.38
9/3/2035,16.07646,74.30376,51.89987,16.02395,-12.08785,44.13575,1000,34.76984,-84.03099,35,254,838.9832,22,3.2,121.22,489.68
9/4/2035,16.38654,189.8191,56.08033,17.16535,-12.94638,47.27708,1000,34.76984,-84.03099,35,219,618.8829,87,7.1,9.94,100.07
9/5/2035,8.879639,170.4133,69.85361,7.942038,-19.01611,34.90019,1000,34.76984,-84.03099,35,447,467.7667,87,7.85,132.14,477.7
9/6/2035,2.218397,85.07714,48.55217,12.58595,-19.78033,44.95222,1000,34.76984,-84.03099,35,126,722.8672,54,1.76,93.07,468.63
9/7/2035,15.68496,188.8788,55.15873,14.66,-19.62464,48.94464,1000,34.76984,-84.03099,35,277,95.25132,33,6.7,25.4,396.61
9/8/2035,6.318783,348.1203,54.06148,13.1294,-16.66068,42.91949,1000,34.76984,-84.03099,35,303,570.6039,30,9.07,34.94,498.05
9/9/2035,11.64936,11.10306,58.18673,12.64299,-19.9424,45.22837,1000,34.76984,-84.03099,35,119,344.1336,82,2.51,111.96,109.39
9/10/2035,13.79694,259.9323,34.98838,14.44105,-18.55839,47.44049,1000,34.76984,-84.03099,35,399,236.2619,28,2.45,99.37,202.53
9/11/2035,2.962825,260.5948,36.62975,15.99694,-17.32132,49.3152,1000,34.76984,-84.03099,35,172,891.8761,35,6.66,118.96,295.56
9/12/2035,18.19384,176.7307,48.15506,10.55606,-19.74677,40.85889,1000,34.76984,-84.03099,35,315,793.8384,15,5.51,63.04,101.22
9/13/2035,4.363165,344.4979,33.83916,19.01221,-10.55512,48.57954,1000,34.76984,-84.03099,35,186,434.8445,85,9.27,106.95,365.46
9/14/2035,11.76035,178.5386,55.99965,14.98944,-16.55848,46.53736,1000,34.76984,-84.03099,35,318,482.5407,22,7.53,189.1,232.9
9/15/2035,16.28079,315.2065,56.23889,10.89853,-17.24111,39.03816,1000,34.76984,-84.03099,35,270,556.5094,86,9.46,51.68,177.49
9/16/2035,18.71526,123.2227,40.58218,14.8498,-17.07826,46.77785,1000,34.76984,-84.03099,35,260,836.5856,45,8.74,98.14,320.79
9/17/2035,15.68167,104.7605,39.79039,14.94713,-15.58894,45.48321,1000,34.76984,-84.03099,35,374,32.82583,95,7.54,8.42,92.51
9/18/2035,17.65376,262.7354,59.11838,14.39086,-19.81111,48.59283,1000,34.76984,-84.03099,35,87,890.4873,71,7.09,73.41,366.19
9/19/2035,1.289206,247.7254,46.51294,7.434979,-19.50316,34.37312,1000,34.76984,-84.03099,35,348,352.4391,97,0.76,34.63,23.57
9/20/2035,18.30998,179.0653,47.0368,15.59794,-17.53645,48.73232,1000,34.76984,-84.03099,35,178,443.7903,76,8.32,128.9,468.32
9/21/2035,0.4959059,217.4798,55.14013,17.17994,-15.00075,49.36063,1000,34.76984,-84.03099,35,443,466.893,71,9.82,66.21,211.53
9/22/2035,11.35415,353.1874,55.63188,9.814793,-13.80025,33.42984,1000,34.76984,-84.03099,35,58,623.5899,8,3.52,178.76,89.89
9/23/2035,6.469275,247.3723,52.39746,7.928849,-14.2831,30.1408,1000,34.76984,-84.03099,35,349,826.9775,19,2.66,27.22,416.8
9/24/2035,5.592476,281.014,41.78106,11.98992,-17.17735,41.15719,1000,34.76984,-84.03099,35,121,366.7598,37,7.47,121.76,447.98
9/25/2035,6.255411,13.55361,56.03868,11.36441,-17.78164,40.51046,1000,34.76984,-84.03099,35,116,681.6794,70,8.94,175.61,165.97
9/26/2035,10.41202,248.9913,60.01756,10.02045,-19.92515,39.96605,1000,34.76984,-84.03099,35,315,860.1113,62,8.25,63.41,53.67
9/27/2035,15.71424,294.1249,43.51887,11.65283,-17.40296,40.70862,1000,34.76984,-84.03099,35,183,393.4838,70,0.1,108,179.57
9/28/2035,12.23253,118.0205,49.34859,14.90345,-18.8728,48.6797,1000,34.76984,-84.03099,35,420,693.6146,100,2.66,174.9,139.9
9/29/2035,2.746601,309.2003,56.31673,14.14351,-13.60656,41.89359,1000,34.76984,-84.03099,35,236,368.3662,49,7.48,179.35,257.13
9/30/2035,9.269591,251.4225,64.84893,9.662228,-18.50282,37.82728,1000,34.76984,-84.03099,35,304,651.0406,32,9.18,56.85,148.6
10/1/2035,16.46235,76.12113,41.90943,6.564188,-18.30099,31.42936,1000,34.76984,-84.03099,35,221,503.6918,40,1.62,140.63,10.4
10/2/2035,16.68328,136.4516,40.48779,12.94683,-18.14907,44.04273,1000,34.76984,-84.03099,35,96,635.4998,4,3.93,186.73,136.12
10/3/2035,10.76029,346.6093,58.83822,15.08222,-14.30982,44.47425,1000,34.76984,-84.03099,35,323,192.663,58,3.83,168.73,413.35
10/4/2035,7.620801,243.3214,55.75557,10.10428,-16.79012,36.99868,1000,34.76984,-84.03099,35,323,711.1738,45,8.67,74.31,140.65
10/5/2035,13.90475,81.63451,42.51964,16.01565,-16.51141,48.5427,1000,34.76984,-84.03099,35,505,202.8342,36,6.73,12.85,264.18
10/6/2035,14.25714,259.1632,57.98052,12.45996,-18.90905,43.82898,1000,34.76984,-84.03099,35,226,985.2046,77,6.69,135.33,219.05
10/7/2035,7.765566,79.81876,46.52592,15.14087,-17.08937,47.37111,1000,34.76984,-84.03099,35,342,445.5842,51,9.18,89.7,288.84
10/8/2035,19.57285,272.7237,26.5852,14.34279,-13.64186,42.32743,1000,34.76984,-84.03099,35,215,77.87555,19,1.75,74.13,6.04
10/9/2035,0.6980729,108.5073,54.09465,13.77902,-13.34226,40.9003,1000,34.76984,-84.03099,35,133,58.71093,97,6.76,74.67,371.99
10/10/2035,7.838288,359.4613,64.84704,12.482,-19.77431,44.73831,1000,34.76984,-84.03099,35,296,319.8072,100,6.45,26.44,327.72
10/11/2035,11.85705,27.35489,60.52241,14.10587,-18.6481,46.85985,1000,34.76984,-84.03099,35,345,565.6781,93,9.69,91.14,245.01
10/12/2035,17.21572,88.05521,54.53925,10.38496,-19.84296,40.61288,1000,34.76984,-84.03099,35,168,769.1566,93,3,70.75,215.37
10/13/2035,9.516095,322.7827,44.1826,11.91317,-18.00907,41.8354,1000,34.76984,-84.03099,35,251,535.489,84,0.43,160.38,204.89
10/14/2035,3.054552,263.1107,67.13105,15.13815,-18.53907,48.81538,1000,34.76984,-84.03099,35,370,498.0751,84,5.2,153.12,295.52
10/15/2035,3.367176,346.8417,27.12422,18.12988,-13.64063,49.90038,1000,34.76984,-84.03099,35,179,331.4527,51,8.13,195.14,343.17
10/16/2035,10.55763,84.38329,46.927,13.36587,-19.40892,46.14066,1000,34.76984,-84.03099,35,315,479.1439,41,3.86,54.53,455.71
10/17/2035,10.20653,224.1541,42.88157,11.46273,-16.36441,39.28987,1000,34.76984,-84.03099,35,177,621.4965,18,6.48,61.02,123.68
10/18/2035,4.05143,322.9216,46.63089,11.38104,-15.95776,38.71984,1000,34.76984,-84.03099,35,187,24.90902,64,0.8,130.37,256.05
10/19/2035,13.9914,84.86608,43.45001,7.350859,-19.45331,34.15503,1000,34.76984,-84.03099,35,256,810.3901,61,6.04,190.74,116.35
10/20/2035,0.7362556,214.03,47.30996,14.99482,-17.27841,47.26806,1000,34.76984,-84.03099,35,404,880.2488,82,0.9,31.4,309.78
10/21/2035,0.9788966,275.5411,44.79817,13.97505,-15.47819,43.42828,1000,34.76984,-84.03099,35,331,407.4906,96,0.61,37.73,141.74
10/22/2035,11.72743,75.73108,62.61507,14.51702,-15.18587,44.21991,1000,34.76984,-84.03099,35,155,817.7448,41,2.27,134.5,9.95
10/23/2035,2.869675,292.754,49.08757,9.846172,-19.08485,38.77719,1000,34.76984,-84.03099,35,205,715.8337,16,6.03,149.79,486.01
10/24/2035,0.1731467,71.76703,58.82219,15.10426,-18.47358,48.68209,1000,34.76984,-84.03099,35,236,226.7202,52,1.88,40.22,218.04
10/25/2035,14.26453,276.466,53.25798,14.33797,-13.79812,42.47407,1000,34.76984,-84.03099,35,297,147.3256,44,3.86,172.71,155.68
10/26/2035,9.424705,164.2341,82.89281,1.564227,-17.38709,20.51554,1000,34.76984,-84.03099,35,506,494.8099,73,6.55,129.43,373.2
10/27/2035,9.690989,57.33065,54.19059,13.40693,-13.79211,40.60597,1000,34.76984,-84.03099,35,506,869.891,23,4.57,151.12,482.71
10/28/2035,11.50876,235.1284,50.33468,16.00587,-15.33685,47.34859,1000,34.76984,-84.03099,35,462,765.478,72,3.96,138.06,292.71
10/29/2035,0.8812141,28.25615,41.8836,13.9465,-18.40233,46.29533,1000,34.76984,-84.03099,35,230,352.9329,66,5.18,6.96,215.21
10/30/2035,18.02652,97.40219,53.12526,9.440775,-16.42982,35.31137,1000,34.76984,-84.03099,35,300,646.3639,28,0.76,169.24,417.13
10/31/2035,3.081906,27.22983,50.92908,14.09851,-17.36584,45.56286,1000,34.76984,-84.03099,35,275,388.1032,73,4.18,183.03,415.53
11/1/2035,19.35899,317.9999,49.9427,15.65116,-17.19789,48.50021,1000,34.76984,-84.03099,35,279,245.015,37,1.5,120.73,363.62
11/2/2035,15.3984,78.23356,38.37729,12.27454,-18.61646,43.16555,1000,34.76984,-84.03099,35,325,829.3086,21,8.21,185.27,474.96
11/3/2035,3.303626,144.597,70.97239,12.95713,-19.98549,45.89975,1000,34.76984,-84.03099,35,412,598.8772,35,0.33,148.88,113.86
11/4/2035,10.01067,252.1031,73.10099,16.1315,-17.51582,49.77882,1000,34.76984,-84.03099,35,132,428.7283,34,6.54,37.86,92.81
11/5/2035,9.251019,345.744,21.93502,6.731684,-15.4901,28.95347,1000,34.76984,-84.03099,35,144,788.8329,23,3.69,180.35,78.88
11/6/2035,15.57271,19.10325,51.09365,14.25153,-18.71059,47.21365,1000,34.76984,-84.03099,35,96,483.2058,73,6.51,43.05,486.39
11/7/2035,1.655781,353.0351,58.18351,10.73014,-18.77527,40.23555,1000,34.76984,-84.03099,35,450,573.9603,31,4.26,5.5,438.78
11/8/2035,19.19157,144.341,36.55271,14.11964,-18.11826,46.35755,1000,34.76984,-84.03099,35,258,523.4265,87,5.46,156.59,90.41
11/9/2035,5.045218,89.87627,55.77057,14.50296,-19.03123,48.03714,1000,34.76984,-84.03099,35,209,406.9892,20,7.2,133.79,35.33
11/10/2035,11.41524,28.85774,39.62484,15.45487,-18.81977,49.72952,1000,34.76984,-84.03099,35,250,888.6461,4,5.55,42.59,23.42
11/11/2035,4.418609,177.257,39.9361,0.5348911,-18.724,19.79378,1000,34.76984,-84.03099,35,250,541.9698,80,1.68,177.52,458.94
11/12/2035,6.590091,143.7157,50.04074,11.88375,-19.84418,43.61168,1000,34.76984,-84.03099,35,323,761.7606,95,0.75,133.83,57.63
11/13/2035,17.69342,99.26163,44.04435,11.17117,-13.19131,35.53365,1000,34.76984,-84.03099,35,421,365.5414,30,4.67,166.19,116.9
11/14/2035,18.99955,225.3116,55.46292,17.8016,-10.9795,46.58271,1000,34.76984,-84.03099,35,110,421.509,67,7.29,17.08,354.03
11/15/2035,19.56188,263.0333,46.57542,9.237758,-19.86799,38.34351,1000,34.76984,-84.03099,35,306,734.9363,31,9.49,17.58,97.61
11/16/2035,15.70108,10.00842,55.88321,15.35732,-17.63321,48.34784,1000,34.76984,-84.03099,35,309,358.137,65,4.77,160.55,318.19
11/17/2035,18.70397,3.575835,64.46729,14.57074,-14.16443,43.30591,1000,34.76984,-84.03099,35,231,419.8068,74,9.41,172.94,387.71
11/18/2035,19.76747,57.74959,48.88244,12.12721,-17.62498,41.8794,1000,34.76984,-84.03099,35,343,465.029,64,2.62,79.07,487.92
11/19/2035,9.949492,206.1792,56.58795,14.9979,-17.7061,47.7019,1000,34.76984,-84.03099,35,73,374.6635,100,5.35,110.56,101.87
11/20/2035,1.402483,38.10612,38.88938,16.78393,-9.126915,42.69477,1000,34.76984,-84.03099,35,542,661.9293,49,9.6,153.54,432.78
11/21/2035,14.53854,214.4151,42.38055,10.99623,-12.29803,34.29049,1000,34.76984,-84.03099,35,137,570.3442,30,0.9,193.9,482.38
11/22/2035,0.6470275,97.55355,58.18611,14.2303,-19.19092,47.65152,1000,34.76984,-84.03099,35,291,850.8279,55,4.04,8.42,468.77
11/23/2035,8.272232,25.64522,38.68449,12.86252,-18.24386,43.9689,1000,34.76984,-84.03099,35,268,441.2051,17,2,29.91,241.29
11/24/2035,1.744702,290.7749,44.8012,15.88401,-15.00736,46.77538,1000,34.76984,-84.03099,35,149,765.4183,91,4.53,174.81,230.3
11/25/2035,4.495354,244.1453,68.06868,15.01915,-18.31246,48.35076,1000,34.76984,-84.03099,35,277,438.2512,50,1.19,68.62,30.52
11/26/2035,14.10111,261.2004,38.00006,6.183179,-17.86148,30.22784,1000,34.76984,-84.03099,35,103,932.0953,77,3.21,81.96,330.42
11/27/2035,3.500283,167.9827,52.13938,13.84752,-18.30429,45.99932,1000,34.76984,-84.03099,35,212,914.2933,56,1.36,64.15,237.13
11/28/2035,17.67272,46.66464,39.1671,16.69373,-14.70471,48.09217,1000,34.76984,-84.03099,35,312,198.2137,32,0.2,63.49,409.57
11/29/2035,3.433971,305.5671,61.24928,9.553288,-19.46756,38.57413,1000,34.76984,-84.03099,35,155,228.6732,29,9.32,8.35,296.65
11/30/2035,1.180978,217.2796,41.58986,11.2909,-19.1289,41.7107,1000,34.76984,-84.03099,35,541,680.8051,47,3.04,23.73,33.1
12/1/2035,9.990367,272.4769,55.36964,14.53011,-19.73759,48.79782,1000,34.76984,-84.03099,35,140,465.8066,96,6.43,64.03,236.06
12/2/2035,14.62741,160.7178,56.209,14.33864,-19.21724,47.89453,1000,34.76984,-84.03099,35,335,639.3562,37,6.36,148.65,374.15
12/3/2035,3.493159,155.2839,50.48482,5.053699,-18.9857,29.0931,1000,34.76984,-84.03099,35,188,564.6484,64,4.09,112.35,483
12/4/2035,10.14147,233.2074,54.19077,12.37827,-19.62428,44.38081,1000,34.76984,-84.03099,35,326,340.8464,66,9.16,179.2,149.48
12/5/2035,14.39917,317.667,37.17061,13.74965,-15.49574,42.99504,1000,34.76984,-84.03099,35,297,395.2945,97,2.26,13.64,245.66
12/6/2035,9.374737,213.1373,56.93466,16.00876,-17.52115,49.53868,1000,34.76984,-84.03099,35,106,940.6349,26,5.74,3.66,486.2
12/7/2035,9.471575,68.65734,41.31441,10.85419,-14.90901,36.61739,1000,34.76984,-84.03099,35,476,368.0268,73,4.07,3.41,387.96
12/8/2035,0.330658,315.8888,47.91722,2.374424,-19.02241,23.77126,1000,34.76984,-84.03099,35,199,519.3357,93,9.73,75.74,236.03
12/9/2035,13.93546,51.80024,25.14034,9.271286,-17.06423,35.6068,1000,34.76984,-84.03099,35,372,529.5282,31,2.57,66.82,340.27
12/10/2035,12.98728,327.7198,39.81724,15.23848,-18.62013,49.09708,1000,34.76984,-84.03099,35,178,473.5595,19,0.1,6.5,83.27
12/11/2035,7.149891,67.31465,45.23098,12.24496,-17.91557,42.40548,1000,34.76984,-84.03099,35,376,356.3909,22,1.29,1.89,170.37
12/12/2035,8.590852,103.9777,49.12775,15.63138,-17.75445,49.0172,1000,34.76984,-84.03099,35,177,465.591,84,3.41,153.86,395.35
12/13/2035,5.342139,121.2484,48.94107,13.22726,-19.44123,45.89576,1000,34.76984,-84.03099,35,237,246.6996,44,9.75,95.15,451.1
12/14/2035,18.01482,144.9903,63.05632,13.79271,-18.40358,45.98899,1000,34.76984,-84.03099,35,252,838.4185,64,8.56,122.43,227.88
12/15/2035,19.54391,29.60266,45.77059,16.26453,-14.00901,46.53807,1000,34.76984,-84.03099,35,264,736.5399,62,5.67,48.78,355.62
12/16/2035,7.969212,295.9056,60.53746,13.48892,-19.33108,46.30893,1000,34.76984,-84.03099,35,329,693.9026,17,8.09,181.15,282.38
12/17/2035,2.126143,115.1504,57.45941,9.232044,-17.97648,36.44057,1000,34.76984,-84.03099,35,170,693.3909,58,6.57,165.42,281.31
12/18/2035,14.58701,309.4885,52.34021,16.86427,-14.63171,48.36024,1000,34.76984,-84.03099,35,356,280.3765,84,2.67,191.13,328.82
12/19/2035,17.40201,344.288,54.27376,10.92846,-18.22937,40.08629,1000,34.76984,-84.03099,35,180,711.5934,46,2.22,132.63,215.17
12/20/2035,16.42667,128.278,65.07647,11.79604,-17.29058,40.88265,1000,34.76984,-84.03099,35,68,665.4426,96,0.44,178.39,359.31
12/21/2035,1.644857,194.9058,56.67565,13.5176,-13.5837,40.6189,1000,34.76984,-84.03099,35,399,698.3765,16,4.35,108.3,272.64
12/22/2035,3.357909,64.92684,61.59784,8.345797,-18.09104,34.78263,1000,34.76984,-84.03099,35,45,729.9052,95,6.34,103.47,320.9
12/23/2035,9.732455,188.751,42.48021,15.42708,-15.9621,46.81627,1000,34.76984,-84.03099,35,458,386.6599,29,0.54,58.25,281.9
12/24/2035,14.12455,129.9488,53.55721,15.93622,-17.44057,49.31301,1000,34.76984,-84.03099,35,458,644.7999,20,3.63,68.96,416.83
12/25/2035,4.421129,97.02376,60.92967,17.5106,-14.58795,49.60915,1000,34.76984,-84.03099,35,481,798.3645,62,4.62,10.73,473.17
12/26/2035,19.42593,117.8583,32.45101,12.05464,-16.81912,40.92839,1000,34.76984,-84.03099,35,263,920.179,47,3.42,97.18,170.56
12/27/2035,19.82622,164.7217,56.22469,13.45845,-19.3493,46.2662,1000,34.76984,-84.03099,35,296,536.7041,74,5.47,107.9,215.65
12/28/2035,2.429395,98.10535,34.59814,14.67977,-17.96361,47.32315,1000,34.76984,-84.03099,35,160,415.2095,95,7.78,164.18,89.55
12/29/2035,19.92297,4.936681,46.66206,10.65608,-19.25109,40.56325,1000,34.76984,-84.03099,35,90,668.8425,56,2.46,33.68,306.46
12/30/2035,2.732468,116.2067,59.29093,17.59395,-13.00323,48.19113,1000,34.76984,-84.03099,35,198,492.5242,63,0.27,64.94,325.75
12/31/2035,12.70256,259.0983,64.88287,14.94422,-11.79558,41.68402,1000,34.76984,-84.03099,35,374,861.5256,27,0.34,177.17,191.94
1/1/2036,14.90315,74.17269,59.85968,2.629258,-17.52483,22.78334,1000,34.76984,-84.03099,36,202,419.7724,68,3.22,53.11,465.8
1/2/2036,2.996745,74.8756,62.35872,11.70025,-19.58586,42.98636,1000,34.76984,-84.03099,36,0,407.9885,96,0.98,153.15,177.68
1/3/2036,5.109238,142.7343,66.50801,14.43939,-18.89908,47.77785,1000,34.76984,-84.03099,36,206,444.7146,27,5.24,182.74,82.66
1/4/2036,2.878513,333.9189,48.34833,13.97418,-16.5022,44.45056,1000,34.76984,-84.03099,36,0,190.0488,3,1.77,168.77,395.73
1/5/2036,9.990686,307.8715,55.54852,13.0514,-19.71354,45.81635,1000,34.76984,-84.03099,36,167,297.5615,76,9.96,60.16,12.02
1/6/2036,3.274724,268.1475,51.86458,13.52444,-15.82196,42.87085,1000,34.76984,-84.03099,36,0,835.9851,21,5.77,83.42,144.93
1/7/2036,4.137619,206.6242,47.78319,12.42677,-19.24459,44.09814,1000,34.76984,-84.03099,36,0,281.1934,84,4.73,100.62,409.31
1/8/2036,2.330027,184.9285,73.11311,14.77332,-14.80288,44.34951,1000,34.76984,-84.03099,36,577,515.4927,88,9.12,173.92,417.45
1/9/2036,4.517717,207.0305,41.39138,14.59505,-14.04275,43.23286,1000,34.76984,-84.03099,36,520,425.6714,57,2.98,129.01,152.53
1/10/2036,5.859719,53.80597,71.22726,5.520255,-17.3338,28.37431,1000,34.76984,-84.03099,36,0,391.636,17,6.28,136.79,404.28
1/11/2036,13.79846,283.1451,54.27568,14.82843,-18.06352,47.72039,1000,34.76984,-84.03099,36,371,598.7486,51,2.49,174.44,152.7
1/12/2036,15.82215,255.2892,58.09878,9.31775,-19.4083,38.0438,1000,34.76984,-84.03099,36,0,327.2527,5,2.61,124.79,276.5
1/13/2036,12.06939,5.051179,54.13018,15.06575,-18.93054,49.06203,1000,34.76984,-84.03099,36,134,352.4423,11,9.89,171.25,236.41
1/14/2036,6.263877,150.8925,57.81979,15.07673,-18.01566,48.16913,1000,34.76984,-84.03099,36,373,753.4135,38,7.41,189.85,194.92
1/15/2036,6.760436,213.0428,41.66151,19.56105,-9.660415,48.78252,1000,34.76984,-84.03099,36,324,214.7419,88,2.57,3.37,37.48
1/16/2036,11.38956,252.2787,61.52266,3.671576,-17.38083,24.72398,1000,34.76984,-84.03099,36,153,637.2278,53,4.93,177.5,156.99
1/17/2036,18.2642,341.376,39.48888,8.572913,-17.96053,35.10635,1000,34.76984,-84.03099,36,311,271.6898,88,9.24,128.14,226.36
1/18/2036,18.0159,282.2932,36.73857,11.55681,-18.4947,41.60832,1000,34.76984,-84.03099,36,0,593.5813,42,2.17,154.65,57.57
1/19/2036,13.4261,231.7671,44.92822,11.37937,-19.56149,42.32023,1000,34.76984,-84.03099,36,0,304.3902,96,1.32,108.68,16.07
1/20/2036,3.93079,245.7123,51.88496,6.669382,-18.16207,31.50083,1000,34.76984,-84.03099,36,252,581.7875,7,1.28,185.31,11.22
1/21/2036,10.91267,102.7437,40.40509,14.33377,-19.88526,48.55281,1000,34.76984,-84.03099,36,336,529.7849,17,7.99,18.38,353.62
1/22/2036,4.183269,69.63551,51.31503,10.53578,-15.37264,36.44421,1000,34.76984,-84.03099,36,114,532.5487,96,6.17,112.89,499.39
1/23/2036,16.85706,342.2039,69.85754,11.73411,-18.38826,41.85647,1000,34.76984,-84.03099,36,323,770.8124,75,9.13,23.19,221.37
1/24/2036,15.10973,328.2053,32.19798,14.40302,-19.9049,48.71095,1000,34.76984,-84.03099,36,462,220.1701,12,7.93,21.7,109.4
1/25/2036,3.384874,21.60856,39.69506,11.80672,-18.13421,41.74765,1000,34.76984,-84.03099,36,266,377.3847,64,2.98,33.14,461.25
1/26/2036,2.93221,191.8353,63.00277,16.98419,-13.96132,47.92969,1000,34.76984,-84.03099,36,255,840.8767,25,4.66,92.69,472.22
1/27/2036,10.39152,341.288,44.72869,15.6225,-18.17202,49.41703,1000,34.76984,-84.03099,36,129,332.7267,0,1,79.2,475.76
1/28/2036,1.54644,103.427,51.45833,13.90807,-17.53973,45.35587,1000,34.76984,-84.03099,36,215,803.7427,53,1.27,155.48,385.29
1/29/2036,15.08494,67.07964,55.84737,15.33811,-19.22532,49.90155,1000,34.76984,-84.03099,36,286,401.9037,78,3.22,15.72,484.15
1/30/2036,18.91563,0.3613901,55.33073,14.84406,-18.53696,48.22509,1000,34.76984,-84.03099,36,0,655.501,21,1.96,194.64,285.82
1/31/2036,8.397473,298.8075,41.36624,13.48295,-16.43419,43.4001,1000,34.76984,-84.03099,36,259,468.3352,99,2.13,143.38,308.36
2/1/2036,16.76553,283.3952,44.83331,14.98602,-19.47869,49.45073,1000,34.76984,-84.03099,36,0,482.1398,5,0.76,132.22,430.43
2/2/2036,0.3310704,264.9684,49.10376,11.44648,-16.03795,38.9309,1000,34.76984,-84.03099,36,0,121.8378,20,2.43,186.21,185.16
2/3/2036,11.45814,139.4968,62.81166,14.82307,-17.69954,47.34568,1000,34.76984,-84.03099,36,0,524.4767,73,1.28,5.54,376.04
2/4/2036,2.925904,80.55987,65.82403,15.02591,-19.60121,49.65303,1000,34.76984,-84.03099,36,257,268.119,92,0.72,28.15,299.03
2/5/2036,17.53248,126.4822,75.09067,14.52169,-16.97346,46.01684,1000,34.76984,-84.03099,36,409,644.5918,58,3.45,65.24,180.46
2/6/2036,6.839114,273.6824,51.27259,17.4006,-13.82249,48.62369,1000,34.76984,-84.03099,36,88,701.9314,3,7.69,42.36,107.6
2/7/2036,16.89999,348.6985,63.15888,15.34818,-14.99019,45.68655,1000,34.76984,-84.03099,36,359,741.3885,74,3.64,164,35.29
2/8/2036,13.60798,14.96849,31.62323,7.765141,-17.18173,32.71201,1000,34.76984,-84.03099,36,245,425.9946,4,3.91,16.74,66.91
2/9/2036,10.88257,195.5527,34.6341,11.51936,-19.60438,42.6431,1000,34.76984,-84.03099,36,288,591.4047,92,4.29,114.63,64.45
2/10/2036,19.76743,44.13268,35.51886,15.07438,-19.68028,49.82903,1000,34.76984,-84.03099,36,74,587.136,70,2.71,177.17,448.03
2/11/2036,10.07126,358.6941,45.07773,14.82841,-19.42639,49.08321,1000,34.76984,-84.03099,36,274,549.1116,41,7.79,127.28,341.4
2/12/2036,0.5781484,176.3949,43.97284,15.53047,-13.95227,45.0132,1000,34.76984,-84.03099,36,400,610.9131,53,6.17,90.32,327.74
2/13/2036,10.78925,87.44447,58.42002,10.69417,-19.26864,40.65698,1000,34.76984,-84.03099,36,199,706.754,0,0.8,2.79,315.91
2/14/2036,11.86718,283.1834,62.7487,15.05512,-18.54408,48.65432,1000,34.76984,-84.03099,36,437,532.4596,58,8.06,146.89,34.63
2/15/2036,16.47323,208.7619,81.2069,13.50647,-18.31043,45.32338,1000,34.76984,-84.03099,36,437,574.5518,72,4.68,100.8,345.74
2/16/2036,14.62248,215.2003,28.86298,4.89362,-16.29333,26.08058,1000,34.76984,-84.03099,36,348,118.6206,45,5.99,22.82,248.02
2/17/2036,13.78678,49.22948,50.21228,13.00094,-16.18381,42.1857,1000,34.76984,-84.03099,36,227,566.5175,26,8.14,60.67,190.07
2/18/2036,14.03692,200.0217,51.35314,12.95344,-18.51921,44.42609,1000,34.76984,-84.03099,36,375,640.1995,22,9.82,2.72,80.97
2/19/2036,3.190529,5.847859,55.17311,11.86154,-18.98073,42.70381,1000,34.76984,-84.03099,36,290,574.4841,35,5.75,136.18,77.74
2/20/2036,5.771107,329.7306,51.39136,15.02338,-17.83043,47.87718,1000,34.76984,-84.03099,36,137,358.5865,77,8.71,9.21,244.29
2/21/2036,18.16906,133.0467,50.79987,9.950855,-17.45324,37.35495,1000,34.76984,-84.03099,36,277,688.2988,22,8.38,186.08,287.86
2/22/2036,16.79145,304.8555,84.04263,9.474824,-12.15362,31.10327,1000,34.76984,-84.03099,36,291,708.772,9,1.97,94.93,204.25
2/23/2036,1.185157,202.3338,41.0686,16.96259,-13.30674,47.23191,1000,34.76984,-84.03099,36,280,701.7967,70,0.16,82.23,318.62
2/24/2036,4.369605,154.1621,57.06643,13.82718,-19.86968,47.52404,1000,34.76984,-84.03099,36,326,718.9337,94,0.69,192.43,319.23
2/25/2036,15.1433,195.1633,52.23719,7.828135,-17.94687,33.60314,1000,34.76984,-84.03099,36,66,687.2836,58,4.86,65.37,4.26
2/26/2036,4.422848,22.55347,44.8089,15.80942,-17.02734,48.64619,1000,34.76984,-84.03099,36,385,671.0917,67,8.43,171.96,477.32
2/27/2036,16.30413,70.88306,52.52699,14.09901,-17.31687,45.51489,1000,34.76984,-84.03099,36,140,825.6073,72,3.04,195.52,319.74
2/28/2036,15.71785,67.95551,44.24829,13.49819,-19.58552,46.58191,1000,34.76984,-84.03099,36,367,387.8421,23,5.18,26.44,90.22
2/29/2036,16.00054,42.07691,43.76245,13.21715,-19.20772,45.64202,1000,34.76984,-84.03099,36,190,545.0255,0,5.12,140.54,107.02
3/1/2036,13.13237,39.14677,60.66879,16.32237,-16.22954,48.87427,1000,34.76984,-84.03099,36,217,176.209,53,5.4,135.32,276.98
3/2/2036,4.584923,325.2755,47.09708,15.69951,-18.19853,49.59756,1000,34.76984,-84.03099,36,293,407.9058,35,2.41,39.26,136.28
3/3/2036,4.851134,97.5396,51.36977,16.11507,-13.28148,45.51162,1000,34.76984,-84.03099,36,301,752.5154,90,9.92,129.95,73.45
3/4/2036,3.615041,45.96766,45.52459,13.87286,-19.12377,46.86949,1000,34.76984,-84.03099,36,211,565.0325,10,7.3,14.38,155
3/5/2036,1.736624,241.1877,55.75748,13.8341,-18.58778,46.25598,1000,34.76984,-84.03099,36,296,729.5092,41,3.22,102.24,21.47
3/6/2036,13.80118,39.06451,60.20558,14.41058,-18.37061,47.19176,1000,34.76984,-84.03099,36,207,569.8435,95,0.16,38.85,108.43
3/7/2036,6.962987,298.2808,49.04896,14.89857,-19.8998,49.69693,1000,34.76984,-84.03099,36,307,817.3625,53,8.27,67,466.59
3/8/2036,5.520192,218.7885,59.58987,11.87545,-19.20596,42.95686,1000,34.76984,-84.03099,36,307,367.8519,94,4.39,143.13,370.32
3/9/2036,13.65888,53.08053,57.57173,14.05552,-19.27313,47.38417,1000,34.76984,-84.03099,36,388,560.7673,26,3.4,166.36,364.9
3/10/2036,17.50424,246.2853,56.35794,15.82376,-17.63055,49.27808,1000,34.76984,-84.03099,36,362,462.2591,93,1.2,95.06,186.49
3/11/2036,7.96759,279.2392,44.90903,17.83726,-9.377829,45.05235,1000,34.76984,-84.03099,36,350,580.3055,29,5.2,62.9,296.76
3/12/2036,2.738876,340.6491,55.09471,8.334511,-14.77964,31.44866,1000,34.76984,-84.03099,36,347,252.8049,64,9.27,119.18,47.57
3/13/2036,11.6014,264.6207,53.60757,10.1228,-19.22684,39.47244,1000,34.76984,-84.03099,36,62,707.9095,3,6.03,101.81,80.34
3/14/2036,12.68427,144.0808,37.58315,11.72801,-18.53939,41.9954,1000,34.76984,-84.03099,36,407,456.3488,89,8.45,100.82,50.44
3/15/2036,16.67853,323.8805,55.12166,15.90158,-12.99924,44.80239,1000,34.76984,-84.03099,36,149,179.2291,51,8.18,5.85,242.84
3/16/2036,12.95866,315.6931,42.61089,9.755362,-19.0943,38.60502,1000,34.76984,-84.03099,36,313,566.542,58,1.98,69.87,124.76
3/17/2036,13.53714,334.688,52.17876,13.16158,-18.63742,44.96058,1000,34.76984,-84.03099,36,78,363.3798,43,1.44,144.88,170.38
3/18/2036,4.490862,187.0376,42.46595,14.13919,-19.34431,47.6227,1000,34.76984,-84.03099,36,387,429.0477,94,6.49,125.52,302.76
3/19/2036,8.00486,19.30989,61.49437,10.86846,-17.60031,39.33722,1000,34.76984,-84.03099,36,196,597.5624,50,5.5,199.96,189.04
3/20/2036,11.71097,341.0091,40.76271,15.41573,-15.34234,46.17381,1000,34.76984,-84.03099,36,405,246.9761,78,8.09,161.17,7.61
3/21/2036,15.15069,228.9474,53.20749,10.51975,-16.60437,37.64388,1000,34.76984,-84.03099,36,176,457.6511,61,7.59,56.6,144.43
3/22/2036,1.6591,231.7529,63.38284,6.909868,-19.73833,33.55807,1000,34.76984,-84.03099,36,400,432.325,55,6.29,150.59,350.46
3/23/2036,2.137487,180.479,38.11518,14.94991,-19.50252,49.40234,1000,34.76984,-84.03099,36,125,450.2513,10,5.5,117.16,178.96
3/24/2036,6.261143,282.1058,45.73953,15.37169,-17.53107,48.27445,1000,34.76984,-84.03099,36,300,513.1628,75,8.34,115.78,411.59
3/25/2036,9.996208,269.5098,41.94444,12.31227,-14.31936,38.9439,1000,34.76984,-84.03099,36,399,501.1339,30,1.03,140.43,380.64
3/26/2036,18.39255,222.3286,53.39757,15.14382,-12.84523,43.13288,1000,34.76984,-84.03099,36,115,417.6144,84,7.67,46.29,173.34
3/27/2036,15.35267,241.3605,30.19734,16.24354,-15.74844,48.23551,1000,34.76984,-84.03099,36,452,631.2848,87,2.33,172.06,36.62
3/28/2036,2.717023,169.5536,31.16671,12.0397,-19.49401,43.57341,1000,34.76984,-84.03099,36,333,632.1161,29,4.86,130.71,279.05
3/29/2036,18.11716,116.9047,48.59774,13.59514,-17.57814,44.76842,1000,34.76984,-84.03099,36,181,489.5994,15,8.92,144.25,133.64
3/30/2036,1.452632,311.7321,52.39211,10.09121,-19.73024,39.91266,1000,34.76984,-84.03099,36,316,285.1802,2,9.2,187.08,187.16
3/31/2036,6.522111,237.9495,54.24852,8.300859,-13.02794,29.62966,1000,34.76984,-84.03099,36,316,428.879,20,4.02,83.42,320.09
4/1/2036,7.759851,16.93791,56.65453,15.18033,-19.63161,49.99226,1000,34.76984,-84.03099,36,506,544.4619,60,6.23,114.45,342.28
4/2/2036,6.810184,313.5246,47.53288,10.01951,-18.46399,38.503,1000,34.76984,-84.03099,36,262,807.1486,87,1.55,136.95,196.84
4/3/2036,4.320593,85.64285,26.61526,14.52562,-12.43161,41.48285,1000,34.76984,-84.03099,36,281,542.6645,85,4.38,54.62,486.08
4/4/2036,9.22968,271.9434,36.02336,9.696484,-19.87346,39.26643,1000,34.76984,-84.03099,36,79,778.5171,22,5.9,57.18,297.33
4/5/2036,7.833091,24.84211,42.35655,13.8928,-19.25881,47.0444,1000,34.76984,-84.03099,36,338,642.8397,95,9.66,64.98,130.72
4/6/2036,6.139389,322.4471,57.63566,9.167551,-18.62562,36.96072,1000,34.76984,-84.03099,36,196,461.9657,3,1.43,28.47,110.68
4/7/2036,16.1034,245.2966,49.81781,12.99152,-18.34026,44.3233,1000,34.76984,-84.03099,36,315,532.4861,51,6.5,120.05,459.56
4/8/2036,11.79191,113.1556,74.33067,17.41363,-12.86546,47.69272,1000,34.76984,-84.03099,36,318,623.3796,95,2.12,195.64,311.15
4/9/2036,9.641317,273.3749,48.48034,6.565737,-17.51394,30.64541,1000,34.76984,-84.03099,36,115,539.0508,59,5.07,173.83,13.41
4/10/2036,3.634126,249.6263,49.08738,15.89524,-17.43941,49.22989,1000,34.76984,-84.03099,36,340,487.6639,76,2.35,106.06,79.37
4/11/2036,11.29955,60.92541,59.23909,17.0535,-14.6776,48.78459,1000,34.76984,-84.03099,36,286,348.9958,71,7.72,144.94,361.73
4/12/2036,7.565135,110.9585,52.1898,13.98854,-19.28921,47.26629,1000,34.76984,-84.03099,36,438,402.3413,17,0.5,184.74,389.53
4/13/2036,18.88343,169.804,45.02895,19.444,-8.276762,47.16477,1000,34.76984,-84.03099,36,438,730.0019,0,0.93,141.41,443.01
4/14/2036,4.471817,228.9333,48.02806,9.145694,-16.81494,35.10632,1000,34.76984,-84.03099,36,279,549.4583,19,2.06,70.69,410.92
4/15/2036,18.2586,313.618,52.32708,17.03416,-14.29549,48.36381,1000,34.76984,-84.03099,36,191,390.3661,86,4.12,177.67,453.14
4/16/2036,6.559154,194.7054,31.00921,5.070183,-14.96941,25.10977,1000,34.76984,-84.03099,36,344,524.4998,54,9.18,32.15,394.05
4/17/2036,10.38478,116.0963,47.29199,13.80928,-18.77253,46.39108,1000,34.76984,-84.03099,36,231,752.1125,70,6.03,91.95,313.98
4/18/2036,0.7568312,308.3502,49.65074,11.95198,-19.89624,43.80021,1000,34.76984,-84.03099,36,117,583.1658,97,6.68,101.17,359.4
4/19/2036,10.55271,356.5484,51.61992,12.86279,-17.95525,43.68084,1000,34.76984,-84.03099,36,267,833.3218,10,0.12,103.43,325.88
4/20/2036,9.876023,305.094,52.30163,15.47425,-16.53127,47.47977,1000,34.76984,-84.03099,36,227,153.7795,48,7.69,170.94,44.46
4/21/2036,17.86064,145.6413,47.77268,15.02215,-19.05077,49.09506,1000,34.76984,-84.03099,36,180,592.5393,23,2.87,57.46,170.84
4/22/2036,13.16236,307.2267,54.10361,13.7508,-16.94819,44.44979,1000,34.76984,-84.03099,36,301,367.8524,58,9.3,146.37,330.77
4/23/2036,7.108127,67.76187,61.99993,15.6563,-17.61909,48.93168,1000,34.76984,-84.03099,36,97,651.662,70,2.14,78.46,37.29
4/24/2036,18.55753,258.5789,20.98678,13.47248,-15.66238,42.60733,1000,34.76984,-84.03099,36,441,288.4621,32,0.05,51.04,244.14
4/25/2036,18.41247,118.7951,48.64534,17.64284,-12.6291,47.91478,1000,34.76984,-84.03099,36,49,543.1318,74,0.53,12.26,405.56
4/26/2036,5.001975,57.38404,45.89682,8.056507,-14.83528,30.94829,1000,34.76984,-84.03099,36,502,222.3303,80,3.91,28.49,240.59
4/27/2036,9.087287,226.7551,61.7625,18.45496,-12.87834,49.78826,1000,34.76984,-84.03099,36,192,69.0242,85,1.76,56.1,86.82
4/28/2036,12.13279,284.0529,35.01538,16.58639,-11.67678,44.84955,1000,34.76984,-84.03099,36,117,640.4851,9,2.33,85.05,298.93
4/29/2036,3.603551,222.1124,58.25714,15.05749,-18.74783,48.86281,1000,34.76984,-84.03099,36,295,605.3886,6,1.53,183.77,493.5
4/30/2036,2.649262,80.28963,38.25474,12.59424,-18.56876,43.75725,1000,34.76984,-84.03099,36,287,266.0629,54,3.82,80.42,138.32
5/1/2036,6.988873,262.7378,52.84837,10.05704,-19.51813,39.63221,1000,34.76984,-84.03099,36,163,591.9021,78,4.22,84.78,258.09
5/2/2036,16.62764,81.70653,33.27581,15.09939,-18.37418,48.57295,1000,34.76984,-84.03099,36,389,411.8156,18,8.41,176.09,332.53
5/3/2036,6.974579,109.3395,25.49726,15.88795,-15.46348,47.23939,1000,34.76984,-84.03099,36,266,291.9454,97,9.28,88.62,436.13
5/4/2036,17.25836,288.5616,46.93348,16.97075,-11.75743,45.69893,1000,34.76984,-84.03099,36,377,594.3168,64,1.08,163.88,399.84
5/5/2036,9.590315,91.4167,72.66849,10.13699,-15.88258,36.15655,1000,34.76984,-84.03099,36,417,365.7703,37,9.82,39.49,475.97
5/6/2036,11.46023,278.4988,51.21133,13.34174,-16.72752,43.411,1000,34.76984,-84.03099,36,417,720.4087,61,2.66,66.66,470.42
5/7/2036,17.78012,350.9378,61.67086,13.03778,-19.69209,45.76766,1000,34.76984,-84.03099,36,274,615.7632,80,2.65,116.34,387.11
5/8/2036,16.43304,133.8059,59.65412,13.22936,-11.97484,38.43356,1000,34.76984,-84.03099,36,206,584.8019,1,0.75,147.18,223.71
5/9/2036,4.957731,154.2151,47.89432,12.36326,-15.81808,40.54459,1000,34.76984,-84.03099,36,303,273.4988,86,0.98,31.54,215.63
5/10/2036,1.731889,125.2276,35.71786,10.35242,-16.85324,37.55807,1000,34.76984,-84.03099,36,141,435.6981,29,4.46,101.06,202.12
5/11/2036,2.535744,223.8408,73.91233,17.36032,-15.14822,49.86885,1000,34.76984,-84.03099,36,133,468.0609,53,5.8,195.24,456.12
5/12/2036,7.861386,108.03,48.17677,14.1263,-14.01919,42.27179,1000,34.76984,-84.03099,36,277,344.6959,5,7.25,134.67,246.02
5/13/2036,0.6394625,39.36444,52.55921,11.16006,-19.64171,41.96184,1000,34.76984,-84.03099,36,224,702.7566,31,7.59,20.04,481.1
5/14/2036,12.29333,22.07042,40.29165,9.282183,-16.35143,34.9158,1000,34.76984,-84.03099,36,165,560.8759,26,7.71,45.97,170.35
5/15/2036,1.139083,295.0363,47.07063,8.292635,-14.11139,30.69666,1000,34.76984,-84.03099,36,397,507.7049,1,1.3,128.01,2.2
5/16/2036,19.1023,87.22608,55.49329,14.61288,-19.89475,49.12051,1000,34.76984,-84.03099,36,0,58.76255,87,4.79,136.19,226.98
5/17/2036,3.274977,28.8973,41.30953,14.57724,-13.32063,42.47511,1000,34.76984,-84.03099,36,0,736.1827,69,6.52,162.62,462.5
5/18/2036,17.05225,87.16476,62.08217,10.9556,-19.84205,41.75326,1000,34.76984,-84.03099,36,0,89.09023,83,6.91,152.15,412.31
5/19/2036,12.35258,135.9708,40.28496,12.18264,-16.61679,40.98207,1000,34.76984,-84.03099,36,0,757.6113,0,8.1,153.69,65.25
5/20/2036,6.576313,15.61574,44.0891,11.17111,-16.2517,38.59393,1000,34.76984,-84.03099,36,0,520.572,88,2.33,161.65,290.76
5/21/2036,14.76255,49.25656,33.13906,12.56023,-11.49211,36.61256,1000,34.76984,-84.03099,36,243,642.4742,81,3.36,181.69,290.33
5/22/2036,1.71375,195.5655,59.85841,11.70214,-16.84328,40.24755,1000,34.76984,-84.03099,36,0,545.5456,71,9.07,39.66,289.54
5/23/2036,7.620496,195.5655,24.24916,11.58235,-19.52969,42.69439,1000,34.76984,-84.03099,36,246,646.7661,45,5.61,192.26,305.29
5/24/2036,5.99877,286.9252,42.85455,14.98454,-13.9444,43.91348,1000,34.76984,-84.03099,36,224,434.8746,21,7.63,56.67,212.23
5/25/2036,3.764329,214.5786,51.64253,11.62768,-11.12738,34.38274,1000,34.76984,-84.03099,36,283,504.069,16,2.89,167.88,491.84
5/26/2036,7.021936,29.00785,42.20012,20.00014,-9.074725,49.075,1000,34.76984,-84.03099,36,0,331.2444,72,5.16,37.47,16.69
5/27/2036,19.39998,55.25879,53.39476,6.920046,-18.66948,32.50957,1000,34.76984,-84.03099,36,0,458.0084,20,4.66,172.6,363.97
5/28/2036,11.64259,232.1438,58.98918,15.15073,-18.74262,49.04408,1000,34.76984,-84.03099,36,0,849.4933,27,0.26,92.52,158.01
5/29/2036,18.24176,74.5594,38.74801,10.74333,-19.89441,41.38107,1000,34.76984,-84.03099,36,402,451.9127,86,3.89,121.16,197.37
5/30/2036,5.111994,42.41298,59.41776,8.352215,-18.5896,35.29403,1000,34.76984,-84.03099,36,199,540.9799,1,4.9,175.15,482.57
5/31/2036,17.06956,148.92,52.26501,12.99171,-16.90276,42.88618,1000,34.76984,-84.03099,36,195,127.1924,26,4.47,110.41,394.72
6/1/2036,13.75116,84.51585,57.16711,13.26435,-19.57332,46.10202,1000,34.76984,-84.03099,36,387,370.1186,23,6.02,149.18,266.42
6/2/2036,6.727556,144.537,43.46391,13.34108,-18.12894,44.8111,1000,34.76984,-84.03099,36,171,511.2234,41,0.67,23.53,326.55
6/3/2036,18.83545,359.0783,45.65021,15.11131,-18.13637,48.35899,1000,34.76984,-84.03099,36,0,789.1094,19,5.95,68.97,266.45
6/4/2036,12.95312,271.0024,28.08986,16.15292,-17.42855,49.73438,1000,34.76984,-84.03099,36,105,445.5478,19,0.31,192.99,128.43
6/5/2036,8.917216,35.7632,50.30299,9.216482,-13.91284,32.3458,1000,34.76984,-84.03099,36,349,850.2228,77,6.06,10.11,102.25
6/6/2036,6.937266,105.3744,62.43285,12.65086,-18.04665,43.34837,1000,34.76984,-84.03099,36,0,584.5035,26,6.42,65.8,355.62
6/7/2036,6.193186,158.5498,42.60038,14.71955,-14.74756,44.18666,1000,34.76984,-84.03099,36,0,735.401,70,5.35,151.75,95.35
6/8/2036,5.552546,176.448,53.34903,15.26709,-17.58098,48.11517,1000,34.76984,-84.03099,36,0,617.3553,25,6.29,185.92,56.7
6/9/2036,12.93663,93.46672,44.04471,14.618,-17.63781,46.87381,1000,34.76984,-84.03099,36,0,616.55,21,3.72,168.29,457.14
6/10/2036,12.17249,127.0902,56.51712,14.67597,-16.84103,46.19297,1000,34.76984,-84.03099,36,0,538.6946,51,9.69,83.22,321.08
6/11/2036,2.369273,152.8439,40.65295,14.87924,-11.63443,41.39291,1000,34.76984,-84.03099,36,0,437.4173,81,4.96,69.23,99.32
6/12/2036,19.46563,127.1336,36.09156,14.97471,-18.90473,48.85415,1000,34.76984,-84.03099,36,0,842.336,8,5.26,0.96,29.95
6/13/2036,19.18175,99.82883,44.8587,8.337317,-18.81071,35.48534,1000,34.76984,-84.03099,36,127,630.9971,22,8.4,96.64,264.21
6/14/2036,5.860247,140.5816,42.66331,12.89268,-19.18203,44.96739,1000,34.76984,-84.03099,36,0,260.0299,10,9.09,50.3,267.73
6/15/2036,6.805305,259.1502,50.69844,13.85227,-18.25331,45.95785,1000,34.76984,-84.03099,36,85,828.7906,92,2.48,68.41,139.81
6/16/2036,5.677275,277.4105,53.2436,10.62971,-18.65522,39.91464,1000,34.76984,-84.03099,36,0,586.9043,6,8.13,96.73,19.71
6/17/2036,4.01166,257.5162,43.93753,8.908792,-19.48377,37.30136,1000,34.76984,-84.03099,36,0,661.1296,54,8.42,133.65,248.53
6/18/2036,7.168006,220.3641,64.41721,16.47123,-14.03389,46.97635,1000,34.76984,-84.03099,36,0,651.3727,9,8.92,144.36,371.46
6/19/2036,16.42211,288.1774,49.89634,12.01522,-15.57577,39.60621,1000,34.76984,-84.03099,36,0,703.3738,62,4.83,97.62,192.06
6/20/2036,9.843374,318.0291,37.20876,10.68137,-17.05931,38.42205,1000,34.76984,-84.03099,36,0,303.5322,94,8.43,161.09,152.54
6/21/2036,3.44244,272.9576,52.33768,14.83602,-18.29817,47.97021,1000,34.76984,-84.03099,36,0,148.4834,23,8.39,126.29,473.37
6/22/2036,6.440376,353.8689,46.97756,11.13693,-19.63786,41.91172,1000,34.76984,-84.03099,36,0,536.83,25,6.87,106.73,446.55
6/23/2036,7.257408,147.7439,43.95546,14.72148,-15.48378,44.92675,1000,34.76984,-84.03099,36,0,417.7644,52,8.86,194,285.53
6/24/2036,9.549922,172.4333,45.25564,6.923153,-18.6412,32.48751,1000,34.76984,-84.03099,36,0,583.1777,80,8.95,92.58,322.08
6/25/2036,6.356746,84.94045,66.34376,7.194254,-19.73589,34.1244,1000,34.76984,-84.03099,36,0,554.2496,6,5.44,120.69,361.87
6/26/2036,6.197113,134.321,47.6796,10.51824,-14.75477,35.79126,1000,34.76984,-84.03099,36,0,332.4377,61,9.8,109.19,171.32
6/27/2036,6.590957,290.2098,38.59684,15.59879,-14.74548,45.94307,1000,34.76984,-84.03099,36,0,705.2042,25,7.69,23.44,398.61
6/28/2036,10.8209,303.0401,51.28308,15.96882,-11.37811,43.31574,1000,34.76984,-84.03099,36,0,535.5516,70,0.57,148.42,99.69
6/29/2036,9.940371,152.36,60.34496,10.33401,-19.73091,40.39893,1000,34.76984,-84.03099,36,0,414.2743,20,5.96,180.21,413.13
6/30/2036,5.432359,323.1337,43.23337,15.18048,-18.91393,49.27489,1000,34.76984,-84.03099,36,382,231.932,69,5.91,20.82,403.89
7/1/2036,12.28954,243.1726,48.16237,12.92339,-18.39967,44.24645,1000,34.76984,-84.03099,36,220,682.6703,59,9.95,6.75,57.41
7/2/2036,0.581696,319.1688,49.66129,10.68659,-18.48764,39.86082,1000,34.76984,-84.03099,36,0,576.0639,35,8.09,85.89,442.99
7/3/2036,3.920867,286.5154,59.66606,15.67928,-16.06446,47.42302,1000,34.76984,-84.03099,36,106,679.9247,38,5.93,85.41,250.93
7/4/2036,13.43064,303.4357,49.99369,14.82813,-19.33408,48.99035,1000,34.76984,-84.03099,36,0,612.9205,23,4.54,132.75,183.42
7/5/2036,1.955142,351.544,35.44131,13.34047,-10.73445,37.4154,1000,34.76984,-84.03099,36,0,565.213,62,0.84,115.58,409.78
7/6/2036,18.10079,342.2791,57.44326,12.20713,-15.61951,40.03378,1000,34.76984,-84.03099,36,211,954.392,33,1.19,14.47,70.05
7/7/2036,4.230976,154.5874,47.45378,15.4419,-14.92184,45.80564,1000,34.76984,-84.03099,36,310,462.7097,85,5.6,188.85,99.75
7/8/2036,14.90735,15.95146,42.88245,16.04626,-17.87419,49.96671,1000,34.76984,-84.03099,36,0,508.4482,98,1.34,71.21,57.73
7/9/2036,1.379137,163.6452,44.64943,13.20877,-16.34732,42.76487,1000,34.76984,-84.03099,36,226,546.8737,22,3.06,185.53,426.11
7/10/2036,3.15217,20.18124,65.1015,13.35143,-13.05302,39.75589,1000,34.76984,-84.03099,36,349,252.3349,36,2.86,67.83,352.85
7/11/2036,6.983124,355.7478,62.74234,13.35061,-11.29127,37.99248,1000,34.76984,-84.03099,36,154,318.1071,47,1.16,39.27,208.52
7/12/2036,18.64783,349.0568,59.77124,2.038545,-19.11213,23.18922,1000,34.76984,-84.03099,36,379,430.9713,25,6.85,110.94,125.5
7/13/2036,11.72516,53.0307,46.34998,10.75956,-17.36274,38.88186,1000,34.76984,-84.03099,36,295,612.6385,54,8.68,132.91,321.37
7/14/2036,4.968574,205.9093,46.61937,14.28693,-18.31829,46.89215,1000,34.76984,-84.03099,36,250,526.3925,87,6,15.73,210.99
7/15/2036,0.3156328,183.2213,65.59988,7.651285,-18.89664,34.19921,1000,34.76984,-84.03099,36,0,200.7402,0,1.25,183.09,302.32
7/16/2036,7.018169,233.3662,56.89212,11.00732,-19.20272,41.21736,1000,34.76984,-84.03099,36,0,382.8059,75,3.32,20.56,420.59
7/17/2036,9.968304,339.4571,64.23801,12.99626,-18.56306,44.55559,1000,34.76984,-84.03099,36,0,390.3722,26,6.11,102.11,104.43
7/18/2036,11.10344,202.8365,48.21324,10.23587,-17.44552,37.91727,1000,34.76984,-84.03099,36,319,560.8547,31,3.84,94.81,179.97
7/19/2036,18.30373,19.53953,28.51198,12.87307,-19.00797,44.75411,1000,34.76984,-84.03099,36,0,769.2864,62,9.71,190.74,174.61
7/20/2036,16.77406,36.75571,30.9557,17.40082,-14.42664,49.22828,1000,34.76984,-84.03099,36,0,296.7999,71,1.15,98.18,304.8
7/21/2036,6.018559,111.6786,57.3386,7.419221,-17.68839,32.52683,1000,34.76984,-84.03099,36,336,657.2267,62,1.51,150.08,99.05
7/22/2036,15.09079,342.2761,57.89525,15.26495,-18.68203,49.21193,1000,34.76984,-84.03099,36,150,727.412,39,9.14,65.15,417.37
7/23/2036,17.01461,163.7494,61.63901,15.28862,-15.74512,46.32235,1000,34.76984,-84.03099,36,379,197.5767,30,0.62,45.16,302.92
7/24/2036,4.657414,312.8777,50.81298,17.48758,-12.89866,47.87381,1000,34.76984,-84.03099,36,0,430.7323,33,5.79,16.36,343.55
7/25/2036,7.312637,35.62162,45.98262,10.03991,-17.77917,37.85899,1000,34.76984,-84.03099,36,145,458.7609,17,2.79,36.05,42.61
7/26/2036,2.293246,53.99664,67.77184,14.87387,-12.48968,42.23741,1000,34.76984,-84.03099,36,0,583.0015,41,9.22,130.46,371.46
7/27/2036,9.1196,27.02074,41.20699,4.85633,-14.01423,23.72689,1000,34.76984,-84.03099,36,0,289.5282,99,5.49,181.12,389.7
7/28/2036,19.96401,225.8407,42.31573,17.62724,-13.74676,49.00124,1000,34.76984,-84.03099,36,303,279.8822,77,9.12,106.22,85.84
7/29/2036,3.54883,196.963,46.48813,14.62604,-16.03217,45.28425,1000,34.76984,-84.03099,36,0,543.1343,22,9.37,174.05,291.93
7/30/2036,18.10857,45.51709,48.68944,16.64662,-15.84062,49.13386,1000,34.76984,-84.03099,36,104,692.9946,8,0.33,8.04,342.25
7/31/2036,12.67657,23.96148,46.18091,14.35538,-13.99986,42.71061,1000,34.76984,-84.03099,36,0,596.8682,46,7.18,93.78,407.41
8/1/2036,17.39777,90.80833,54.33701,-2.695073,-19.64726,14.25712,1000,34.76984,-84.03099,36,0,615.1154,4,4.32,14.42,440.03
2036-08-02,0.1977587,329.2763,66.25057,15.69202,-17.56327,48.94731,1000,34.76984,-84.03099,36,0,855.0575,36,5.59,18.00,191.67
2036-08-03,17.90873,202.0527,49.43881,12.89392,-19.32635,45.11418,1000,34.76984,-84.03099,36,98,216.4191,40,8.82,187.20,238.29
2036-08-04,9.087277,278.8253,46.82901,13.51962,-19.64793,46.68717,1000,34.76984,-84.03099,36,408,759.2802,61,9.58,190.61,131.02
2036-08-05,4.858918,264.2468,83.14574,16.16595,-17.37279,49.70469,1000,34.76984,-84.03099,36,0,675.27,35,0.44,71.65,390.24
2036-08-06,17.29638,285.8271,39.48152,9.035153,-19.30704,37.37735,1000,34.76984,-84.03099,36,0,380.2051,6,9.43,17.04,46.82
2036-08-07,12.39248,305.1454,44.32752,12.45828,-15.26987,40.18644,1000,34.76984,-84.03099,36,0,368.942,66,7.72,118.00,481.02
2036-08-08,16.17751,238.8897,39.04444,14.31253,-16.16488,44.78995,1000,34.76984,-84.03099,36,0,261.2526,2,8.08,73.92,385.62
2036-08-09,11.23826,202.3912,43.70504,11.33679,-16.94713,39.62071,1000,34.76984,-84.03099,36,55,521.9347,5,4.36,7.19,493.82
2036-08-10,16.37816,222.3772,44.20609,16.01625,-16.14221,48.17471,1000,34.76984,-84.03099,36,394,772.6346,45,5.75,144.53,114.87
2036-08-11,13.90174,135.6333,48.17089,14.45818,-17.72316,46.63953,1000,34.76984,-84.03099,36,182,441.0356,73,6.57,45.60,176.13
2036-08-12,16.84968,260.3739,72.78172,13.30641,-16.1944,42.80722,1000,34.76984,-84.03099,36,264,626.6693,51,3.54,14.92,431.89
2036-08-13,3.34574,333.6272,49.47214,13.3232,-17.11617,43.76258,1000,34.76984,-84.03099,36,149,692.959,63,6.93,82.60,419.73
2036-08-14,14.74009,214.6911,50.22442,15.1267,-18.46434,48.71774,1000,34.76984,-84.03099,36,281,210.6523,8,0.61,15.56,454.53
2036-08-15,17.69532,14.53684,48.66159,16.01754,-17.45463,49.48971,1000,34.76984,-84.03099,36,131,764.8168,94,8.11,177.29,276.71
2036-08-16,8.621811,161.1113,65.72675,9.289203,-18.80894,37.38734,1000,34.76984,-84.03099,36,419,174.3979,72,3.58,70.84,16.48
2036-08-17,1.064243,64.70192,47.19117,11.28205,-17.74026,40.30436,1000,34.76984,-84.03099,36,220,425.5862,67,5.55,12.34,227.46
2036-08-18,4.60042,16.0024,50.73538,14.69022,-14.40524,43.78568,1000,34.76984,-84.03099,36,336,427.6443,45,0.11,41.29,375.74
